"","V1","V2","Rsqure","V4","formula","period"
"9","a9888","AG0","0.414030990220874","0.507334491158822","index.data$a9888* (-1)+index.data$AG0*(0.507334491158822)","20140101T20151231"
"91","a9888","AG0","0.487625967432305","0.273441481889486","index.data$a9888* (-1)+index.data$AG0*(0.273441481889486)","20130101T20151231"
"92","a9888","AG0","0.497556487470987","0.191182291710118","index.data$a9888* (-1)+index.data$AG0*(0.191182291710118)","20120101T20151231"
"93","a9888","AG0","0.497556487470987","0.191182291710118","index.data$a9888* (-1)+index.data$AG0*(0.191182291710118)","20110101T20151231"
"94","a9888","AG0","0.497556487470987","0.191182291710118","index.data$a9888* (-1)+index.data$AG0*(0.191182291710118)","20100101T20151231"
"95","a9888","AG0","0.497556487470987","0.191182291710118","index.data$a9888* (-1)+index.data$AG0*(0.191182291710118)","20090101T20161231"
"96","a9888","AG0","0.497556487470987","0.191182291710118","index.data$a9888* (-1)+index.data$AG0*(0.191182291710118)","20080101T20161231"
"97","a9888","AG0","0.497556487470987","0.191182291710118","index.data$a9888* (-1)+index.data$AG0*(0.191182291710118)","20070101T20161231"
"3","a9888","c9888","0.489087265591506","0.890459660719671","index.data$a9888* (-1)+index.data$c9888*(0.890459660719671)","20140101T20151231"
"310","a9888","c9888","0.497236055737463","1.09548023553803","index.data$a9888* (-1)+index.data$c9888*(1.09548023553803)","20130101T20151231"
"312","a9888","c9888","0.472008232983264","1.17415425394003","index.data$a9888* (-1)+index.data$c9888*(1.17415425394003)","20120101T20151231"
"314","a9888","c9888","0.473598727159649","1.1793831271609","index.data$a9888* (-1)+index.data$c9888*(1.1793831271609)","20110101T20151231"
"316","a9888","c9888","0.633388632873912","1.23241040408215","index.data$a9888* (-1)+index.data$c9888*(1.23241040408215)","20100101T20151231"
"318","a9888","c9888","0.792185172164458","1.27047777868195","index.data$a9888* (-1)+index.data$c9888*(1.27047777868195)","20090101T20161231"
"320","a9888","c9888","0.538704865224076","1.08982477564802","index.data$a9888* (-1)+index.data$c9888*(1.08982477564802)","20080101T20161231"
"327","a9888","c9888","0.541183423494165","1.163140386075","index.data$a9888* (-1)+index.data$c9888*(1.163140386075)","20070101T20161231"
"6","a9888","l9888","0.456328964348166","0.158078943507527","index.data$a9888* (-1)+index.data$l9888*(0.158078943507527)","20140101T20151231"
"61","a9888","l9888","0.46414683589959","0.178911395664524","index.data$a9888* (-1)+index.data$l9888*(0.178911395664524)","20130101T20151231"
"62","a9888","l9888","0.398035544267382","0.184158142281169","index.data$a9888* (-1)+index.data$l9888*(0.184158142281169)","20120101T20151231"
"63","a9888","l9888","0.366462129303794","0.154933763605338","index.data$a9888* (-1)+index.data$l9888*(0.154933763605338)","20110101T20151231"
"64","a9888","l9888","0.125310367193514","0.098041541800819","index.data$a9888* (-1)+index.data$l9888*(0.098041541800819)","20100101T20151231"
"65","a9888","l9888","0.12985472774644","0.125423215882441","index.data$a9888* (-1)+index.data$l9888*(0.125423215882441)","20090101T20161231"
"66","a9888","l9888","0.251773399887398","0.132140286196671","index.data$a9888* (-1)+index.data$l9888*(0.132140286196671)","20080101T20161231"
"67","a9888","l9888","0.208767739643846","0.116167550710767","index.data$a9888* (-1)+index.data$l9888*(0.116167550710767)","20070101T20161231"
"2","a9888","m9888","0.455576991828906","0.502830860377366","index.data$a9888* (-1)+index.data$m9888*(0.502830860377366)","20140101T20151231"
"210","a9888","m9888","0.514639349767779","0.56702756032652","index.data$a9888* (-1)+index.data$m9888*(0.56702756032652)","20130101T20151231"
"212","a9888","m9888","0.581208151237144","0.54155705713645","index.data$a9888* (-1)+index.data$m9888*(0.54155705713645)","20120101T20151231"
"214","a9888","m9888","0.58231611047265","0.537280629610743","index.data$a9888* (-1)+index.data$m9888*(0.537280629610743)","20110101T20151231"
"216","a9888","m9888","0.558785777092793","0.614295769334104","index.data$a9888* (-1)+index.data$m9888*(0.614295769334104)","20100101T20151231"
"218","a9888","m9888","0.538406173322953","0.78037965157695","index.data$a9888* (-1)+index.data$m9888*(0.78037965157695)","20090101T20161231"
"220","a9888","m9888","0.567291376650871","0.830939409973348","index.data$a9888* (-1)+index.data$m9888*(0.830939409973348)","20080101T20161231"
"227","a9888","m9888","0.594708393198778","0.962733316763953","index.data$a9888* (-1)+index.data$m9888*(0.962733316763953)","20070101T20161231"
"7","a9888","p9888","0.366312358622447","0.300715634838193","index.data$a9888* (-1)+index.data$p9888*(0.300715634838193)","20140101T20151231"
"71","a9888","p9888","0.535155555240819","0.323604473934954","index.data$a9888* (-1)+index.data$p9888*(0.323604473934954)","20130101T20151231"
"72","a9888","p9888","0.322146158363936","0.14007191996715","index.data$a9888* (-1)+index.data$p9888*(0.14007191996715)","20120101T20151231"
"73","a9888","p9888","0.192734383826525","0.0764625889556689","index.data$a9888* (-1)+index.data$p9888*(0.0764625889556689)","20110101T20151231"
"74","a9888","p9888","0.107734272441289","0.0661329096615245","index.data$a9888* (-1)+index.data$p9888*(0.0661329096615245)","20100101T20151231"
"75","a9888","p9888","0.127578462693962","0.0967313550291897","index.data$a9888* (-1)+index.data$p9888*(0.0967313550291897)","20090101T20161231"
"76","a9888","p9888","0.229901622484975","0.12188970184569","index.data$a9888* (-1)+index.data$p9888*(0.12188970184569)","20080101T20161231"
"77","a9888","p9888","0.233269558991531","0.121471200672839","index.data$a9888* (-1)+index.data$p9888*(0.121471200672839)","20070101T20161231"
"10","a9888","RB0","0.576108987050498","0.402946216215423","index.data$a9888* (-1)+index.data$RB0*(0.402946216215423)","20140101T20151231"
"101","a9888","RB0","0.666303929403547","0.347432636940144","index.data$a9888* (-1)+index.data$RB0*(0.347432636940144)","20130101T20151231"
"102","a9888","RB0","0.520225875931185","0.279438765628748","index.data$a9888* (-1)+index.data$RB0*(0.279438765628748)","20120101T20151231"
"103","a9888","RB0","0.341156985236433","0.174692523294671","index.data$a9888* (-1)+index.data$RB0*(0.174692523294671)","20110101T20151231"
"104","a9888","RB0","0.0717974330690983","0.0891108243673988","index.data$a9888* (-1)+index.data$RB0*(0.0891108243673988)","20100101T20151231"
"105","a9888","RB0","0.0200501654008637","0.059054674530725","index.data$a9888* (-1)+index.data$RB0*(0.059054674530725)","20090101T20161231"
"106","a9888","RB0","0.0200501654008637","0.059054674530725","index.data$a9888* (-1)+index.data$RB0*(0.059054674530725)","20080101T20161231"
"107","a9888","RB0","0.0200501654008637","0.059054674530725","index.data$a9888* (-1)+index.data$RB0*(0.059054674530725)","20070101T20161231"
"4","a9888","SR888","0.556545302670639","-0.53956502957171","index.data$a9888* (-1)+index.data$SR888*(-0.53956502957171)","20140101T20151231"
"410","a9888","SR888","0.150103446892265","-0.334165594733075","index.data$a9888* (-1)+index.data$SR888*(-0.334165594733075)","20130101T20151231"
"413","a9888","SR888","0.0077195793219651","-0.050090899151375","index.data$a9888* (-1)+index.data$SR888*(-0.050090899151375)","20120101T20151231"
"415","a9888","SR888","0.00036321686333179","0.00653270188321132","index.data$a9888* (-1)+index.data$SR888*(0.00653270188321132)","20110101T20151231"
"417","a9888","SR888","0.0150312531695264","0.0476954242446518","index.data$a9888* (-1)+index.data$SR888*(0.0476954242446518)","20100101T20151231"
"419","a9888","SR888","0.201997652453626","0.197485641861521","index.data$a9888* (-1)+index.data$SR888*(0.197485641861521)","20090101T20161231"
"420","a9888","SR888","0.149111448113149","0.163781001100242","index.data$a9888* (-1)+index.data$SR888*(0.163781001100242)","20080101T20161231"
"428","a9888","SR888","0.222403715332254","0.220943287265291","index.data$a9888* (-1)+index.data$SR888*(0.220943287265291)","20070101T20161231"
"5","a9888","TA888","0.44497888052822","0.198674425821109","index.data$a9888* (-1)+index.data$TA888*(0.198674425821109)","20140101T20151231"
"56","a9888","TA888","0.601033501997407","0.171991914894839","index.data$a9888* (-1)+index.data$TA888*(0.171991914894839)","20130101T20151231"
"57","a9888","TA888","0.514421850390627","0.148620160171101","index.data$a9888* (-1)+index.data$TA888*(0.148620160171101)","20120101T20151231"
"58","a9888","TA888","0.313806836830613","0.0841223873159848","index.data$a9888* (-1)+index.data$TA888*(0.0841223873159848)","20110101T20151231"
"59","a9888","TA888","0.150543803505485","0.0678814267957559","index.data$a9888* (-1)+index.data$TA888*(0.0678814267957559)","20100101T20151231"
"510","a9888","TA888","0.131350500514382","0.0855882638244976","index.data$a9888* (-1)+index.data$TA888*(0.0855882638244976)","20090101T20161231"
"517","a9888","TA888","0.189020980435899","0.115638386785141","index.data$a9888* (-1)+index.data$TA888*(0.115638386785141)","20080101T20161231"
"519","a9888","TA888","0.0660007641578891","0.0811592520707702","index.data$a9888* (-1)+index.data$TA888*(0.0811592520707702)","20070101T20161231"
"8","a9888","v9888","0.587500632313692","0.423666225371948","index.data$a9888* (-1)+index.data$v9888*(0.423666225371948)","20140101T20151231"
"81","a9888","v9888","0.672440256571635","0.384712252737985","index.data$a9888* (-1)+index.data$v9888*(0.384712252737985)","20130101T20151231"
"82","a9888","v9888","0.575832582911836","0.337725091775729","index.data$a9888* (-1)+index.data$v9888*(0.337725091775729)","20120101T20151231"
"83","a9888","v9888","0.299998479755871","0.158707480089029","index.data$a9888* (-1)+index.data$v9888*(0.158707480089029)","20110101T20151231"
"84","a9888","v9888","0.0440116084787157","0.0640542246819232","index.data$a9888* (-1)+index.data$v9888*(0.0640542246819232)","20100101T20151231"
"85","a9888","v9888","0.0127000413100423","0.0407658668193116","index.data$a9888* (-1)+index.data$v9888*(0.0407658668193116)","20090101T20161231"
"86","a9888","v9888","0.0127000413100423","0.0407658668193116","index.data$a9888* (-1)+index.data$v9888*(0.0407658668193116)","20080101T20161231"
"87","a9888","v9888","0.0127000413100423","0.0407658668193116","index.data$a9888* (-1)+index.data$v9888*(0.0407658668193116)","20070101T20161231"
"1","a9888","y9888","0.251905881646697","0.268127465285438","index.data$a9888* (-1)+index.data$y9888*(0.268127465285438)","20140101T20151231"
"110","a9888","y9888","0.506168121503342","0.239649746113423","index.data$a9888* (-1)+index.data$y9888*(0.239649746113423)","20130101T20151231"
"113","a9888","y9888","0.396032418546611","0.128605953226173","index.data$a9888* (-1)+index.data$y9888*(0.128605953226173)","20120101T20151231"
"115","a9888","y9888","0.275286499054074","0.0841158761967298","index.data$a9888* (-1)+index.data$y9888*(0.0841158761967298)","20110101T20151231"
"117","a9888","y9888","0.189735316118758","0.0821947156012725","index.data$a9888* (-1)+index.data$y9888*(0.0821947156012725)","20100101T20151231"
"119","a9888","y9888","0.188473914013867","0.110055828714293","index.data$a9888* (-1)+index.data$y9888*(0.110055828714293)","20090101T20161231"
"120","a9888","y9888","0.266323205901451","0.127283942354774","index.data$a9888* (-1)+index.data$y9888*(0.127283942354774)","20080101T20161231"
"127","a9888","y9888","0.24507243295982","0.144516765910121","index.data$a9888* (-1)+index.data$y9888*(0.144516765910121)","20070101T20161231"
"55","AG0","RB0","0.829864850852432","0.614240106284227","index.data$AG0* (-1)+index.data$RB0*(0.614240106284227)","20140101T20151231"
"551","AG0","RB0","0.670310345134376","0.890838517207891","index.data$AG0* (-1)+index.data$RB0*(0.890838517207891)","20130101T20151231"
"552","AG0","RB0","0.588870679255581","1.20640350543991","index.data$AG0* (-1)+index.data$RB0*(1.20640350543991)","20120101T20151231"
"553","AG0","RB0","0.588870679255581","1.20640350543991","index.data$AG0* (-1)+index.data$RB0*(1.20640350543991)","20110101T20151231"
"554","AG0","RB0","0.588870679255581","1.20640350543991","index.data$AG0* (-1)+index.data$RB0*(1.20640350543991)","20100101T20151231"
"555","AG0","RB0","0.588870679255581","1.20640350543991","index.data$AG0* (-1)+index.data$RB0*(1.20640350543991)","20090101T20161231"
"556","AG0","RB0","0.588870679255581","1.20640350543991","index.data$AG0* (-1)+index.data$RB0*(1.20640350543991)","20080101T20161231"
"557","AG0","RB0","0.588870679255581","1.20640350543991","index.data$AG0* (-1)+index.data$RB0*(1.20640350543991)","20070101T20161231"
"33","c9888","AG0","0.265802831472221","0.317831289924901","index.data$c9888* (-1)+index.data$AG0*(0.317831289924901)","20140101T20151231"
"331","c9888","AG0","0.189726115994496","0.109362604616238","index.data$c9888* (-1)+index.data$AG0*(0.109362604616238)","20130101T20151231"
"332","c9888","AG0","0.160306662209279","0.0630619031086605","index.data$c9888* (-1)+index.data$AG0*(0.0630619031086605)","20120101T20151231"
"333","c9888","AG0","0.160306662209279","0.0630619031086605","index.data$c9888* (-1)+index.data$AG0*(0.0630619031086605)","20110101T20151231"
"334","c9888","AG0","0.160306662209279","0.0630619031086605","index.data$c9888* (-1)+index.data$AG0*(0.0630619031086605)","20100101T20151231"
"335","c9888","AG0","0.160306662209279","0.0630619031086605","index.data$c9888* (-1)+index.data$AG0*(0.0630619031086605)","20090101T20161231"
"336","c9888","AG0","0.160306662209279","0.0630619031086605","index.data$c9888* (-1)+index.data$AG0*(0.0630619031086605)","20080101T20161231"
"337","c9888","AG0","0.160306662209279","0.0630619031086605","index.data$c9888* (-1)+index.data$AG0*(0.0630619031086605)","20070101T20161231"
"30","c9888","l9888","0.352379221809976","0.109098575663723","index.data$c9888* (-1)+index.data$l9888*(0.109098575663723)","20140101T20151231"
"301","c9888","l9888","0.362747894313934","0.101809784096744","index.data$c9888* (-1)+index.data$l9888*(0.101809784096744)","20130101T20151231"
"302","c9888","l9888","0.354635627368857","0.101711675875369","index.data$c9888* (-1)+index.data$l9888*(0.101711675875369)","20120101T20151231"
"303","c9888","l9888","0.327887406913711","0.0855153823758836","index.data$c9888* (-1)+index.data$l9888*(0.0855153823758836)","20110101T20151231"
"304","c9888","l9888","0.0638551016734738","0.0451953972407276","index.data$c9888* (-1)+index.data$l9888*(0.0451953972407276)","20100101T20151231"
"305","c9888","l9888","0.0666521394475684","0.0629509628728396","index.data$c9888* (-1)+index.data$l9888*(0.0629509628728396)","20090101T20161231"
"306","c9888","l9888","0.00209666243570757","0.00812107179906591","index.data$c9888* (-1)+index.data$l9888*(0.00812107179906591)","20080101T20161231"
"307","c9888","l9888","0.0037484518308284","-0.0109197470515755","index.data$c9888* (-1)+index.data$l9888*(-0.0109197470515755)","20070101T20161231"
"31","c9888","p9888","0.281685257828173","0.206334654870362","index.data$c9888* (-1)+index.data$p9888*(0.206334654870362)","20140101T20151231"
"311","c9888","p9888","0.308878621968744","0.157656874335459","index.data$c9888* (-1)+index.data$p9888*(0.157656874335459)","20130101T20151231"
"313","c9888","p9888","0.190792231061919","0.0628268624432059","index.data$c9888* (-1)+index.data$p9888*(0.0628268624432059)","20120101T20151231"
"315","c9888","p9888","0.122106276492092","0.0353789860280211","index.data$c9888* (-1)+index.data$p9888*(0.0353789860280211)","20110101T20151231"
"317","c9888","p9888","0.0465766609128112","0.0280405578750187","index.data$c9888* (-1)+index.data$p9888*(0.0280405578750187)","20100101T20151231"
"319","c9888","p9888","0.0715222275656144","0.0507165433686839","index.data$c9888* (-1)+index.data$p9888*(0.0507165433686839)","20090101T20161231"
"3110","c9888","p9888","0.00878379221615425","0.0160418500457033","index.data$c9888* (-1)+index.data$p9888*(0.0160418500457033)","20080101T20161231"
"3111","c9888","p9888","0.00334569953297667","0.00997079945557851","index.data$c9888* (-1)+index.data$p9888*(0.00997079945557851)","20070101T20161231"
"34","c9888","RB0","0.438416892206186","0.276217417226718","index.data$c9888* (-1)+index.data$RB0*(0.276217417226718)","20140101T20151231"
"341","c9888","RB0","0.372367552950205","0.167156131392998","index.data$c9888* (-1)+index.data$RB0*(0.167156131392998)","20130101T20151231"
"342","c9888","RB0","0.350773377413145","0.134210973468441","index.data$c9888* (-1)+index.data$RB0*(0.134210973468441)","20120101T20151231"
"343","c9888","RB0","0.238328809595866","0.0851614515738338","index.data$c9888* (-1)+index.data$RB0*(0.0851614515738338)","20110101T20151231"
"344","c9888","RB0","0.0141429316890182","0.0255238634860315","index.data$c9888* (-1)+index.data$RB0*(0.0255238634860315)","20100101T20151231"
"345","c9888","RB0","2.49996593839982e-07","0.000146607199270737","index.data$c9888* (-1)+index.data$RB0*(0.000146607199270737)","20090101T20161231"
"346","c9888","RB0","2.49996593839982e-07","0.000146607199270737","index.data$c9888* (-1)+index.data$RB0*(0.000146607199270737)","20080101T20161231"
"347","c9888","RB0","2.49996593839982e-07","0.000146607199270737","index.data$c9888* (-1)+index.data$RB0*(0.000146607199270737)","20070101T20161231"
"28","c9888","SR888","0.264967913449261","-0.290551793694229","index.data$c9888* (-1)+index.data$SR888*(-0.290551793694229)","20140101T20151231"
"281","c9888","SR888","0.145339825434605","-0.210282042358894","index.data$c9888* (-1)+index.data$SR888*(-0.210282042358894)","20130101T20151231"
"282","c9888","SR888","0.00631254186393923","-0.0263365507112329","index.data$c9888* (-1)+index.data$SR888*(-0.0263365507112329)","20120101T20151231"
"283","c9888","SR888","7.73034118448927e-05","0.00174805891036936","index.data$c9888* (-1)+index.data$SR888*(0.00174805891036936)","20110101T20151231"
"284","c9888","SR888","0.013440023284174","0.0290444528585113","index.data$c9888* (-1)+index.data$SR888*(0.0290444528585113)","20100101T20151231"
"285","c9888","SR888","0.212834214234305","0.141900179024355","index.data$c9888* (-1)+index.data$SR888*(0.141900179024355)","20090101T20161231"
"286","c9888","SR888","0.365054275347911","0.172537056773191","index.data$c9888* (-1)+index.data$SR888*(0.172537056773191)","20080101T20161231"
"287","c9888","SR888","0.458102020575994","0.20054305967721","index.data$c9888* (-1)+index.data$SR888*(0.20054305967721)","20070101T20161231"
"29","c9888","TA888","0.223137853852653","0.109895597049854","index.data$c9888* (-1)+index.data$TA888*(0.109895597049854)","20140101T20151231"
"291","c9888","TA888","0.239686971915016","0.0695528865780619","index.data$c9888* (-1)+index.data$TA888*(0.0695528865780619)","20130101T20151231"
"292","c9888","TA888","0.253899055402487","0.0607812340217782","index.data$c9888* (-1)+index.data$TA888*(0.0607812340217782)","20120101T20151231"
"293","c9888","TA888","0.175302529530706","0.0365073333829675","index.data$c9888* (-1)+index.data$TA888*(0.0365073333829675)","20110101T20151231"
"294","c9888","TA888","0.049771623582263","0.0251468281967059","index.data$c9888* (-1)+index.data$TA888*(0.0251468281967059)","20100101T20151231"
"295","c9888","TA888","0.0525222578997218","0.0378864358279284","index.data$c9888* (-1)+index.data$TA888*(0.0378864358279284)","20090101T20161231"
"296","c9888","TA888","0.0493343564091609","0.0397697588325894","index.data$c9888* (-1)+index.data$TA888*(0.0397697588325894)","20080101T20161231"
"297","c9888","TA888","0.0135576833220246","0.0232571684654847","index.data$c9888* (-1)+index.data$TA888*(0.0232571684654847)","20070101T20161231"
"32","c9888","v9888","0.494253488737972","0.305271383266785","index.data$c9888* (-1)+index.data$v9888*(0.305271383266785)","20140101T20151231"
"321","c9888","v9888","0.418243386841767","0.19527623645101","index.data$c9888* (-1)+index.data$v9888*(0.19527623645101)","20130101T20151231"
"322","c9888","v9888","0.40144775047692","0.164951244197992","index.data$c9888* (-1)+index.data$v9888*(0.164951244197992)","20120101T20151231"
"323","c9888","v9888","0.2237879147927","0.0799635589863686","index.data$c9888* (-1)+index.data$v9888*(0.0799635589863686)","20110101T20151231"
"324","c9888","v9888","0.00565317644223688","0.0148237465553385","index.data$c9888* (-1)+index.data$v9888*(0.0148237465553385)","20100101T20151231"
"325","c9888","v9888","0.000407073832923993","-0.00517104977195088","index.data$c9888* (-1)+index.data$v9888*(-0.00517104977195088)","20090101T20161231"
"326","c9888","v9888","0.000407073832923993","-0.00517104977195088","index.data$c9888* (-1)+index.data$v9888*(-0.00517104977195088)","20080101T20161231"
"328","c9888","v9888","0.000407073832923993","-0.00517104977195088","index.data$c9888* (-1)+index.data$v9888*(-0.00517104977195088)","20070101T20161231"
"48","l9888","AG0","0.739668728902743","2.89324369990386","index.data$l9888* (-1)+index.data$AG0*(2.89324369990386)","20140101T20151231"
"481","l9888","AG0","0.344434381423403","0.873904240296401","index.data$l9888* (-1)+index.data$AG0*(0.873904240296401)","20130101T20151231"
"482","l9888","AG0","0.151516722961246","0.360488393798265","index.data$l9888* (-1)+index.data$AG0*(0.360488393798265)","20120101T20151231"
"483","l9888","AG0","0.151516722961246","0.360488393798265","index.data$l9888* (-1)+index.data$AG0*(0.360488393798265)","20110101T20151231"
"484","l9888","AG0","0.151516722961246","0.360488393798265","index.data$l9888* (-1)+index.data$AG0*(0.360488393798265)","20100101T20151231"
"485","l9888","AG0","0.151516722961246","0.360488393798265","index.data$l9888* (-1)+index.data$AG0*(0.360488393798265)","20090101T20161231"
"486","l9888","AG0","0.151516722961246","0.360488393798265","index.data$l9888* (-1)+index.data$AG0*(0.360488393798265)","20080101T20161231"
"487","l9888","AG0","0.151516722961246","0.360488393798265","index.data$l9888* (-1)+index.data$AG0*(0.360488393798265)","20070101T20161231"
"46","l9888","p9888","0.70037576316922","1.77948376572363","index.data$l9888* (-1)+index.data$p9888*(1.77948376572363)","20140101T20151231"
"461","l9888","p9888","0.623815026197457","1.33207980742718","index.data$l9888* (-1)+index.data$p9888*(1.33207980742718)","20130101T20151231"
"462","l9888","p9888","0.194628487726443","0.37344922140382","index.data$l9888* (-1)+index.data$p9888*(0.37344922140382)","20120101T20151231"
"463","l9888","p9888","0.29205546962028","0.368259904265133","index.data$l9888* (-1)+index.data$p9888*(0.368259904265133)","20110101T20151231"
"464","l9888","p9888","0.322915728220719","0.413277308458894","index.data$l9888* (-1)+index.data$p9888*(0.413277308458894)","20100101T20151231"
"465","l9888","p9888","0.32151303191275","0.440709252429213","index.data$l9888* (-1)+index.data$p9888*(0.440709252429213)","20090101T20161231"
"466","l9888","p9888","0.54106084507311","0.70967313708042","index.data$l9888* (-1)+index.data$p9888*(0.70967313708042)","20080101T20161231"
"467","l9888","p9888","0.551279890022593","0.733635419947363","index.data$l9888* (-1)+index.data$p9888*(0.733635419947363)","20070101T20161231"
"49","l9888","RB0","0.745179919261234","1.95729769295171","index.data$l9888* (-1)+index.data$RB0*(1.95729769295171)","20140101T20151231"
"491","l9888","RB0","0.665822958728725","1.32204609600497","index.data$l9888* (-1)+index.data$RB0*(1.32204609600497)","20130101T20151231"
"492","l9888","RB0","0.46558513777798","0.905320926165052","index.data$l9888* (-1)+index.data$RB0*(0.905320926165052)","20120101T20151231"
"493","l9888","RB0","0.47494294346549","0.805211364289955","index.data$l9888* (-1)+index.data$RB0*(0.805211364289955)","20110101T20151231"
"494","l9888","RB0","0.500100815585429","0.849250910888736","index.data$l9888* (-1)+index.data$RB0*(0.849250910888736)","20100101T20151231"
"495","l9888","RB0","0.496508082576144","0.864184330940353","index.data$l9888* (-1)+index.data$RB0*(0.864184330940353)","20090101T20161231"
"496","l9888","RB0","0.496508082576144","0.864184330940353","index.data$l9888* (-1)+index.data$RB0*(0.864184330940353)","20080101T20161231"
"497","l9888","RB0","0.496508082576144","0.864184330940353","index.data$l9888* (-1)+index.data$RB0*(0.864184330940353)","20070101T20161231"
"47","l9888","v9888","0.855093879843606","2.18785593911983","index.data$l9888* (-1)+index.data$v9888*(2.18785593911983)","20140101T20151231"
"471","l9888","v9888","0.735282834464805","1.53438748521174","index.data$l9888* (-1)+index.data$v9888*(1.53438748521174)","20130101T20151231"
"472","l9888","v9888","0.567334771749368","1.15021935594433","index.data$l9888* (-1)+index.data$v9888*(1.15021935594433)","20120101T20151231"
"473","l9888","v9888","0.548351091637037","0.839781353539541","index.data$l9888* (-1)+index.data$v9888*(0.839781353539541)","20110101T20151231"
"474","l9888","v9888","0.58192833505731","0.841525812309797","index.data$l9888* (-1)+index.data$v9888*(0.841525812309797)","20100101T20151231"
"475","l9888","v9888","0.583691532952027","0.855031651718791","index.data$l9888* (-1)+index.data$v9888*(0.855031651718791)","20090101T20161231"
"476","l9888","v9888","0.583691532952027","0.855031651718791","index.data$l9888* (-1)+index.data$v9888*(0.855031651718791)","20080101T20161231"
"477","l9888","v9888","0.583691532952027","0.855031651718791","index.data$l9888* (-1)+index.data$v9888*(0.855031651718791)","20070101T20161231"
"26","m9888","AG0","0.697242024879713","0.881801885471234","index.data$m9888* (-1)+index.data$AG0*(0.881801885471234)","20140101T20151231"
"261","m9888","AG0","0.398203340901777","0.311876280697479","index.data$m9888* (-1)+index.data$AG0*(0.311876280697479)","20130101T20151231"
"262","m9888","AG0","0.50382112241519","0.270965333575671","index.data$m9888* (-1)+index.data$AG0*(0.270965333575671)","20120101T20151231"
"263","m9888","AG0","0.50382112241519","0.270965333575671","index.data$m9888* (-1)+index.data$AG0*(0.270965333575671)","20110101T20151231"
"264","m9888","AG0","0.50382112241519","0.270965333575671","index.data$m9888* (-1)+index.data$AG0*(0.270965333575671)","20100101T20151231"
"265","m9888","AG0","0.50382112241519","0.270965333575671","index.data$m9888* (-1)+index.data$AG0*(0.270965333575671)","20090101T20161231"
"266","m9888","AG0","0.50382112241519","0.270965333575671","index.data$m9888* (-1)+index.data$AG0*(0.270965333575671)","20080101T20161231"
"267","m9888","AG0","0.50382112241519","0.270965333575671","index.data$m9888* (-1)+index.data$AG0*(0.270965333575671)","20070101T20161231"
"20","m9888","c9888","0.234313137884565","0.827332832727196","index.data$m9888* (-1)+index.data$c9888*(0.827332832727196)","20140101T20151231"
"201","m9888","c9888","0.258787980873653","0.999778069097203","index.data$m9888* (-1)+index.data$c9888*(0.999778069097203)","20130101T20151231"
"202","m9888","c9888","0.229281073605306","1.15195019273595","index.data$m9888* (-1)+index.data$c9888*(1.15195019273595)","20120101T20151231"
"203","m9888","c9888","0.248784134375895","1.21400950176323","index.data$m9888* (-1)+index.data$c9888*(1.21400950176323)","20110101T20151231"
"204","m9888","c9888","0.269148730167703","0.977507298085543","index.data$m9888* (-1)+index.data$c9888*(0.977507298085543)","20100101T20151231"
"205","m9888","c9888","0.311432195371486","0.748902328655387","index.data$m9888* (-1)+index.data$c9888*(0.748902328655387)","20090101T20161231"
"206","m9888","c9888","0.173037855053306","0.559773005561811","index.data$m9888* (-1)+index.data$c9888*(0.559773005561811)","20080101T20161231"
"207","m9888","c9888","0.20722218961901","0.576421464763021","index.data$m9888* (-1)+index.data$c9888*(0.576421464763021)","20070101T20161231"
"23","m9888","l9888","0.740087363575929","0.270231187028921","index.data$m9888* (-1)+index.data$l9888*(0.270231187028921)","20140101T20151231"
"231","m9888","l9888","0.761372974547882","0.289905437874513","index.data$m9888* (-1)+index.data$l9888*(0.289905437874513)","20130101T20151231"
"232","m9888","l9888","0.506435988837715","0.292424601106488","index.data$m9888* (-1)+index.data$l9888*(0.292424601106488)","20120101T20151231"
"233","m9888","l9888","0.495866361971581","0.255971765473974","index.data$m9888* (-1)+index.data$l9888*(0.255971765473974)","20110101T20151231"
"234","m9888","l9888","0.345459654951156","0.198082164234824","index.data$m9888* (-1)+index.data$l9888*(0.198082164234824)","20100101T20151231"
"235","m9888","l9888","0.338752329108931","0.19047280100971","index.data$m9888* (-1)+index.data$l9888*(0.19047280100971)","20090101T20161231"
"236","m9888","l9888","0.442136884132043","0.15872685881994","index.data$m9888* (-1)+index.data$l9888*(0.15872685881994)","20080101T20161231"
"237","m9888","l9888","0.4043909519013","0.14498394259304","index.data$m9888* (-1)+index.data$l9888*(0.14498394259304)","20070101T20161231"
"24","m9888","p9888","0.752494029893139","0.579031275456057","index.data$m9888* (-1)+index.data$p9888*(0.579031275456057)","20140101T20151231"
"241","m9888","p9888","0.642327629835342","0.448738545099833","index.data$m9888* (-1)+index.data$p9888*(0.448738545099833)","20130101T20151231"
"242","m9888","p9888","0.41174645077691","0.223101286924867","index.data$m9888* (-1)+index.data$p9888*(0.223101286924867)","20120101T20151231"
"243","m9888","p9888","0.281801287915163","0.13141146982081","index.data$m9888* (-1)+index.data$p9888*(0.13141146982081)","20110101T20151231"
"244","m9888","p9888","0.25804442780498","0.124458720496128","index.data$m9888* (-1)+index.data$p9888*(0.124458720496128)","20100101T20151231"
"245","m9888","p9888","0.284128263069768","0.135543907903016","index.data$m9888* (-1)+index.data$p9888*(0.135543907903016)","20090101T20161231"
"246","m9888","p9888","0.374315797667749","0.140812104351621","index.data$m9888* (-1)+index.data$p9888*(0.140812104351621)","20080101T20161231"
"247","m9888","p9888","0.377742390993672","0.140091190442468","index.data$m9888* (-1)+index.data$p9888*(0.140091190442468)","20070101T20161231"
"27","m9888","RB0","0.808868658342866","0.639705454091728","index.data$m9888* (-1)+index.data$RB0*(0.639705454091728)","20140101T20151231"
"271","m9888","RB0","0.741786603694124","0.463191403263396","index.data$m9888* (-1)+index.data$RB0*(0.463191403263396)","20130101T20151231"
"272","m9888","RB0","0.517720214342376","0.392078002201589","index.data$m9888* (-1)+index.data$RB0*(0.392078002201589)","20120101T20151231"
"273","m9888","RB0","0.381445374149915","0.262108942707004","index.data$m9888* (-1)+index.data$RB0*(0.262108942707004)","20110101T20151231"
"274","m9888","RB0","0.239030454973832","0.197673013705965","index.data$m9888* (-1)+index.data$RB0*(0.197673013705965)","20100101T20151231"
"275","m9888","RB0","0.19346503127934","0.180749844922938","index.data$m9888* (-1)+index.data$RB0*(0.180749844922938)","20090101T20161231"
"276","m9888","RB0","0.19346503127934","0.180749844922938","index.data$m9888* (-1)+index.data$RB0*(0.180749844922938)","20080101T20161231"
"277","m9888","RB0","0.19346503127934","0.180749844922938","index.data$m9888* (-1)+index.data$RB0*(0.180749844922938)","20070101T20161231"
"21","m9888","SR888","0.428429856376794","-0.634901495088273","index.data$m9888* (-1)+index.data$SR888*(-0.634901495088273)","20140101T20151231"
"211","m9888","SR888","0.175446221946146","-0.456576747911208","index.data$m9888* (-1)+index.data$SR888*(-0.456576747911208)","20130101T20151231"
"213","m9888","SR888","0.00476420057456776","-0.055357101193662","index.data$m9888* (-1)+index.data$SR888*(-0.055357101193662)","20120101T20151231"
"215","m9888","SR888","0.00477578364533021","0.0336229803184473","index.data$m9888* (-1)+index.data$SR888*(0.0336229803184473)","20110101T20151231"
"217","m9888","SR888","0.0192049961215163","0.0655384498742914","index.data$m9888* (-1)+index.data$SR888*(0.0655384498742914)","20100101T20151231"
"219","m9888","SR888","0.0823813367157872","0.118490531259812","index.data$m9888* (-1)+index.data$SR888*(0.118490531259812)","20090101T20161231"
"2110","m9888","SR888","0.0234634014252855","0.0588583345453347","index.data$m9888* (-1)+index.data$SR888*(0.0588583345453347)","20080101T20161231"
"2111","m9888","SR888","0.0534567593781475","0.0867316617718307","index.data$m9888* (-1)+index.data$SR888*(0.0867316617718307)","20070101T20161231"
"22","m9888","TA888","0.709562997210777","0.336217703139606","index.data$m9888* (-1)+index.data$TA888*(0.336217703139606)","20140101T20151231"
"221","m9888","TA888","0.666430468525753","0.229001576514059","index.data$m9888* (-1)+index.data$TA888*(0.229001576514059)","20130101T20151231"
"222","m9888","TA888","0.491754310489021","0.204400576284937","index.data$m9888* (-1)+index.data$TA888*(0.204400576284937)","20120101T20151231"
"223","m9888","TA888","0.351893597895911","0.126453563092673","index.data$m9888* (-1)+index.data$TA888*(0.126453563092673)","20110101T20151231"
"224","m9888","TA888","0.295045005275136","0.115530992863877","index.data$m9888* (-1)+index.data$TA888*(0.115530992863877)","20100101T20151231"
"225","m9888","TA888","0.302036837193167","0.121886644893519","index.data$m9888* (-1)+index.data$TA888*(0.121886644893519)","20090101T20161231"
"226","m9888","TA888","0.357326782698164","0.143950153489775","index.data$m9888* (-1)+index.data$TA888*(0.143950153489775)","20080101T20161231"
"228","m9888","TA888","0.238930306412224","0.123564924885269","index.data$m9888* (-1)+index.data$TA888*(0.123564924885269)","20070101T20161231"
"25","m9888","v9888","0.706086126267409","0.622505346308648","index.data$m9888* (-1)+index.data$v9888*(0.622505346308648)","20140101T20151231"
"251","m9888","v9888","0.703652209091636","0.497451007704049","index.data$m9888* (-1)+index.data$v9888*(0.497451007704049)","20130101T20151231"
"252","m9888","v9888","0.541449356495871","0.460934436503498","index.data$m9888* (-1)+index.data$v9888*(0.460934436503498)","20120101T20151231"
"253","m9888","v9888","0.340285554649226","0.240083990953035","index.data$m9888* (-1)+index.data$v9888*(0.240083990953035)","20110101T20151231"
"254","m9888","v9888","0.193785033265868","0.163424263151088","index.data$m9888* (-1)+index.data$v9888*(0.163424263151088)","20100101T20151231"
"255","m9888","v9888","0.161912193331851","0.150934996625513","index.data$m9888* (-1)+index.data$v9888*(0.150934996625513)","20090101T20161231"
"256","m9888","v9888","0.161912193331851","0.150934996625513","index.data$m9888* (-1)+index.data$v9888*(0.150934996625513)","20080101T20161231"
"257","m9888","v9888","0.161912193331851","0.150934996625513","index.data$m9888* (-1)+index.data$v9888*(0.150934996625513)","20070101T20161231"
"51","p9888","AG0","0.729353575936729","1.35085190782662","index.data$p9888* (-1)+index.data$AG0*(1.35085190782662)","20140101T20151231"
"511","p9888","AG0","0.678403492020905","0.727548936956501","index.data$p9888* (-1)+index.data$AG0*(0.727548936956501)","20130101T20151231"
"512","p9888","AG0","0.753691803198761","0.775666955114733","index.data$p9888* (-1)+index.data$AG0*(0.775666955114733)","20120101T20151231"
"513","p9888","AG0","0.753691803198761","0.775666955114733","index.data$p9888* (-1)+index.data$AG0*(0.775666955114733)","20110101T20151231"
"514","p9888","AG0","0.753691803198761","0.775666955114733","index.data$p9888* (-1)+index.data$AG0*(0.775666955114733)","20100101T20151231"
"515","p9888","AG0","0.753691803198761","0.775666955114733","index.data$p9888* (-1)+index.data$AG0*(0.775666955114733)","20090101T20161231"
"516","p9888","AG0","0.753691803198761","0.775666955114733","index.data$p9888* (-1)+index.data$AG0*(0.775666955114733)","20080101T20161231"
"518","p9888","AG0","0.753691803198761","0.775666955114733","index.data$p9888* (-1)+index.data$AG0*(0.775666955114733)","20070101T20161231"
"52","p9888","RB0","0.826960846065981","0.971966950190998","index.data$p9888* (-1)+index.data$RB0*(0.971966950190998)","20140101T20151231"
"521","p9888","RB0","0.81487071618469","0.869209741113475","index.data$p9888* (-1)+index.data$RB0*(0.869209741113475)","20130101T20151231"
"522","p9888","RB0","0.738887652600643","1.35041212594518","index.data$p9888* (-1)+index.data$RB0*(1.35041212594518)","20120101T20151231"
"523","p9888","RB0","0.847800467526018","1.58126238882977","index.data$p9888* (-1)+index.data$RB0*(1.58126238882977)","20110101T20151231"
"524","p9888","RB0","0.78748776105149","1.46759273305127","index.data$p9888* (-1)+index.data$RB0*(1.46759273305127)","20100101T20151231"
"525","p9888","RB0","0.733061507405879","1.40582102768642","index.data$p9888* (-1)+index.data$RB0*(1.40582102768642)","20090101T20161231"
"526","p9888","RB0","0.733061507405879","1.40582102768642","index.data$p9888* (-1)+index.data$RB0*(1.40582102768642)","20080101T20161231"
"527","p9888","RB0","0.733061507405879","1.40582102768642","index.data$p9888* (-1)+index.data$RB0*(1.40582102768642)","20070101T20161231"
"50","p9888","v9888","0.732922148348025","0.952065120019687","index.data$p9888* (-1)+index.data$v9888*(0.952065120019687)","20140101T20151231"
"501","p9888","v9888","0.71800879763303","0.898937168867918","index.data$p9888* (-1)+index.data$v9888*(0.898937168867918)","20130101T20151231"
"502","p9888","v9888","0.660003995282459","1.46555988329167","index.data$p9888* (-1)+index.data$v9888*(1.46555988329167)","20120101T20151231"
"503","p9888","v9888","0.817498907728708","1.50420421176404","index.data$p9888* (-1)+index.data$v9888*(1.50420421176404)","20110101T20151231"
"504","p9888","v9888","0.753938364175961","1.31651369683043","index.data$p9888* (-1)+index.data$v9888*(1.31651369683043)","20100101T20151231"
"505","p9888","v9888","0.712417908339863","1.27125905595067","index.data$p9888* (-1)+index.data$v9888*(1.27125905595067)","20090101T20161231"
"506","p9888","v9888","0.712417908339863","1.27125905595067","index.data$p9888* (-1)+index.data$v9888*(1.27125905595067)","20080101T20161231"
"507","p9888","v9888","0.712417908339863","1.27125905595067","index.data$p9888* (-1)+index.data$v9888*(1.27125905595067)","20070101T20161231"
"39","SR888","AG0","0.400510742522604","-0.691145555811244","index.data$SR888* (-1)+index.data$AG0*(-0.691145555811244)","20140101T20151231"
"391","SR888","AG0","0.00371042391183269","0.0276872149447544","index.data$SR888* (-1)+index.data$AG0*(0.0276872149447544)","20130101T20151231"
"392","SR888","AG0","0.114686582810848","0.111909331237546","index.data$SR888* (-1)+index.data$AG0*(0.111909331237546)","20120101T20151231"
"393","SR888","AG0","0.114686582810848","0.111909331237546","index.data$SR888* (-1)+index.data$AG0*(0.111909331237546)","20110101T20151231"
"394","SR888","AG0","0.114686582810848","0.111909331237546","index.data$SR888* (-1)+index.data$AG0*(0.111909331237546)","20100101T20151231"
"395","SR888","AG0","0.114686582810848","0.111909331237546","index.data$SR888* (-1)+index.data$AG0*(0.111909331237546)","20090101T20161231"
"396","SR888","AG0","0.114686582810848","0.111909331237546","index.data$SR888* (-1)+index.data$AG0*(0.111909331237546)","20080101T20161231"
"397","SR888","AG0","0.114686582810848","0.111909331237546","index.data$SR888* (-1)+index.data$AG0*(0.111909331237546)","20070101T20161231"
"36","SR888","l9888","0.311148805439547","-0.180739855749647","index.data$SR888* (-1)+index.data$l9888*(-0.180739855749647)","20140101T20151231"
"361","SR888","l9888","0.15308750415024","-0.119306911530954","index.data$SR888* (-1)+index.data$l9888*(-0.119306911530954)","20130101T20151231"
"362","SR888","l9888","0.0248209964921311","-0.0807733666952366","index.data$SR888* (-1)+index.data$l9888*(-0.0807733666952366)","20120101T20151231"
"363","SR888","l9888","0.0493696577371536","0.166081467887053","index.data$SR888* (-1)+index.data$l9888*(0.166081467887053)","20110101T20151231"
"364","SR888","l9888","0.0704779476720172","0.189295568218046","index.data$SR888* (-1)+index.data$l9888*(0.189295568218046)","20100101T20151231"
"365","SR888","l9888","0.117442442542409","0.271870382184696","index.data$SR888* (-1)+index.data$l9888*(0.271870382184696)","20090101T20161231"
"366","SR888","l9888","0.000164731343591171","0.00797534951698399","index.data$SR888* (-1)+index.data$l9888*(0.00797534951698399)","20080101T20161231"
"367","SR888","l9888","0.00507423083097392","-0.0434682138108383","index.data$SR888* (-1)+index.data$l9888*(-0.0434682138108383)","20070101T20161231"
"37","SR888","p9888","0.364203580301037","-0.415708232022383","index.data$SR888* (-1)+index.data$p9888*(-0.415708232022383)","20140101T20151231"
"371","SR888","p9888","0.0427580902781662","-0.106335139576708","index.data$SR888* (-1)+index.data$p9888*(-0.106335139576708)","20130101T20151231"
"372","SR888","p9888","0.334196830339491","0.250997118736555","index.data$SR888* (-1)+index.data$p9888*(0.250997118736555)","20120101T20151231"
"373","SR888","p9888","0.657432969221708","0.41317720702697","index.data$SR888* (-1)+index.data$p9888*(0.41317720702697)","20110101T20151231"
"374","SR888","p9888","0.643295726738811","0.41613087964486","index.data$SR888* (-1)+index.data$p9888*(0.41613087964486)","20100101T20151231"
"375","SR888","p9888","0.567934160598083","0.46484928037877","index.data$SR888* (-1)+index.data$p9888*(0.46484928037877)","20090101T20161231"
"376","SR888","p9888","0.12381697612033","0.211003970991968","index.data$SR888* (-1)+index.data$p9888*(0.211003970991968)","20080101T20161231"
"377","SR888","p9888","0.0978532831008594","0.188035117994345","index.data$SR888* (-1)+index.data$p9888*(0.188035117994345)","20070101T20161231"
"40","SR888","RB0","0.58290985209691","-0.562216869478865","index.data$SR888* (-1)+index.data$RB0*(-0.562216869478865)","20140101T20151231"
"401","SR888","RB0","0.0848318184712457","-0.144001325524713","index.data$SR888* (-1)+index.data$RB0*(-0.144001325524713)","20130101T20151231"
"402","SR888","RB0","0.100820344531376","0.21603806801979","index.data$SR888* (-1)+index.data$RB0*(0.21603806801979)","20120101T20151231"
"403","SR888","RB0","0.442053099206853","0.580516815384109","index.data$SR888* (-1)+index.data$RB0*(0.580516815384109)","20110101T20151231"
"404","SR888","RB0","0.336384165809062","0.496638631428939","index.data$SR888* (-1)+index.data$RB0*(0.496638631428939)","20100101T20151231"
"405","SR888","RB0","0.224021919737968","0.446148995547518","index.data$SR888* (-1)+index.data$RB0*(0.446148995547518)","20090101T20161231"
"406","SR888","RB0","0.224021919737968","0.446148995547518","index.data$SR888* (-1)+index.data$RB0*(0.446148995547518)","20080101T20161231"
"407","SR888","RB0","0.224021919737968","0.446148995547518","index.data$SR888* (-1)+index.data$RB0*(0.446148995547518)","20070101T20161231"
"35","SR888","TA888","0.443161317341257","-0.27393079106651","index.data$SR888* (-1)+index.data$TA888*(-0.27393079106651)","20140101T20151231"
"351","SR888","TA888","0.0396256807673176","-0.0511739781713492","index.data$SR888* (-1)+index.data$TA888*(-0.0511739781713492)","20130101T20151231"
"352","SR888","TA888","0.106802476715047","0.118764836799828","index.data$SR888* (-1)+index.data$TA888*(0.118764836799828)","20120101T20151231"
"353","SR888","TA888","0.466533209979737","0.299238666427638","index.data$SR888* (-1)+index.data$TA888*(0.299238666427638)","20110101T20151231"
"354","SR888","TA888","0.446883424251478","0.300695286795233","index.data$SR888* (-1)+index.data$TA888*(0.300695286795233)","20100101T20151231"
"355","SR888","TA888","0.390681339387095","0.335781727605139","index.data$SR888* (-1)+index.data$TA888*(0.335781727605139)","20090101T20161231"
"356","SR888","TA888","0.240666326048214","0.307462515514974","index.data$SR888* (-1)+index.data$TA888*(0.307462515514974)","20080101T20161231"
"357","SR888","TA888","0.139796476376581","0.251934294214833","index.data$SR888* (-1)+index.data$TA888*(0.251934294214833)","20070101T20161231"
"38","SR888","v9888","0.400149707122257","-0.484516323843662","index.data$SR888* (-1)+index.data$v9888*(-0.484516323843662)","20140101T20151231"
"381","SR888","v9888","0.070594077142238","-0.144801480071973","index.data$SR888* (-1)+index.data$v9888*(-0.144801480071973)","20130101T20151231"
"382","SR888","v9888","0.0793441952035515","0.220556421089095","index.data$SR888* (-1)+index.data$v9888*(0.220556421089095)","20120101T20151231"
"383","SR888","v9888","0.496223610546072","0.596974402298647","index.data$SR888* (-1)+index.data$v9888*(0.596974402298647)","20110101T20151231"
"384","SR888","v9888","0.378332741252002","0.483755059427785","index.data$SR888* (-1)+index.data$v9888*(0.483755059427785)","20100101T20151231"
"385","SR888","v9888","0.280891840606749","0.44340966495297","index.data$SR888* (-1)+index.data$v9888*(0.44340966495297)","20090101T20161231"
"386","SR888","v9888","0.280891840606749","0.44340966495297","index.data$SR888* (-1)+index.data$v9888*(0.44340966495297)","20080101T20161231"
"387","SR888","v9888","0.280891840606749","0.44340966495297","index.data$SR888* (-1)+index.data$v9888*(0.44340966495297)","20070101T20161231"
"44","TA888","AG0","0.844236118280539","2.4340417171722","index.data$TA888* (-1)+index.data$AG0*(2.4340417171722)","20140101T20151231"
"441","TA888","AG0","0.682880530454117","1.45796773615594","index.data$TA888* (-1)+index.data$AG0*(1.45796773615594)","20130101T20151231"
"442","TA888","AG0","0.59753752192862","0.919225897146107","index.data$TA888* (-1)+index.data$AG0*(0.919225897146107)","20120101T20151231"
"443","TA888","AG0","0.59753752192862","0.919225897146107","index.data$TA888* (-1)+index.data$AG0*(0.919225897146107)","20110101T20151231"
"444","TA888","AG0","0.59753752192862","0.919225897146107","index.data$TA888* (-1)+index.data$AG0*(0.919225897146107)","20100101T20151231"
"445","TA888","AG0","0.59753752192862","0.919225897146107","index.data$TA888* (-1)+index.data$AG0*(0.919225897146107)","20090101T20161231"
"446","TA888","AG0","0.59753752192862","0.919225897146107","index.data$TA888* (-1)+index.data$AG0*(0.919225897146107)","20080101T20161231"
"447","TA888","AG0","0.59753752192862","0.919225897146107","index.data$TA888* (-1)+index.data$AG0*(0.919225897146107)","20070101T20161231"
"41","TA888","l9888","0.850980487771337","0.725705480815216","index.data$TA888* (-1)+index.data$l9888*(0.725705480815216)","20140101T20151231"
"411","TA888","l9888","0.673949968110218","0.972918959500082","index.data$TA888* (-1)+index.data$l9888*(0.972918959500082)","20130101T20151231"
"412","TA888","l9888","0.515585317454397","1.01247069757102","index.data$TA888* (-1)+index.data$l9888*(1.01247069757102)","20120101T20151231"
"414","TA888","l9888","0.532518412639513","1.24460979620418","index.data$TA888* (-1)+index.data$l9888*(1.24460979620418)","20110101T20151231"
"416","TA888","l9888","0.553360372020909","1.17922997132274","index.data$TA888* (-1)+index.data$l9888*(1.17922997132274)","20100101T20151231"
"418","TA888","l9888","0.546644226872848","1.0915189090414","index.data$TA888* (-1)+index.data$l9888*(1.0915189090414)","20090101T20161231"
"4110","TA888","l9888","0.428157834983124","0.648415917595238","index.data$TA888* (-1)+index.data$l9888*(0.648415917595238)","20080101T20161231"
"4111","TA888","l9888","0.394641130724018","0.590695901734966","index.data$TA888* (-1)+index.data$l9888*(0.590695901734966)","20070101T20161231"
"42","TA888","p9888","0.712949739090761","1.4143524338699","index.data$TA888* (-1)+index.data$p9888*(1.4143524338699)","20140101T20151231"
"421","TA888","p9888","0.749311251321095","1.73171980302928","index.data$TA888* (-1)+index.data$p9888*(1.73171980302928)","20130101T20151231"
"422","TA888","p9888","0.663540885097516","0.972345377334638","index.data$TA888* (-1)+index.data$p9888*(0.972345377334638)","20120101T20151231"
"423","TA888","p9888","0.800891860745823","1.04008023849025","index.data$TA888* (-1)+index.data$p9888*(1.04008023849025)","20110101T20151231"
"424","TA888","p9888","0.805384965300253","1.03468414950516","index.data$TA888* (-1)+index.data$p9888*(1.03468414950516)","20100101T20151231"
"425","TA888","p9888","0.799829039508397","1.02628399295359","index.data$TA888* (-1)+index.data$p9888*(1.02628399295359)","20090101T20161231"
"426","TA888","p9888","0.659730586189806","0.7766198373336","index.data$TA888* (-1)+index.data$p9888*(0.7766198373336)","20080101T20161231"
"427","TA888","p9888","0.641129363044543","0.755407906349815","index.data$TA888* (-1)+index.data$p9888*(0.755407906349815)","20070101T20161231"
"45","TA888","RB0","0.789278376128257","1.58859791134771","index.data$TA888* (-1)+index.data$RB0*(1.58859791134771)","20140101T20151231"
"451","TA888","RB0","0.909091070129564","1.83432650362832","index.data$TA888* (-1)+index.data$RB0*(1.83432650362832)","20130101T20151231"
"452","TA888","RB0","0.913173825405255","1.79106692390413","index.data$TA888* (-1)+index.data$RB0*(1.79106692390413)","20120101T20151231"
"453","TA888","RB0","0.915731804864889","1.90919849536226","index.data$TA888* (-1)+index.data$RB0*(1.90919849536226)","20110101T20151231"
"454","TA888","RB0","0.876434797373001","1.78426164158605","index.data$TA888* (-1)+index.data$RB0*(1.78426164158605)","20100101T20151231"
"455","TA888","RB0","0.851536745673781","1.7387003172299","index.data$TA888* (-1)+index.data$RB0*(1.7387003172299)","20090101T20161231"
"456","TA888","RB0","0.851536745673781","1.7387003172299","index.data$TA888* (-1)+index.data$RB0*(1.7387003172299)","20080101T20161231"
"457","TA888","RB0","0.851536745673781","1.7387003172299","index.data$TA888* (-1)+index.data$RB0*(1.7387003172299)","20070101T20161231"
"43","TA888","v9888","0.769758330771102","1.63384557563748","index.data$TA888* (-1)+index.data$v9888*(1.63384557563748)","20140101T20151231"
"431","TA888","v9888","0.885323582397778","1.99569137550756","index.data$TA888* (-1)+index.data$v9888*(1.99569137550756)","20130101T20151231"
"432","TA888","v9888","0.912553860073144","2.05711121498783","index.data$TA888* (-1)+index.data$v9888*(2.05711121498783)","20120101T20151231"
"433","TA888","v9888","0.913187751914554","1.84744239496346","index.data$TA888* (-1)+index.data$v9888*(1.84744239496346)","20110101T20151231"
"434","TA888","v9888","0.854554184385879","1.61575393360839","index.data$TA888* (-1)+index.data$v9888*(1.61575393360839)","20100101T20151231"
"435","TA888","v9888","0.836536987682091","1.58234064795037","index.data$TA888* (-1)+index.data$v9888*(1.58234064795037)","20090101T20161231"
"436","TA888","v9888","0.836536987682091","1.58234064795037","index.data$TA888* (-1)+index.data$v9888*(1.58234064795037)","20080101T20161231"
"437","TA888","v9888","0.836536987682091","1.58234064795037","index.data$TA888* (-1)+index.data$v9888*(1.58234064795037)","20070101T20161231"
"53","v9888","AG0","0.712981527145564","1.20153498895529","index.data$v9888* (-1)+index.data$AG0*(1.20153498895529)","20140101T20151231"
"531","v9888","AG0","0.547502569945039","0.615827499302711","index.data$v9888* (-1)+index.data$AG0*(0.615827499302711)","20130101T20151231"
"532","v9888","AG0","0.521526847604444","0.403253239042083","index.data$v9888* (-1)+index.data$AG0*(0.403253239042083)","20120101T20151231"
"533","v9888","AG0","0.521526847604444","0.403253239042083","index.data$v9888* (-1)+index.data$AG0*(0.403253239042083)","20110101T20151231"
"534","v9888","AG0","0.521526847604444","0.403253239042083","index.data$v9888* (-1)+index.data$AG0*(0.403253239042083)","20100101T20151231"
"535","v9888","AG0","0.521526847604444","0.403253239042083","index.data$v9888* (-1)+index.data$AG0*(0.403253239042083)","20090101T20161231"
"536","v9888","AG0","0.521526847604444","0.403253239042083","index.data$v9888* (-1)+index.data$AG0*(0.403253239042083)","20080101T20161231"
"537","v9888","AG0","0.521526847604444","0.403253239042083","index.data$v9888* (-1)+index.data$AG0*(0.403253239042083)","20070101T20161231"
"54","v9888","RB0","0.848407531594172","0.885111021317782","index.data$v9888* (-1)+index.data$RB0*(0.885111021317782)","20140101T20151231"
"541","v9888","RB0","0.913409236308923","0.86742807505955","index.data$v9888* (-1)+index.data$RB0*(0.86742807505955)","20130101T20151231"
"542","v9888","RB0","0.922163504388258","0.83630410937505","index.data$v9888* (-1)+index.data$RB0*(0.83630410937505)","20120101T20151231"
"543","v9888","RB0","0.919443509963493","0.98958655751412","index.data$v9888* (-1)+index.data$RB0*(0.98958655751412)","20110101T20151231"
"544","v9888","RB0","0.913442000015713","1.04218926920242","index.data$v9888* (-1)+index.data$RB0*(1.04218926920242)","20100101T20151231"
"545","v9888","RB0","0.913164879793183","1.03967104681928","index.data$v9888* (-1)+index.data$RB0*(1.03967104681928)","20090101T20161231"
"546","v9888","RB0","0.913164879793183","1.03967104681928","index.data$v9888* (-1)+index.data$RB0*(1.03967104681928)","20080101T20161231"
"547","v9888","RB0","0.913164879793183","1.03967104681928","index.data$v9888* (-1)+index.data$RB0*(1.03967104681928)","20070101T20161231"
"18","y9888","AG0","0.728427399725734","1.25815153992525","index.data$y9888* (-1)+index.data$AG0*(1.25815153992525)","20140101T20151231"
"181","y9888","AG0","0.830458316177637","1.05915493692446","index.data$y9888* (-1)+index.data$AG0*(1.05915493692446)","20130101T20151231"
"182","y9888","AG0","0.871026015203229","1.10450167259711","index.data$y9888* (-1)+index.data$AG0*(1.10450167259711)","20120101T20151231"
"183","y9888","AG0","0.871026015203229","1.10450167259711","index.data$y9888* (-1)+index.data$AG0*(1.10450167259711)","20110101T20151231"
"184","y9888","AG0","0.871026015203229","1.10450167259711","index.data$y9888* (-1)+index.data$AG0*(1.10450167259711)","20100101T20151231"
"185","y9888","AG0","0.871026015203229","1.10450167259711","index.data$y9888* (-1)+index.data$AG0*(1.10450167259711)","20090101T20161231"
"186","y9888","AG0","0.871026015203229","1.10450167259711","index.data$y9888* (-1)+index.data$AG0*(1.10450167259711)","20080101T20161231"
"187","y9888","AG0","0.871026015203229","1.10450167259711","index.data$y9888* (-1)+index.data$AG0*(1.10450167259711)","20070101T20161231"
"12","y9888","c9888","0.12501723279957","0.842252436748343","index.data$y9888* (-1)+index.data$c9888*(0.842252436748343)","20140101T20151231"
"121","y9888","c9888","0.176913828505371","1.94008627685424","index.data$y9888* (-1)+index.data$c9888*(1.94008627685424)","20130101T20151231"
"122","y9888","c9888","0.153352699083836","3.27590953953831","index.data$y9888* (-1)+index.data$c9888*(3.27590953953831)","20120101T20151231"
"123","y9888","c9888","0.1178409278135","3.67095150048044","index.data$y9888* (-1)+index.data$c9888*(3.67095150048044)","20110101T20151231"
"124","y9888","c9888","0.0657863526328845","2.1059553090352","index.data$y9888* (-1)+index.data$c9888*(2.1059553090352)","20100101T20151231"
"125","y9888","c9888","0.0853983541466059","1.64595014648068","index.data$y9888* (-1)+index.data$c9888*(1.64595014648068)","20090101T20161231"
"126","y9888","c9888","0.0108579864815606","0.627459201693909","index.data$y9888* (-1)+index.data$c9888*(0.627459201693909)","20080101T20161231"
"128","y9888","c9888","0.00961883386474326","0.531298390686397","index.data$y9888* (-1)+index.data$c9888*(0.531298390686397)","20070101T20161231"
"15","y9888","l9888","0.678119098282711","0.360910305788594","index.data$y9888* (-1)+index.data$l9888*(0.360910305788594)","20140101T20151231"
"151","y9888","l9888","0.493706597403208","0.547989323863441","index.data$y9888* (-1)+index.data$l9888*(0.547989323863441)","20130101T20151231"
"152","y9888","l9888","0.184173825249694","0.613205335242289","index.data$y9888* (-1)+index.data$l9888*(0.613205335242289)","20120101T20151231"
"153","y9888","l9888","0.274284540256198","0.836225017213096","index.data$y9888* (-1)+index.data$l9888*(0.836225017213096)","20110101T20151231"
"154","y9888","l9888","0.275734951528012","0.770628139184078","index.data$y9888* (-1)+index.data$l9888*(0.770628139184078)","20100101T20151231"
"155","y9888","l9888","0.283594216724039","0.731184204221609","index.data$y9888* (-1)+index.data$l9888*(0.731184204221609)","20090101T20161231"
"156","y9888","l9888","0.486662147560379","0.744814010136376","index.data$y9888* (-1)+index.data$l9888*(0.744814010136376)","20080101T20161231"
"157","y9888","l9888","0.481997049238628","0.708551733556593","index.data$y9888* (-1)+index.data$l9888*(0.708551733556593)","20070101T20161231"
"11","y9888","m9888","0.788761004084808","1.2416425545913","index.data$y9888* (-1)+index.data$m9888*(1.2416425545913)","20140101T20151231"
"111","y9888","m9888","0.587339246742367","1.80152475609286","index.data$y9888* (-1)+index.data$m9888*(1.80152475609286)","20130101T20151231"
"112","y9888","m9888","0.49964792489894","2.45981878053541","index.data$y9888* (-1)+index.data$m9888*(2.45981878053541)","20120101T20151231"
"114","y9888","m9888","0.378713792849602","2.70573866579876","index.data$y9888* (-1)+index.data$m9888*(2.70573866579876)","20110101T20151231"
"116","y9888","m9888","0.365582380990126","2.63581440185175","index.data$y9888* (-1)+index.data$m9888*(2.63581440185175)","20100101T20151231"
"118","y9888","m9888","0.388032707726454","2.61636604313","index.data$y9888* (-1)+index.data$m9888*(2.61636604313)","20090101T20161231"
"1110","y9888","m9888","0.457442674800922","3.02797289388018","index.data$y9888* (-1)+index.data$m9888*(3.02797289388018)","20080101T20161231"
"1111","y9888","m9888","0.447421765779568","2.86310471931387","index.data$y9888* (-1)+index.data$m9888*(2.86310471931387)","20070101T20161231"
"16","y9888","p9888","0.914973507724448","0.892297442678191","index.data$y9888* (-1)+index.data$p9888*(0.892297442678191)","20140101T20151231"
"161","y9888","p9888","0.864753552072126","1.22368000841274","index.data$y9888* (-1)+index.data$p9888*(1.22368000841274)","20130101T20151231"
"162","y9888","p9888","0.931927923972585","1.16805532031379","index.data$y9888* (-1)+index.data$p9888*(1.16805532031379)","20120101T20151231"
"163","y9888","p9888","0.948666719394543","1.06010385891884","index.data$y9888* (-1)+index.data$p9888*(1.06010385891884)","20110101T20151231"
"164","y9888","p9888","0.944072297791052","1.03741747704","index.data$y9888* (-1)+index.data$p9888*(1.03741747704)","20100101T20151231"
"165","y9888","p9888","0.944159506053179","1.03710544874149","index.data$y9888* (-1)+index.data$p9888*(1.03710544874149)","20090101T20161231"
"166","y9888","p9888","0.954826788692962","1.00630979088547","index.data$y9888* (-1)+index.data$p9888*(1.00630979088547)","20080101T20161231"
"167","y9888","p9888","0.954458421655246","1.00176653829657","index.data$y9888* (-1)+index.data$p9888*(1.00176653829657)","20070101T20161231"
"19","y9888","RB0","0.738058232127756","0.854299666715428","index.data$y9888* (-1)+index.data$RB0*(0.854299666715428)","20140101T20151231"
"191","y9888","RB0","0.840382731420703","1.1589248648512","index.data$y9888* (-1)+index.data$RB0*(1.1589248648512)","20130101T20151231"
"192","y9888","RB0","0.749730979805877","1.64190759884002","index.data$y9888* (-1)+index.data$RB0*(1.64190759884002)","20120101T20151231"
"193","y9888","RB0","0.848487597271756","1.71877369408538","index.data$y9888* (-1)+index.data$RB0*(1.71877369408538)","20110101T20151231"
"194","y9888","RB0","0.755336491503574","1.53183925961574","index.data$y9888* (-1)+index.data$RB0*(1.53183925961574)","20100101T20151231"
"195","y9888","RB0","0.70820115108022","1.47030882273308","index.data$y9888* (-1)+index.data$RB0*(1.47030882273308)","20090101T20161231"
"196","y9888","RB0","0.70820115108022","1.47030882273308","index.data$y9888* (-1)+index.data$RB0*(1.47030882273308)","20080101T20161231"
"197","y9888","RB0","0.70820115108022","1.47030882273308","index.data$y9888* (-1)+index.data$RB0*(1.47030882273308)","20070101T20161231"
"13","y9888","SR888","0.276553144797012","-0.710359007196408","index.data$y9888* (-1)+index.data$SR888*(-0.710359007196408)","20140101T20151231"
"131","y9888","SR888","0.000280952099058155","-0.0428899952719174","index.data$y9888* (-1)+index.data$SR888*(-0.0428899952719174)","20130101T20151231"
"132","y9888","SR888","0.301714997629032","1.5326404420692","index.data$y9888* (-1)+index.data$SR888*(1.5326404420692)","20120101T20151231"
"133","y9888","SR888","0.578681619299574","1.62700408892925","index.data$y9888* (-1)+index.data$SR888*(1.62700408892925)","20110101T20151231"
"134","y9888","SR888","0.578972367742717","1.56791900275203","index.data$y9888* (-1)+index.data$SR888*(1.56791900275203)","20100101T20151231"
"135","y9888","SR888","0.519350035995773","1.24851426989531","index.data$y9888* (-1)+index.data$SR888*(1.24851426989531)","20090101T20161231"
"136","y9888","SR888","0.110690230742714","0.571974170186091","index.data$y9888* (-1)+index.data$SR888*(0.571974170186091)","20080101T20161231"
"137","y9888","SR888","0.094669631058226","0.493668117319778","index.data$y9888* (-1)+index.data$SR888*(0.493668117319778)","20070101T20161231"
"14","y9888","TA888","0.728179577744072","0.474918048914459","index.data$y9888* (-1)+index.data$TA888*(0.474918048914459)","20140101T20151231"
"141","y9888","TA888","0.855817018196187","0.608645112024456","index.data$y9888* (-1)+index.data$TA888*(0.608645112024456)","20130101T20151231"
"142","y9888","TA888","0.719341353772599","0.859584998158525","index.data$y9888* (-1)+index.data$TA888*(0.859584998158525)","20120101T20151231"
"143","y9888","TA888","0.804255302064661","0.839779569686992","index.data$y9888* (-1)+index.data$TA888*(0.839779569686992)","20110101T20151231"
"144","y9888","TA888","0.79365273663855","0.824921053082106","index.data$y9888* (-1)+index.data$TA888*(0.824921053082106)","20100101T20151231"
"145","y9888","TA888","0.790728118729619","0.826972558350996","index.data$y9888* (-1)+index.data$TA888*(0.826972558350996)","20090101T20161231"
"146","y9888","TA888","0.667483786665056","0.879777382476231","index.data$y9888* (-1)+index.data$TA888*(0.879777382476231)","20080101T20161231"
"147","y9888","TA888","0.586891010967622","0.827803615370412","index.data$y9888* (-1)+index.data$TA888*(0.827803615370412)","20070101T20161231"
"17","y9888","v9888","0.630337933846616","0.823344714405047","index.data$y9888* (-1)+index.data$v9888*(0.823344714405047)","20140101T20151231"
"171","y9888","v9888","0.739685725951616","1.19998549568838","index.data$y9888* (-1)+index.data$v9888*(1.19998549568838)","20130101T20151231"
"172","y9888","v9888","0.681189433387537","1.80012088202131","index.data$y9888* (-1)+index.data$v9888*(1.80012088202131)","20120101T20151231"
"173","y9888","v9888","0.786969606708255","1.60587526383097","index.data$y9888* (-1)+index.data$v9888*(1.60587526383097)","20110101T20151231"
"174","y9888","v9888","0.681946081078667","1.33651516784685","index.data$y9888* (-1)+index.data$v9888*(1.33651516784685)","20100101T20151231"
"175","y9888","v9888","0.649000577901368","1.29137730409598","index.data$y9888* (-1)+index.data$v9888*(1.29137730409598)","20090101T20161231"
"176","y9888","v9888","0.649000577901368","1.29137730409598","index.data$y9888* (-1)+index.data$v9888*(1.29137730409598)","20080101T20161231"
"177","y9888","v9888","0.649000577901368","1.29137730409598","index.data$y9888* (-1)+index.data$v9888*(1.29137730409598)","20070101T20161231"
