"","V1","V2","V3","Rsqure","V5","V6","formula","period"
"38","y9888","c9888","p9888","0.956809024007905","-0.598468394246953","1.01064326972122","index.data$y9888* (-1)+index.data$c9888*(-0.598468394246953)+index.data$p9888*(1.01064326972122)","20140101T20151231"
"33","y9888","m9888","p9888","0.932490496348371","0.357987716615065","0.693799338737053","index.data$y9888* (-1)+index.data$m9888*(0.357987716615065)+index.data$p9888*(0.693799338737053)","20140101T20151231"
"45","y9888","TA888","p9888","0.924265510612082","0.0955017118400941","0.767640351047976","index.data$y9888* (-1)+index.data$TA888*(0.0955017118400941)+index.data$p9888*(0.767640351047976)","20140101T20151231"
"42","y9888","SR888","p9888","0.920570731975231","0.115708128308955","0.946081210219147","index.data$y9888* (-1)+index.data$SR888*(0.115708128308955)+index.data$p9888*(0.946081210219147)","20140101T20151231"
"49","y9888","p9888","v9888","0.918737441070931","0.980252026643379","-0.110283009551561","index.data$y9888* (-1)+index.data$p9888*(0.980252026643379)+index.data$v9888*(-0.110283009551561)","20140101T20151231"
"47","y9888","l9888","p9888","0.917612580197704","0.0323610191585941","0.843359278676921","index.data$y9888* (-1)+index.data$l9888*(0.0323610191585941)+index.data$p9888*(0.843359278676921)","20140101T20151231"
"81","TA888","l9888","p9888","0.860628976625443","0.562429978484225","0.407488382304024","index.data$TA888* (-1)+index.data$l9888*(0.562429978484225)+index.data$p9888*(0.407488382304024)","20140101T20151231"
"84","l9888","p9888","v9888","0.85326006255206","0.333953497559745","1.88941663982793","index.data$l9888* (-1)+index.data$p9888*(0.333953497559745)+index.data$v9888*(1.88941663982793)","20140101T20151231"
"82","TA888","l9888","v9888","0.844747939480162","0.620412046952862","0.276335758102235","index.data$TA888* (-1)+index.data$l9888*(0.620412046952862)+index.data$v9888*(0.276335758102235)","20140101T20151231"
"31","y9888","m9888","TA888","0.830755551964279","0.834814065702887","0.204523010239779","index.data$y9888* (-1)+index.data$m9888*(0.834814065702887)+index.data$TA888*(0.204523010239779)","20140101T20151231"
"62","m9888","l9888","p9888","0.805821291114356","0.14353437406308","0.32619005015056","index.data$m9888* (-1)+index.data$l9888*(0.14353437406308)+index.data$p9888*(0.32619005015056)","20140101T20151231"
"34","y9888","m9888","v9888","0.80478621650098","1.0354386343766","0.209857740024727","index.data$y9888* (-1)+index.data$m9888*(1.0354386343766)+index.data$v9888*(0.209857740024727)","20140101T20151231"
"32","y9888","m9888","l9888","0.804384419445671","1.00609920584788","0.0942974127161743","index.data$y9888* (-1)+index.data$m9888*(1.00609920584788)+index.data$l9888*(0.0942974127161743)","20140101T20151231"
"29","y9888","m9888","c9888","0.796462653339747","1.29657312881599","-0.171143233974609","index.data$y9888* (-1)+index.data$m9888*(1.29657312881599)+index.data$c9888*(-0.171143233974609)","20140101T20151231"
"30","y9888","m9888","SR888","0.796270416310518","1.32598918747757","0.105746714299366","index.data$y9888* (-1)+index.data$m9888*(1.32598918747757)+index.data$SR888*(0.105746714299366)","20140101T20151231"
"60","m9888","TA888","p9888","0.787877582479271","0.156496178074819","0.358109457887472","index.data$m9888* (-1)+index.data$TA888*(0.156496178074819)+index.data$p9888*(0.358109457887472)","20140101T20151231"
"83","TA888","p9888","v9888","0.785701634207946","0.598847778741198","1.05785980741754","index.data$TA888* (-1)+index.data$p9888*(0.598847778741198)+index.data$v9888*(1.05785980741754)","20140101T20151231"
"56","m9888","SR888","l9888","0.774937201729392","-0.24070575387433","0.232185374765197","index.data$m9888* (-1)+index.data$SR888*(-0.24070575387433)+index.data$l9888*(0.232185374765197)","20140101T20151231"
"64","m9888","p9888","v9888","0.768612172948216","0.399572338449415","0.236596402362135","index.data$m9888* (-1)+index.data$p9888*(0.399572338449415)+index.data$v9888*(0.236596402362135)","20140101T20151231"
"57","m9888","SR888","p9888","0.765206055239558","-0.178039495366096","0.501359652816986","index.data$m9888* (-1)+index.data$SR888*(-0.178039495366096)+index.data$p9888*(0.501359652816986)","20140101T20151231"
"59","m9888","TA888","l9888","0.749341727868387","0.136587875599883","0.175070141651834","index.data$m9888* (-1)+index.data$TA888*(0.136587875599883)+index.data$l9888*(0.175070141651834)","20140101T20151231"
"53","m9888","c9888","p9888","0.744628673448961","-0.0616844331853828","0.585083993942131","index.data$m9888* (-1)+index.data$c9888*(-0.0616844331853828)+index.data$p9888*(0.585083993942131)","20140101T20151231"
"46","y9888","TA888","v9888","0.738627997018248","0.379649629702093","0.239143216518479","index.data$y9888* (-1)+index.data$TA888*(0.379649629702093)+index.data$v9888*(0.239143216518479)","20140101T20151231"
"63","m9888","l9888","v9888","0.738565335228671","0.210247299773166","0.167898653848367","index.data$m9888* (-1)+index.data$l9888*(0.210247299773166)+index.data$v9888*(0.167898653848367)","20140101T20151231"
"61","m9888","TA888","v9888","0.737690945002952","0.207080194063832","0.29241760786801","index.data$m9888* (-1)+index.data$TA888*(0.207080194063832)+index.data$v9888*(0.29241760786801)","20140101T20151231"
"52","m9888","c9888","l9888","0.736370910902479","-0.153599765063128","0.289173313926678","index.data$m9888* (-1)+index.data$c9888*(-0.153599765063128)+index.data$l9888*(0.289173313926678)","20140101T20151231"
"44","y9888","TA888","l9888","0.734581861840891","0.370871355114461","0.101033854235601","index.data$y9888* (-1)+index.data$TA888*(0.370871355114461)+index.data$l9888*(0.101033854235601)","20140101T20151231"
"40","y9888","SR888","TA888","0.729092925460098","0.0888018272515788","0.511962781611258","index.data$y9888* (-1)+index.data$SR888*(0.0888018272515788)+index.data$TA888*(0.511962781611258)","20140101T20151231"
"36","y9888","c9888","TA888","0.728091002655105","-0.104417319047488","0.497512345031189","index.data$y9888* (-1)+index.data$c9888*(-0.104417319047488)+index.data$TA888*(0.497512345031189)","20140101T20151231"
"55","m9888","SR888","TA888","0.715326760174855","-0.147680297459584","0.299836627870862","index.data$m9888* (-1)+index.data$SR888*(-0.147680297459584)+index.data$TA888*(0.299836627870862)","20140101T20151231"
"51","m9888","c9888","TA888","0.708376692094565","0.156816174360247","0.325394983975301","index.data$m9888* (-1)+index.data$c9888*(0.156816174360247)+index.data$TA888*(0.325394983975301)","20140101T20151231"
"39","y9888","c9888","v9888","0.706951520269696","-0.948201257013646","1.13457490201394","index.data$y9888* (-1)+index.data$c9888*(-0.948201257013646)+index.data$v9888*(1.13457490201394)","20140101T20151231"
"22","a9888","SR888","v9888","0.701525757208088","-0.295928051480149","0.217794081661506","index.data$a9888* (-1)+index.data$SR888*(-0.295928051480149)+index.data$v9888*(0.217794081661506)","20140101T20151231"
"54","m9888","c9888","v9888","0.701209300665343","-0.406891392281563","0.749768199673215","index.data$m9888* (-1)+index.data$c9888*(-0.406891392281563)+index.data$v9888*(0.749768199673215)","20140101T20151231"
"58","m9888","SR888","v9888","0.69980581853625","-0.203723395720008","0.536578765850254","index.data$m9888* (-1)+index.data$SR888*(-0.203723395720008)+index.data$v9888*(0.536578765850254)","20140101T20151231"
"37","y9888","c9888","l9888","0.695854890450554","-0.510060702137627","0.419928730964429","index.data$y9888* (-1)+index.data$c9888*(-0.510060702137627)+index.data$l9888*(0.419928730964429)","20140101T20151231"
"14","a9888","c9888","SR888","0.681857760923153","0.417059458787056","-0.35993846924363","index.data$a9888* (-1)+index.data$c9888*(0.417059458787056)+index.data$SR888*(-0.35993846924363)","20140101T20151231"
"48","y9888","l9888","v9888","0.679028601143587","0.258949810769412","0.292022827402217","index.data$y9888* (-1)+index.data$l9888*(0.258949810769412)+index.data$v9888*(0.292022827402217)","20140101T20151231"
"41","y9888","SR888","l9888","0.677369752120799","-0.156934306954141","0.342771662962783","index.data$y9888* (-1)+index.data$SR888*(-0.156934306954141)+index.data$l9888*(0.342771662962783)","20140101T20151231"
"20","a9888","SR888","l9888","0.662468450236754","-0.349998850011888","0.0701145703593739","index.data$a9888* (-1)+index.data$SR888*(-0.349998850011888)+index.data$l9888*(0.0701145703593739)","20140101T20151231"
"43","y9888","SR888","v9888","0.630438385004845","-0.0706147400464593","0.833372498481503","index.data$y9888* (-1)+index.data$SR888*(-0.0706147400464593)+index.data$v9888*(0.833372498481503)","20140101T20151231"
"9","a9888","m9888","SR888","0.619040927802939","0.169608553613148","-0.35892693796122","index.data$a9888* (-1)+index.data$m9888*(0.169608553613148)+index.data$SR888*(-0.35892693796122)","20140101T20151231"
"21","a9888","SR888","p9888","0.614724347442773","-0.373013646113774","0.10345291343245","index.data$a9888* (-1)+index.data$SR888*(-0.373013646113774)+index.data$p9888*(0.10345291343245)","20140101T20151231"
"19","a9888","SR888","TA888","0.613636724234354","-0.360839418848283","0.0656486829912007","index.data$a9888* (-1)+index.data$SR888*(-0.360839418848283)+index.data$TA888*(0.0656486829912007)","20140101T20151231"
"18","a9888","c9888","v9888","0.59381320552302","0.298191671646063","0.277052210047155","index.data$a9888* (-1)+index.data$c9888*(0.298191671646063)+index.data$v9888*(0.277052210047155)","20140101T20151231"
"3","a9888","y9888","SR888","0.592558596271289","0.0687713617158272","-0.414550586272641","index.data$a9888* (-1)+index.data$y9888*(0.0687713617158272)+index.data$SR888*(-0.414550586272641)","20140101T20151231"
"15","a9888","c9888","TA888","0.584084508136204","0.513681135279992","0.116259072122733","index.data$a9888* (-1)+index.data$c9888*(0.513681135279992)+index.data$TA888*(0.116259072122733)","20140101T20151231"
"8","a9888","m9888","c9888","0.58104660367477","0.285302107268552","0.511255502773118","index.data$a9888* (-1)+index.data$m9888*(0.285302107268552)+index.data$c9888*(0.511255502773118)","20140101T20151231"
"7","a9888","y9888","v9888","0.574070376221197","-0.101871511293548","0.449405045169037","index.data$a9888* (-1)+index.data$y9888*(-0.101871511293548)+index.data$v9888*(0.449405045169037)","20140101T20151231"
"27","a9888","l9888","v9888","0.560864924180044","-0.0409916878367359","0.452132260894855","index.data$a9888* (-1)+index.data$l9888*(-0.0409916878367359)+index.data$v9888*(0.452132260894855)","20140101T20151231"
"13","a9888","m9888","v9888","0.557394585104322","0.059301643441826","0.32335894106352","index.data$a9888* (-1)+index.data$m9888*(0.059301643441826)+index.data$v9888*(0.32335894106352)","20140101T20151231"
"28","a9888","p9888","v9888","0.556959696982323","-0.0403739930295177","0.401300729083398","index.data$a9888* (-1)+index.data$p9888*(-0.0403739930295177)+index.data$v9888*(0.401300729083398)","20140101T20151231"
"25","a9888","TA888","v9888","0.554493485835462","-0.00313918298048032","0.366222408001164","index.data$a9888* (-1)+index.data$TA888*(-0.00313918298048032)+index.data$v9888*(0.366222408001164)","20140101T20151231"
"71","c9888","TA888","v9888","0.541315493745281","-0.147889564284555","0.526402523286989","index.data$c9888* (-1)+index.data$TA888*(-0.147889564284555)+index.data$v9888*(0.526402523286989)","20140101T20151231"
"16","a9888","c9888","l9888","0.539177494774781","0.453766316459295","0.0869015357823211","index.data$a9888* (-1)+index.data$c9888*(0.453766316459295)+index.data$l9888*(0.0869015357823211)","20140101T20151231"
"17","a9888","c9888","p9888","0.520199907461772","0.501290032098661","0.161386932469775","index.data$a9888* (-1)+index.data$c9888*(0.501290032098661)+index.data$p9888*(0.161386932469775)","20140101T20151231"
"2","a9888","y9888","c9888","0.512452725760053","0.150321390833697","0.604297659029211","index.data$a9888* (-1)+index.data$y9888*(0.150321390833697)+index.data$c9888*(0.604297659029211)","20140101T20151231"
"11","a9888","m9888","l9888","0.452692832546901","0.192604693552142","0.0783737642493852","index.data$a9888* (-1)+index.data$m9888*(0.192604693552142)+index.data$l9888*(0.0783737642493852)","20140101T20151231"
"6","a9888","y9888","p9888","0.451893914642933","-0.425394413609615","0.637274474375035","index.data$a9888* (-1)+index.data$y9888*(-0.425394413609615)+index.data$p9888*(0.637274474375035)","20140101T20151231"
"73","c9888","l9888","v9888","0.451819657274914","-0.0628275227199573","0.421248320302932","index.data$c9888* (-1)+index.data$l9888*(-0.0628275227199573)+index.data$v9888*(0.421248320302932)","20140101T20151231"
"10","a9888","m9888","TA888","0.448181504163241","0.218166012132135","0.0887580726319568","index.data$a9888* (-1)+index.data$m9888*(0.218166012132135)+index.data$TA888*(0.0887580726319568)","20140101T20151231"
"75","SR888","TA888","l9888","0.447068690262203","-0.423003087058705","0.132467406220621","index.data$SR888* (-1)+index.data$TA888*(-0.423003087058705)+index.data$l9888*(0.132467406220621)","20140101T20151231"
"74","c9888","p9888","v9888","0.444543147921599","-0.0781420224202197","0.359560491686437","index.data$c9888* (-1)+index.data$p9888*(-0.0781420224202197)+index.data$v9888*(0.359560491686437)","20140101T20151231"
"26","a9888","l9888","p9888","0.442579155863233","0.0940895733491284","0.0926100484767488","index.data$a9888* (-1)+index.data$l9888*(0.0940895733491284)+index.data$p9888*(0.0926100484767488)","20140101T20151231"
"23","a9888","TA888","l9888","0.438517996142125","0.0676306359883723","0.0821072546448305","index.data$a9888* (-1)+index.data$TA888*(0.0676306359883723)+index.data$l9888*(0.0821072546448305)","20140101T20151231"
"68","c9888","SR888","v9888","0.437989498304392","-0.0504231622114547","0.257205907978728","index.data$c9888* (-1)+index.data$SR888*(-0.0504231622114547)+index.data$v9888*(0.257205907978728)","20140101T20151231"
"1","a9888","y9888","m9888","0.432852393779688","-0.141498842753613","0.579607591494616","index.data$a9888* (-1)+index.data$y9888*(-0.141498842753613)+index.data$m9888*(0.579607591494616)","20140101T20151231"
"77","SR888","TA888","v9888","0.430520892372237","-0.200192255872703","-0.152646126495544","index.data$SR888* (-1)+index.data$TA888*(-0.200192255872703)+index.data$v9888*(-0.152646126495544)","20140101T20151231"
"24","a9888","TA888","p9888","0.430196424959752","0.110049837878921","0.103257181980845","index.data$a9888* (-1)+index.data$TA888*(0.110049837878921)+index.data$p9888*(0.103257181980845)","20140101T20151231"
"76","SR888","TA888","p9888","0.4300895316408","-0.209252764083775","-0.117581665656552","index.data$SR888* (-1)+index.data$TA888*(-0.209252764083775)+index.data$p9888*(-0.117581665656552)","20140101T20151231"
"5","a9888","y9888","l9888","0.429817228345596","-0.0389118996353904","0.145586293136514","index.data$a9888* (-1)+index.data$y9888*(-0.0389118996353904)+index.data$l9888*(0.145586293136514)","20140101T20151231"
"12","a9888","m9888","p9888","0.42512782285423","0.278177297059783","0.0952262183552064","index.data$a9888* (-1)+index.data$m9888*(0.278177297059783)+index.data$p9888*(0.0952262183552064)","20140101T20151231"
"4","a9888","y9888","TA888","0.41846220776025","-0.0681738001434238","0.196122952185477","index.data$a9888* (-1)+index.data$y9888*(-0.0681738001434238)+index.data$TA888*(0.196122952185477)","20140101T20151231"
"50","m9888","c9888","SR888","0.417272202691426","0.27821703540352","-0.547492611339483","index.data$m9888* (-1)+index.data$c9888*(0.27821703540352)+index.data$SR888*(-0.547492611339483)","20140101T20151231"
"80","SR888","p9888","v9888","0.392416101717095","-0.186667439058986","-0.297803467299223","index.data$SR888* (-1)+index.data$p9888*(-0.186667439058986)+index.data$v9888*(-0.297803467299223)","20140101T20151231"
"79","SR888","l9888","v9888","0.378247846733991","0.0639960393312501","-0.626244563348501","index.data$SR888* (-1)+index.data$l9888*(0.0639960393312501)+index.data$v9888*(-0.626244563348501)","20140101T20151231"
"69","c9888","TA888","l9888","0.366583049223326","-0.141793258597298","0.200477474300774","index.data$c9888* (-1)+index.data$TA888*(-0.141793258597298)+index.data$l9888*(0.200477474300774)","20140101T20151231"
"78","SR888","l9888","p9888","0.359174443315318","-0.0387035560947525","-0.338993670502555","index.data$SR888* (-1)+index.data$l9888*(-0.0387035560947525)+index.data$p9888*(-0.338993670502555)","20140101T20151231"
"66","c9888","SR888","l9888","0.342154534970932","-0.125910348364162","0.0756172562152043","index.data$c9888* (-1)+index.data$SR888*(-0.125910348364162)+index.data$l9888*(0.0756172562152043)","20140101T20151231"
"72","c9888","l9888","p9888","0.310967137329927","0.0741532982054355","0.0585045898644616","index.data$c9888* (-1)+index.data$l9888*(0.0741532982054355)+index.data$p9888*(0.0585045898644616)","20140101T20151231"
"67","c9888","SR888","p9888","0.295513360513671","-0.13230057451017","0.132642951620317","index.data$c9888* (-1)+index.data$SR888*(-0.13230057451017)+index.data$p9888*(0.132642951620317)","20140101T20151231"
"35","y9888","c9888","SR888","0.273154819211174","0.238328737169556","-0.652649697913557","index.data$y9888* (-1)+index.data$c9888*(0.238328737169556)+index.data$SR888*(-0.652649697913557)","20140101T20151231"
"70","c9888","TA888","p9888","0.258180720638442","-0.015453203071594","0.207595608595327","index.data$c9888* (-1)+index.data$TA888*(-0.015453203071594)+index.data$p9888*(0.207595608595327)","20140101T20151231"
"65","c9888","SR888","TA888","0.23106588680471","-0.183985855443358","0.0411406923997186","index.data$c9888* (-1)+index.data$SR888*(-0.183985855443358)+index.data$TA888*(0.0411406923997186)","20140101T20151231"
"45","y9888","TA888","p9888","0.921482798598435","0.328621530210969","0.673584776255694","index.data$y9888* (-1)+index.data$TA888*(0.328621530210969)+index.data$p9888*(0.673584776255694)","20130101T20151231"
"42","y9888","SR888","p9888","0.895460750175617","0.501935179456251","1.28426717988823","index.data$y9888* (-1)+index.data$SR888*(0.501935179456251)+index.data$p9888*(1.28426717988823)","20130101T20151231"
"83","TA888","p9888","v9888","0.893853568742676","0.478157745816091","1.59252189515155","index.data$TA888* (-1)+index.data$p9888*(0.478157745816091)+index.data$v9888*(1.59252189515155)","20130101T20151231"
"40","y9888","SR888","TA888","0.881765026501254","0.426953095316118","0.636441124023388","index.data$y9888* (-1)+index.data$SR888*(0.426953095316118)+index.data$TA888*(0.636441124023388)","20130101T20151231"
"49","y9888","p9888","v9888","0.879247249753284","0.933490953488461","0.390600792015675","index.data$y9888* (-1)+index.data$p9888*(0.933490953488461)+index.data$v9888*(0.390600792015675)","20130101T20151231"
"82","TA888","l9888","v9888","0.878318119550343","0.0755885591686423","1.91589037602542","index.data$TA888* (-1)+index.data$l9888*(0.0755885591686423)+index.data$v9888*(1.91589037602542)","20130101T20151231"
"38","y9888","c9888","p9888","0.876187753473288","-0.774940927622861","1.34492599240004","index.data$y9888* (-1)+index.data$c9888*(-0.774940927622861)+index.data$p9888*(1.34492599240004)","20130101T20151231"
"44","y9888","TA888","l9888","0.864236993510095","0.709068690663852","-0.133691638455608","index.data$y9888* (-1)+index.data$TA888*(0.709068690663852)+index.data$l9888*(-0.133691638455608)","20130101T20151231"
"47","y9888","l9888","p9888","0.861185859051621","-0.0690678446852935","1.32545354358347","index.data$y9888* (-1)+index.data$l9888*(-0.0690678446852935)+index.data$p9888*(1.32545354358347)","20130101T20151231"
"33","y9888","m9888","p9888","0.859347399300763","0.127429533538387","1.17948529697977","index.data$y9888* (-1)+index.data$m9888*(0.127429533538387)+index.data$p9888*(1.17948529697977)","20130101T20151231"
"31","y9888","m9888","TA888","0.855161003938515","0.0944747196108806","0.597774923300491","index.data$y9888* (-1)+index.data$m9888*(0.0944747196108806)+index.data$TA888*(0.597774923300491)","20130101T20151231"
"36","y9888","c9888","TA888","0.855092572922869","-0.12129818719823","0.625893083774766","index.data$y9888* (-1)+index.data$c9888*(-0.12129818719823)+index.data$TA888*(0.625893083774766)","20130101T20151231"
"46","y9888","TA888","v9888","0.855006279172787","0.65518277148738","-0.0838275503296539","index.data$y9888* (-1)+index.data$TA888*(0.65518277148738)+index.data$v9888*(-0.0838275503296539)","20130101T20151231"
"81","TA888","l9888","p9888","0.786200967863058","0.422104377817598","1.16401694571694","index.data$TA888* (-1)+index.data$l9888*(0.422104377817598)+index.data$p9888*(1.16401694571694)","20130101T20151231"
"62","m9888","l9888","p9888","0.785214087495894","0.213322254056557","0.166340142540842","index.data$m9888* (-1)+index.data$l9888*(0.213322254056557)+index.data$p9888*(0.166340142540842)","20130101T20151231"
"43","y9888","SR888","v9888","0.782597443197719","0.557626273981801","1.31663305951327","index.data$y9888* (-1)+index.data$SR888*(0.557626273981801)+index.data$v9888*(1.31663305951327)","20130101T20151231"
"59","m9888","TA888","l9888","0.779449305038263","0.0809353555395233","0.213007834775302","index.data$m9888* (-1)+index.data$TA888*(0.0809353555395233)+index.data$l9888*(0.213007834775302)","20130101T20151231"
"63","m9888","l9888","v9888","0.774453627488777","0.209856720062712","0.17495464260588","index.data$m9888* (-1)+index.data$l9888*(0.209856720062712)+index.data$v9888*(0.17495464260588)","20130101T20151231"
"39","y9888","c9888","v9888","0.766243512301423","-1.03899037566112","1.42678111902861","index.data$y9888* (-1)+index.data$c9888*(-1.03899037566112)+index.data$v9888*(1.42678111902861)","20130101T20151231"
"56","m9888","SR888","l9888","0.758038992020023","-0.0993952588796667","0.280275725062577","index.data$m9888* (-1)+index.data$SR888*(-0.0993952588796667)+index.data$l9888*(0.280275725062577)","20130101T20151231"
"52","m9888","c9888","l9888","0.753470032617611","-0.134134688249742","0.30330805787304","index.data$m9888* (-1)+index.data$c9888*(-0.134134688249742)+index.data$l9888*(0.30330805787304)","20130101T20151231"
"34","y9888","m9888","v9888","0.746427710476307","0.38998717816003","1.0539136045344","index.data$y9888* (-1)+index.data$m9888*(0.38998717816003)+index.data$v9888*(1.0539136045344)","20130101T20151231"
"48","y9888","l9888","v9888","0.741638639246216","-0.097190256802335","1.39518668245132","index.data$y9888* (-1)+index.data$l9888*(-0.097190256802335)+index.data$v9888*(1.39518668245132)","20130101T20151231"
"84","l9888","p9888","v9888","0.727324544225014","0.398564242638507","1.1594776110379","index.data$l9888* (-1)+index.data$p9888*(0.398564242638507)+index.data$v9888*(1.1594776110379)","20130101T20151231"
"15","a9888","c9888","TA888","0.714657760851028","0.543057411778871","0.122993144220996","index.data$a9888* (-1)+index.data$c9888*(0.543057411778871)+index.data$TA888*(0.122993144220996)","20130101T20151231"
"55","m9888","SR888","TA888","0.711778261796244","-0.29064064684667","0.212583822774221","index.data$m9888* (-1)+index.data$SR888*(-0.29064064684667)+index.data$TA888*(0.212583822774221)","20130101T20151231"
"58","m9888","SR888","v9888","0.708338983282521","-0.237060637058979","0.465389850784858","index.data$m9888* (-1)+index.data$SR888*(-0.237060637058979)+index.data$v9888*(0.465389850784858)","20130101T20151231"
"64","m9888","p9888","v9888","0.701053673012707","0.205733167834696","0.306275018777872","index.data$m9888* (-1)+index.data$p9888*(0.205733167834696)+index.data$v9888*(0.306275018777872)","20130101T20151231"
"18","a9888","c9888","v9888","0.694494882033704","0.343872741498338","0.289774083525234","index.data$a9888* (-1)+index.data$c9888*(0.343872741498338)+index.data$v9888*(0.289774083525234)","20130101T20151231"
"2","a9888","y9888","c9888","0.690042228611833","0.172153394223005","0.611275300963945","index.data$a9888* (-1)+index.data$y9888*(0.172153394223005)+index.data$c9888*(0.611275300963945)","20130101T20151231"
"57","m9888","SR888","p9888","0.688862448753824","-0.269879645850755","0.416876699528647","index.data$m9888* (-1)+index.data$SR888*(-0.269879645850755)+index.data$p9888*(0.416876699528647)","20130101T20151231"
"30","y9888","m9888","SR888","0.683019254028249","2.1408823345101","0.940917466757593","index.data$y9888* (-1)+index.data$m9888*(2.1408823345101)+index.data$SR888*(0.940917466757593)","20130101T20151231"
"60","m9888","TA888","p9888","0.682193659295057","0.127922207198375","0.223971976238082","index.data$m9888* (-1)+index.data$TA888*(0.127922207198375)+index.data$p9888*(0.223971976238082)","20130101T20151231"
"22","a9888","SR888","v9888","0.681893249181269","-0.118832291727565","0.334441453929208","index.data$a9888* (-1)+index.data$SR888*(-0.118832291727565)+index.data$v9888*(0.334441453929208)","20130101T20151231"
"61","m9888","TA888","v9888","0.673649019991619","0.0870927104600733","0.318109009767513","index.data$m9888* (-1)+index.data$TA888*(0.0870927104600733)+index.data$v9888*(0.318109009767513)","20130101T20151231"
"28","a9888","p9888","v9888","0.67072884938898","0.0811437382111529","0.274849735339943","index.data$a9888* (-1)+index.data$p9888*(0.0811437382111529)+index.data$v9888*(0.274849735339943)","20130101T20151231"
"54","m9888","c9888","v9888","0.66567946374283","-0.159384441772152","0.522594221683146","index.data$m9888* (-1)+index.data$c9888*(-0.159384441772152)+index.data$v9888*(0.522594221683146)","20130101T20151231"
"27","a9888","l9888","v9888","0.664177301307417","-0.0332400546588712","0.399983606395437","index.data$a9888* (-1)+index.data$l9888*(-0.0332400546588712)+index.data$v9888*(0.399983606395437)","20130101T20151231"
"7","a9888","y9888","v9888","0.663956963703818","0.0426125415978235","0.296152696430437","index.data$a9888* (-1)+index.data$y9888*(0.0426125415978235)+index.data$v9888*(0.296152696430437)","20130101T20151231"
"25","a9888","TA888","v9888","0.660509150105347","0.0251950056166691","0.298113496812726","index.data$a9888* (-1)+index.data$TA888*(0.0251950056166691)+index.data$v9888*(0.298113496812726)","20130101T20151231"
"13","a9888","m9888","v9888","0.659671341574521","0.0411007241652377","0.328943630291508","index.data$a9888* (-1)+index.data$m9888*(0.0411007241652377)+index.data$v9888*(0.328943630291508)","20130101T20151231"
"3","a9888","y9888","SR888","0.65611225977613","0.219600745980365","-0.258860650634727","index.data$a9888* (-1)+index.data$y9888*(0.219600745980365)+index.data$SR888*(-0.258860650634727)","20130101T20151231"
"51","m9888","c9888","TA888","0.650472422698125","0.232772995384","0.211205814417776","index.data$m9888* (-1)+index.data$c9888*(0.232772995384)+index.data$TA888*(0.211205814417776)","20130101T20151231"
"19","a9888","SR888","TA888","0.645316606968161","-0.16055922171648","0.147370458596763","index.data$a9888* (-1)+index.data$SR888*(-0.16055922171648)+index.data$TA888*(0.147370458596763)","20130101T20151231"
"17","a9888","c9888","p9888","0.634262199150929","0.490595897591646","0.224941970461328","index.data$a9888* (-1)+index.data$c9888*(0.490595897591646)+index.data$p9888*(0.224941970461328)","20130101T20151231"
"53","m9888","c9888","p9888","0.62801103802109","0.0458385731411726","0.436423992290726","index.data$m9888* (-1)+index.data$c9888*(0.0458385731411726)+index.data$p9888*(0.436423992290726)","20130101T20151231"
"24","a9888","TA888","p9888","0.624315745549589","0.103764877371369","0.116388885942497","index.data$a9888* (-1)+index.data$TA888*(0.103764877371369)+index.data$p9888*(0.116388885942497)","20130101T20151231"
"10","a9888","m9888","TA888","0.611351933246708","0.116517332213841","0.127781724283814","index.data$a9888* (-1)+index.data$m9888*(0.116517332213841)+index.data$TA888*(0.127781724283814)","20130101T20151231"
"4","a9888","y9888","TA888","0.603712846852855","0.0358438956759546","0.131749553274508","index.data$a9888* (-1)+index.data$y9888*(0.0358438956759546)+index.data$TA888*(0.131749553274508)","20130101T20151231"
"8","a9888","m9888","c9888","0.603548462384318","0.354552305038174","0.609922930041071","index.data$a9888* (-1)+index.data$m9888*(0.354552305038174)+index.data$c9888*(0.609922930041071)","20130101T20151231"
"23","a9888","TA888","l9888","0.602432445741089","0.146026488295792","0.0117383152279466","index.data$a9888* (-1)+index.data$TA888*(0.146026488295792)+index.data$l9888*(0.0117383152279466)","20130101T20151231"
"21","a9888","SR888","p9888","0.590142166620782","-0.149512647347118","0.279549589812417","index.data$a9888* (-1)+index.data$SR888*(-0.149512647347118)+index.data$p9888*(0.279549589812417)","20130101T20151231"
"1","a9888","y9888","m9888","0.576436678957423","0.152506302790506","0.206524121824341","index.data$a9888* (-1)+index.data$y9888*(0.152506302790506)+index.data$m9888*(0.206524121824341)","20130101T20151231"
"5","a9888","y9888","l9888","0.57568705093851","0.164261126390001","0.0623172571282585","index.data$a9888* (-1)+index.data$y9888*(0.164261126390001)+index.data$l9888*(0.0623172571282585)","20130101T20151231"
"12","a9888","m9888","p9888","0.574784399194539","0.17266496416785","0.217482365807976","index.data$a9888* (-1)+index.data$m9888*(0.17266496416785)+index.data$p9888*(0.217482365807976)","20130101T20151231"
"32","y9888","m9888","l9888","0.573421830491438","1.5024344858873","0.115151743859868","index.data$y9888* (-1)+index.data$m9888*(1.5024344858873)+index.data$l9888*(0.115151743859868)","20130101T20151231"
"29","y9888","m9888","c9888","0.570795594665549","1.74227316222372","0.27405534326234","index.data$y9888* (-1)+index.data$m9888*(1.74227316222372)+index.data$c9888*(0.27405534326234)","20130101T20151231"
"6","a9888","y9888","p9888","0.567475746014726","0.0960352056344752","0.175258954084292","index.data$a9888* (-1)+index.data$y9888*(0.0960352056344752)+index.data$p9888*(0.175258954084292)","20130101T20151231"
"26","a9888","l9888","p9888","0.563019547896151","0.0388055421553438","0.243646817642177","index.data$a9888* (-1)+index.data$l9888*(0.0388055421553438)+index.data$p9888*(0.243646817642177)","20130101T20151231"
"41","y9888","SR888","l9888","0.554180014695784","0.772653917897587","0.639263475959838","index.data$y9888* (-1)+index.data$SR888*(0.772653917897587)+index.data$l9888*(0.639263475959838)","20130101T20151231"
"16","a9888","c9888","l9888","0.525388550932431","0.58355085798189","0.101255831442381","index.data$a9888* (-1)+index.data$c9888*(0.58355085798189)+index.data$l9888*(0.101255831442381)","20130101T20151231"
"71","c9888","TA888","v9888","0.487063706898995","-0.144605982300616","0.466791631789714","index.data$c9888* (-1)+index.data$TA888*(-0.144605982300616)+index.data$v9888*(0.466791631789714)","20130101T20151231"
"37","y9888","c9888","l9888","0.474650287990589","-0.0602959286409254","0.558294425368383","index.data$y9888* (-1)+index.data$c9888*(-0.0602959286409254)+index.data$l9888*(0.558294425368383)","20130101T20151231"
"11","a9888","m9888","l9888","0.474159769703112","0.34644962748194","0.0521937137519899","index.data$a9888* (-1)+index.data$m9888*(0.34644962748194)+index.data$l9888*(0.0521937137519899)","20130101T20151231"
"9","a9888","m9888","SR888","0.466826641646871","0.460440461206439","-0.0562844206018869","index.data$a9888* (-1)+index.data$m9888*(0.460440461206439)+index.data$SR888*(-0.0562844206018869)","20130101T20151231"
"20","a9888","SR888","l9888","0.425432095021046","-0.0855513337326633","0.14358384518307","index.data$a9888* (-1)+index.data$SR888*(-0.0855513337326633)+index.data$l9888*(0.14358384518307)","20130101T20151231"
"14","a9888","c9888","SR888","0.414666218720877","0.86014035149279","-0.101905900396252","index.data$a9888* (-1)+index.data$c9888*(0.86014035149279)+index.data$SR888*(-0.101905900396252)","20130101T20151231"
"68","c9888","SR888","v9888","0.388989218582641","-0.108623937986983","0.159500180806758","index.data$c9888* (-1)+index.data$SR888*(-0.108623937986983)+index.data$v9888*(0.159500180806758)","20130101T20151231"
"73","c9888","l9888","v9888","0.356042298437966","0.0285768201240963","0.12948932596215","index.data$c9888* (-1)+index.data$l9888*(0.0285768201240963)+index.data$v9888*(0.12948932596215)","20130101T20151231"
"74","c9888","p9888","v9888","0.34918303415983","0.0229861790563636","0.151985202835885","index.data$c9888* (-1)+index.data$p9888*(0.0229861790563636)+index.data$v9888*(0.151985202835885)","20130101T20151231"
"67","c9888","SR888","p9888","0.32789842974652","-0.124917513975866","0.128631111582851","index.data$c9888* (-1)+index.data$SR888*(-0.124917513975866)+index.data$p9888*(0.128631111582851)","20130101T20151231"
"72","c9888","l9888","p9888","0.322443581329276","0.0584822998685527","0.0648521426575031","index.data$c9888* (-1)+index.data$l9888*(0.0584822998685527)+index.data$p9888*(0.0648521426575031)","20130101T20151231"
"66","c9888","SR888","l9888","0.320506227159311","-0.0796529466466785","0.0800159330668492","index.data$c9888* (-1)+index.data$SR888*(-0.0796529466466785)+index.data$l9888*(0.0800159330668492)","20130101T20151231"
"69","c9888","TA888","l9888","0.301179700695648","-0.00844849702888025","0.0970968104348983","index.data$c9888* (-1)+index.data$TA888*(-0.00844849702888025)+index.data$l9888*(0.0970968104348983)","20130101T20151231"
"70","c9888","TA888","p9888","0.274416715980995","-0.0139343213672553","0.164507639731116","index.data$c9888* (-1)+index.data$TA888*(-0.0139343213672553)+index.data$p9888*(0.164507639731116)","20130101T20151231"
"50","m9888","c9888","SR888","0.253155784535929","0.698712183387608","-0.298445784004639","index.data$m9888* (-1)+index.data$c9888*(0.698712183387608)+index.data$SR888*(-0.298445784004639)","20130101T20151231"
"65","c9888","SR888","TA888","0.248193332796494","-0.139882789529499","0.0512591868146526","index.data$c9888* (-1)+index.data$SR888*(-0.139882789529499)+index.data$TA888*(0.0512591868146526)","20130101T20151231"
"75","SR888","TA888","l9888","0.176552069785593","0.0989867305065718","-0.207585721569912","index.data$SR888* (-1)+index.data$TA888*(0.0989867305065718)+index.data$l9888*(-0.207585721569912)","20130101T20151231"
"35","y9888","c9888","SR888","0.157829175953993","2.07758326533351","0.401156936272338","index.data$y9888* (-1)+index.data$c9888*(2.07758326533351)+index.data$SR888*(0.401156936272338)","20130101T20151231"
"79","SR888","l9888","v9888","0.149012115217817","-0.184945046227079","0.157117265759788","index.data$SR888* (-1)+index.data$l9888*(-0.184945046227079)+index.data$v9888*(0.157117265759788)","20130101T20151231"
"78","SR888","l9888","p9888","0.148945472317228","-0.169863026999777","0.123873972253807","index.data$SR888* (-1)+index.data$l9888*(-0.169863026999777)+index.data$p9888*(0.123873972253807)","20130101T20151231"
"77","SR888","TA888","v9888","0.0687485831092405","0.106358215692154","-0.340976017059274","index.data$SR888* (-1)+index.data$TA888*(0.106358215692154)+index.data$v9888*(-0.340976017059274)","20130101T20151231"
"80","SR888","p9888","v9888","0.0484634168251618","0.00144678079541474","-0.126271506747748","index.data$SR888* (-1)+index.data$p9888*(0.00144678079541474)+index.data$v9888*(-0.126271506747748)","20130101T20151231"
"76","SR888","TA888","p9888","0.0341458821142852","0.00239159872476826","-0.100413566990402","index.data$SR888* (-1)+index.data$TA888*(0.00239159872476826)+index.data$p9888*(-0.100413566990402)","20130101T20151231"
"33","y9888","m9888","p9888","0.941715245264949","0.525697921235659","1.05730459162263","index.data$y9888* (-1)+index.data$m9888*(0.525697921235659)+index.data$p9888*(1.05730459162263)","20120101T20151231"
"45","y9888","TA888","p9888","0.941062032115043","0.1978165690969","0.98312927247468","index.data$y9888* (-1)+index.data$TA888*(0.1978165690969)+index.data$p9888*(0.98312927247468)","20120101T20151231"
"49","y9888","p9888","v9888","0.934244347991247","1.04337790012","0.296485283621429","index.data$y9888* (-1)+index.data$p9888*(1.04337790012)+index.data$v9888*(0.296485283621429)","20120101T20151231"
"38","y9888","c9888","p9888","0.930355370600998","-0.447789350585613","1.1954765538807","index.data$y9888* (-1)+index.data$c9888*(-0.447789350585613)+index.data$p9888*(1.1954765538807)","20120101T20151231"
"42","y9888","SR888","p9888","0.928399173143964","-0.0345939612428301","1.18006553502731","index.data$y9888* (-1)+index.data$SR888*(-0.0345939612428301)+index.data$p9888*(1.18006553502731)","20120101T20151231"
"47","y9888","l9888","p9888","0.928302544279366","0.00453958495224376","1.16915114834126","index.data$y9888* (-1)+index.data$l9888*(0.00453958495224376)+index.data$p9888*(1.16915114834126)","20120101T20151231"
"83","TA888","p9888","v9888","0.910844551732143","0.13471120531797","1.89437033564191","index.data$TA888* (-1)+index.data$p9888*(0.13471120531797)+index.data$v9888*(1.89437033564191)","20120101T20151231"
"82","TA888","l9888","v9888","0.906244571450445","0.00927069551926653","2.0874045954109","index.data$TA888* (-1)+index.data$l9888*(0.00927069551926653)+index.data$v9888*(2.0874045954109)","20120101T20151231"
"30","y9888","m9888","SR888","0.856158302120228","2.57283585337236","1.65309274450594","index.data$y9888* (-1)+index.data$m9888*(2.57283585337236)+index.data$SR888*(1.65309274450594)","20120101T20151231"
"81","TA888","l9888","p9888","0.810937325982326","0.62447537597597","0.737208384852557","index.data$TA888* (-1)+index.data$l9888*(0.62447537597597)+index.data$p9888*(0.737208384852557)","20120101T20151231"
"40","y9888","SR888","TA888","0.797015564795299","0.839517205535632","0.75828183096209","index.data$y9888* (-1)+index.data$SR888*(0.839517205535632)+index.data$TA888*(0.75828183096209)","20120101T20151231"
"43","y9888","SR888","v9888","0.785954813683607","0.946290291703673","1.62344804954934","index.data$y9888* (-1)+index.data$SR888*(0.946290291703673)+index.data$v9888*(1.62344804954934)","20120101T20151231"
"44","y9888","TA888","l9888","0.782294009445713","1.13691211712247","-0.541006601847326","index.data$y9888* (-1)+index.data$TA888*(1.13691211712247)+index.data$l9888*(-0.541006601847326)","20120101T20151231"
"48","y9888","l9888","v9888","0.760088344022567","-0.625836901491854","2.57604305170772","index.data$y9888* (-1)+index.data$l9888*(-0.625836901491854)+index.data$v9888*(2.57604305170772)","20120101T20151231"
"31","y9888","m9888","TA888","0.739278237174188","0.787827345161743","0.715900780750073","index.data$y9888* (-1)+index.data$m9888*(0.787827345161743)+index.data$TA888*(0.715900780750073)","20120101T20151231"
"46","y9888","TA888","v9888","0.716103292847931","0.684063645425792","0.437283001168423","index.data$y9888* (-1)+index.data$TA888*(0.684063645425792)+index.data$v9888*(0.437283001168423)","20120101T20151231"
"36","y9888","c9888","TA888","0.712951830734488","-0.173728418525834","0.881694890143669","index.data$y9888* (-1)+index.data$c9888*(-0.173728418525834)+index.data$TA888*(0.881694890143669)","20120101T20151231"
"34","y9888","m9888","v9888","0.699380610008161","0.784972848491165","1.51184854505409","index.data$y9888* (-1)+index.data$m9888*(0.784972848491165)+index.data$v9888*(1.51184854505409)","20120101T20151231"
"39","y9888","c9888","v9888","0.696838659416339","-1.62545854405108","2.10989280996398","index.data$y9888* (-1)+index.data$c9888*(-1.62545854405108)+index.data$v9888*(2.10989280996398)","20120101T20151231"
"57","m9888","SR888","p9888","0.687382988856997","-0.519049243172642","0.356429711102852","index.data$m9888* (-1)+index.data$SR888*(-0.519049243172642)+index.data$p9888*(0.356429711102852)","20120101T20151231"
"3","a9888","y9888","SR888","0.669451925865155","0.18233632249305","-0.310429663939548","index.data$a9888* (-1)+index.data$y9888*(0.18233632249305)+index.data$SR888*(-0.310429663939548)","20120101T20151231"
"8","a9888","m9888","c9888","0.662943993230958","0.385138135624117","0.599360793507904","index.data$a9888* (-1)+index.data$m9888*(0.385138135624117)+index.data$c9888*(0.599360793507904)","20120101T20151231"
"13","a9888","m9888","v9888","0.641598274181881","0.285528361102164","0.177245771455252","index.data$a9888* (-1)+index.data$m9888*(0.285528361102164)+index.data$v9888*(0.177245771455252)","20120101T20151231"
"22","a9888","SR888","v9888","0.637591318616568","-0.157772262846936","0.349864519521677","index.data$a9888* (-1)+index.data$SR888*(-0.157772262846936)+index.data$v9888*(0.349864519521677)","20120101T20151231"
"10","a9888","m9888","TA888","0.624687968990081","0.319676825810287","0.0694083139226341","index.data$a9888* (-1)+index.data$m9888*(0.319676825810287)+index.data$TA888*(0.0694083139226341)","20120101T20151231"
"62","m9888","l9888","p9888","0.622342225210386","0.218649917252486","0.141825279902627","index.data$m9888* (-1)+index.data$l9888*(0.218649917252486)+index.data$p9888*(0.141825279902627)","20120101T20151231"
"84","l9888","p9888","v9888","0.616712519474862","-0.412713266099168","1.74776659139802","index.data$l9888* (-1)+index.data$p9888*(-0.412713266099168)+index.data$v9888*(1.74776659139802)","20120101T20151231"
"15","a9888","c9888","TA888","0.604756624231118","0.609838107472337","0.102484417615981","index.data$a9888* (-1)+index.data$c9888*(0.609838107472337)+index.data$TA888*(0.102484417615981)","20120101T20151231"
"19","a9888","SR888","TA888","0.603062812059822","-0.174827077102529","0.157020948187661","index.data$a9888* (-1)+index.data$SR888*(-0.174827077102529)+index.data$TA888*(0.157020948187661)","20120101T20151231"
"18","a9888","c9888","v9888","0.594505984967616","0.445679343677199","0.243232707690643","index.data$a9888* (-1)+index.data$c9888*(0.445679343677199)+index.data$v9888*(0.243232707690643)","20120101T20151231"
"58","m9888","SR888","v9888","0.59189280541537","-0.234017139478139","0.520778545864541","index.data$m9888* (-1)+index.data$SR888*(-0.234017139478139)+index.data$v9888*(0.520778545864541)","20120101T20151231"
"1","a9888","y9888","m9888","0.580432437185468","0.0423669305908998","0.377287930730703","index.data$a9888* (-1)+index.data$y9888*(0.0423669305908998)+index.data$m9888*(0.377287930730703)","20120101T20151231"
"63","m9888","l9888","v9888","0.572566976853898","0.155281977217357","0.284625635340832","index.data$m9888* (-1)+index.data$l9888*(0.155281977217357)+index.data$v9888*(0.284625635340832)","20120101T20151231"
"2","a9888","y9888","c9888","0.571179293785618","0.08826485014144","0.719015767123657","index.data$a9888* (-1)+index.data$y9888*(0.08826485014144)+index.data$c9888*(0.719015767123657)","20120101T20151231"
"12","a9888","m9888","p9888","0.567602969651009","0.417735043899735","0.0348330864770078","index.data$a9888* (-1)+index.data$m9888*(0.417735043899735)+index.data$p9888*(0.0348330864770078)","20120101T20151231"
"41","y9888","SR888","l9888","0.566500937057929","1.74605641969418","0.728297901520435","index.data$y9888* (-1)+index.data$SR888*(1.74605641969418)+index.data$l9888*(0.728297901520435)","20120101T20151231"
"55","m9888","SR888","TA888","0.565674615000936","-0.260542440568915","0.234950854713147","index.data$m9888* (-1)+index.data$SR888*(-0.260542440568915)+index.data$TA888*(0.234950854713147)","20120101T20151231"
"11","a9888","m9888","l9888","0.561525232291479","0.422932011560942","0.0350934450114132","index.data$a9888* (-1)+index.data$m9888*(0.422932011560942)+index.data$l9888*(0.0350934450114132)","20120101T20151231"
"21","a9888","SR888","p9888","0.561331959043264","-0.307592691072438","0.208340476995439","index.data$a9888* (-1)+index.data$SR888*(-0.307592691072438)+index.data$p9888*(0.208340476995439)","20120101T20151231"
"59","m9888","TA888","l9888","0.557598418074598","0.112862443221875","0.17729033291758","index.data$m9888* (-1)+index.data$TA888*(0.112862443221875)+index.data$l9888*(0.17729033291758)","20120101T20151231"
"9","a9888","m9888","SR888","0.553044273815259","0.480678164811943","-0.00852880526894195","index.data$a9888* (-1)+index.data$m9888*(0.480678164811943)+index.data$SR888*(-0.00852880526894195)","20120101T20151231"
"78","SR888","l9888","p9888","0.552464491668979","-0.260265209696399","0.359083493878178","index.data$SR888* (-1)+index.data$l9888*(-0.260265209696399)+index.data$p9888*(0.359083493878178)","20120101T20151231"
"27","a9888","l9888","v9888","0.550190739061497","0.0262687435895633","0.278831463423957","index.data$a9888* (-1)+index.data$l9888*(0.0262687435895633)+index.data$v9888*(0.278831463423957)","20120101T20151231"
"28","a9888","p9888","v9888","0.548940911239829","-0.021284331137521","0.340515291390697","index.data$a9888* (-1)+index.data$p9888*(-0.021284331137521)+index.data$v9888*(0.340515291390697)","20120101T20151231"
"7","a9888","y9888","v9888","0.54834228448603","0.0164349541377151","0.27759722051923","index.data$a9888* (-1)+index.data$y9888*(0.0164349541377151)+index.data$v9888*(0.27759722051923)","20120101T20151231"
"25","a9888","TA888","v9888","0.545728100248773","-0.00075448840017444","0.309951689835297","index.data$a9888* (-1)+index.data$TA888*(-0.00075448840017444)+index.data$v9888*(0.309951689835297)","20120101T20151231"
"5","a9888","y9888","l9888","0.534197169275927","0.0879853035277263","0.105864853253574","index.data$a9888* (-1)+index.data$y9888*(0.0879853035277263)+index.data$l9888*(0.105864853253574)","20120101T20151231"
"64","m9888","p9888","v9888","0.515423062254668","0.0526001262974294","0.379786184169576","index.data$m9888* (-1)+index.data$p9888*(0.0526001262974294)+index.data$v9888*(0.379786184169576)","20120101T20151231"
"23","a9888","TA888","l9888","0.511252886157396","0.109092056262944","0.0492881714788382","index.data$a9888* (-1)+index.data$TA888*(0.109092056262944)+index.data$l9888*(0.0492881714788382)","20120101T20151231"
"61","m9888","TA888","v9888","0.507316291537967","0.0104611333255121","0.437284127831697","index.data$m9888* (-1)+index.data$TA888*(0.0104611333255121)+index.data$v9888*(0.437284127831697)","20120101T20151231"
"54","m9888","c9888","v9888","0.507206072306235","-0.00967768954459739","0.460644193106276","index.data$m9888* (-1)+index.data$c9888*(-0.00967768954459739)+index.data$v9888*(0.460644193106276)","20120101T20151231"
"4","a9888","y9888","TA888","0.500389283994527","0.0272596162724926","0.109342496590471","index.data$a9888* (-1)+index.data$y9888*(0.0272596162724926)+index.data$TA888*(0.109342496590471)","20120101T20151231"
"32","y9888","m9888","l9888","0.496190228908052","2.85296514507983","-0.239485561940767","index.data$y9888* (-1)+index.data$m9888*(2.85296514507983)+index.data$l9888*(-0.239485561940767)","20120101T20151231"
"24","a9888","TA888","p9888","0.494124173971846","0.135707163744508","-0.00373953517793161","index.data$a9888* (-1)+index.data$TA888*(0.135707163744508)+index.data$p9888*(-0.00373953517793161)","20120101T20151231"
"29","y9888","m9888","c9888","0.488339863782227","2.33363592229502","0.754883872782226","index.data$y9888* (-1)+index.data$m9888*(2.33363592229502)+index.data$c9888*(0.754883872782226)","20120101T20151231"
"17","a9888","c9888","p9888","0.485475809602402","0.745943820031185","0.0836283575179398","index.data$a9888* (-1)+index.data$c9888*(0.745943820031185)+index.data$p9888*(0.0836283575179398)","20120101T20151231"
"56","m9888","SR888","l9888","0.483236816362695","0.038661221760416","0.292266921702238","index.data$m9888* (-1)+index.data$SR888*(0.038661221760416)+index.data$l9888*(0.292266921702238)","20120101T20151231"
"52","m9888","c9888","l9888","0.482814885962856","0.13729110078048","0.277107368100924","index.data$m9888* (-1)+index.data$c9888*(0.13729110078048)+index.data$l9888*(0.277107368100924)","20120101T20151231"
"60","m9888","TA888","p9888","0.481419516132452","0.146891990390301","0.0764026466041866","index.data$m9888* (-1)+index.data$TA888*(0.146891990390301)+index.data$p9888*(0.0764026466041866)","20120101T20151231"
"51","m9888","c9888","TA888","0.479271551876674","0.347654654463902","0.181884537231863","index.data$m9888* (-1)+index.data$c9888*(0.347654654463902)+index.data$TA888*(0.181884537231863)","20120101T20151231"
"35","y9888","c9888","SR888","0.473986405322523","3.44517780470296","1.59705287847025","index.data$y9888* (-1)+index.data$c9888*(3.44517780470296)+index.data$SR888*(1.59705287847025)","20120101T20151231"
"71","c9888","TA888","v9888","0.466618219435332","-0.137215255155076","0.434004479376657","index.data$c9888* (-1)+index.data$TA888*(-0.137215255155076)+index.data$v9888*(0.434004479376657)","20120101T20151231"
"26","a9888","l9888","p9888","0.464854135144805","0.114519907123211","0.086248638686052","index.data$a9888* (-1)+index.data$l9888*(0.114519907123211)+index.data$p9888*(0.086248638686052)","20120101T20151231"
"16","a9888","c9888","l9888","0.46208123581059","0.681092120653032","0.0978645255690648","index.data$a9888* (-1)+index.data$c9888*(0.681092120653032)+index.data$l9888*(0.0978645255690648)","20120101T20151231"
"80","SR888","p9888","v9888","0.448971699583298","0.450219750692936","-0.416971346203827","index.data$SR888* (-1)+index.data$p9888*(0.450219750692936)+index.data$v9888*(-0.416971346203827)","20120101T20151231"
"6","a9888","y9888","p9888","0.441761752417894","0.243504873975909","-0.160139334875998","index.data$a9888* (-1)+index.data$y9888*(0.243504873975909)+index.data$p9888*(-0.160139334875998)","20120101T20151231"
"75","SR888","TA888","l9888","0.433899904645075","0.341727133785781","-0.420434542794561","index.data$SR888* (-1)+index.data$TA888*(0.341727133785781)+index.data$l9888*(-0.420434542794561)","20120101T20151231"
"53","m9888","c9888","p9888","0.420990502152963","0.462831970645252","0.190049842026987","index.data$m9888* (-1)+index.data$c9888*(0.462831970645252)+index.data$p9888*(0.190049842026987)","20120101T20151231"
"76","SR888","TA888","p9888","0.411295136561332","-0.14223295485518","0.406033103082417","index.data$SR888* (-1)+index.data$TA888*(-0.14223295485518)+index.data$p9888*(0.406033103082417)","20120101T20151231"
"79","SR888","l9888","v9888","0.398117698596702","-0.436094123428014","0.753368152850912","index.data$SR888* (-1)+index.data$l9888*(-0.436094123428014)+index.data$v9888*(0.753368152850912)","20120101T20151231"
"68","c9888","SR888","v9888","0.391252163946093","-0.0762565170269031","0.166206550505925","index.data$c9888* (-1)+index.data$SR888*(-0.0762565170269031)+index.data$v9888*(0.166206550505925)","20120101T20151231"
"14","a9888","c9888","SR888","0.36879534047378","0.997545732004152","-0.0137324048082907","index.data$a9888* (-1)+index.data$c9888*(0.997545732004152)+index.data$SR888*(-0.0137324048082907)","20120101T20151231"
"73","c9888","l9888","v9888","0.360455877850273","0.039556275265952","0.101671979376723","index.data$c9888* (-1)+index.data$l9888*(0.039556275265952)+index.data$v9888*(0.101671979376723)","20120101T20151231"
"74","c9888","p9888","v9888","0.341478588691227","-0.0210227765256116","0.177901710693622","index.data$c9888* (-1)+index.data$p9888*(-0.0210227765256116)+index.data$v9888*(0.177901710693622)","20120101T20151231"
"20","a9888","SR888","l9888","0.340788008080253","0.0150343216186014","0.15859465054928","index.data$a9888* (-1)+index.data$SR888*(0.0150343216186014)+index.data$l9888*(0.15859465054928)","20120101T20151231"
"72","c9888","l9888","p9888","0.328565350090209","0.0719224447600761","0.0310736665964028","index.data$c9888* (-1)+index.data$l9888*(0.0719224447600761)+index.data$p9888*(0.0310736665964028)","20120101T20151231"
"67","c9888","SR888","p9888","0.306255530153985","-0.139799224960861","0.0932761638686929","index.data$c9888* (-1)+index.data$SR888*(-0.139799224960861)+index.data$p9888*(0.0932761638686929)","20120101T20151231"
"69","c9888","TA888","l9888","0.293071242216841","0.0147989883832003","0.0726970642787169","index.data$c9888* (-1)+index.data$TA888*(0.0147989883832003)+index.data$l9888*(0.0726970642787169)","20120101T20151231"
"66","c9888","SR888","l9888","0.285454565270494","0.0093518047461014","0.0881239630950714","index.data$c9888* (-1)+index.data$SR888*(0.0093518047461014)+index.data$l9888*(0.0881239630950714)","20120101T20151231"
"65","c9888","SR888","TA888","0.239704176747739","-0.0706945340558826","0.0599239918797644","index.data$c9888* (-1)+index.data$SR888*(-0.0706945340558826)+index.data$TA888*(0.0599239918797644)","20120101T20151231"
"70","c9888","TA888","p9888","0.200609884126355","0.0350985795685489","0.0220877585214491","index.data$c9888* (-1)+index.data$TA888*(0.0350985795685489)+index.data$p9888*(0.0220877585214491)","20120101T20151231"
"37","y9888","c9888","l9888","0.185848308352467","1.78212712462222","0.429625839794961","index.data$y9888* (-1)+index.data$c9888*(1.78212712462222)+index.data$l9888*(0.429625839794961)","20120101T20151231"
"50","m9888","c9888","SR888","0.167981045707408","1.03542140045928","-0.0262997805750898","index.data$m9888* (-1)+index.data$c9888*(1.03542140045928)+index.data$SR888*(-0.0262997805750898)","20120101T20151231"
"77","SR888","TA888","v9888","0.135542729220695","0.245130362013937","-0.251231966296843","index.data$SR888* (-1)+index.data$TA888*(0.245130362013937)+index.data$v9888*(-0.251231966296843)","20120101T20151231"
"33","y9888","m9888","p9888","0.959619220376621","0.605642744109703","0.98466496899757","index.data$y9888* (-1)+index.data$m9888*(0.605642744109703)+index.data$p9888*(0.98466496899757)","20110101T20151231"
"45","y9888","TA888","p9888","0.949233934267833","0.12230256725194","0.933384401128466","index.data$y9888* (-1)+index.data$TA888*(0.12230256725194)+index.data$p9888*(0.933384401128466)","20110101T20151231"
"42","y9888","SR888","p9888","0.948140334872553","-0.176433782799455","1.13432871231367","index.data$y9888* (-1)+index.data$SR888*(-0.176433782799455)+index.data$p9888*(1.13432871231367)","20110101T20151231"
"49","y9888","p9888","v9888","0.94610240754226","1.02044261283381","0.0729935319422406","index.data$y9888* (-1)+index.data$p9888*(1.02044261283381)+index.data$v9888*(0.0729935319422406)","20110101T20151231"
"47","y9888","l9888","p9888","0.945846561336883","-0.0106678841947222","1.06237392686116","index.data$y9888* (-1)+index.data$l9888*(-0.0106678841947222)+index.data$p9888*(1.06237392686116)","20110101T20151231"
"38","y9888","c9888","p9888","0.94583940900125","-0.0585873624787275","1.0603684153425","index.data$y9888* (-1)+index.data$c9888*(-0.0585873624787275)+index.data$p9888*(1.0603684153425)","20110101T20151231"
"83","TA888","p9888","v9888","0.913460386365142","0.2033023177208","1.56610784913679","index.data$TA888* (-1)+index.data$p9888*(0.2033023177208)+index.data$v9888*(1.56610784913679)","20110101T20151231"
"82","TA888","l9888","v9888","0.909014895966466","0.0943297480576726","1.80384112409904","index.data$TA888* (-1)+index.data$l9888*(0.0943297480576726)+index.data$v9888*(1.80384112409904)","20110101T20151231"
"30","y9888","m9888","SR888","0.894630279390481","2.44573093035327","1.54686796577544","index.data$y9888* (-1)+index.data$m9888*(2.44573093035327)+index.data$SR888*(1.54686796577544)","20110101T20151231"
"81","TA888","l9888","p9888","0.879962426502601","0.589593838063674","0.82399647278248","index.data$TA888* (-1)+index.data$l9888*(0.589593838063674)+index.data$p9888*(0.82399647278248)","20110101T20151231"
"40","y9888","SR888","TA888","0.841672565892361","0.603871727706863","0.655486778771387","index.data$y9888* (-1)+index.data$SR888*(0.603871727706863)+index.data$TA888*(0.655486778771387)","20110101T20151231"
"44","y9888","TA888","l9888","0.836644346450788","1.0319060333524","-0.454421564113369","index.data$y9888* (-1)+index.data$TA888*(1.0319060333524)+index.data$l9888*(-0.454421564113369)","20110101T20151231"
"43","y9888","SR888","v9888","0.820653420248751","0.596171523500392","1.27023326946154","index.data$y9888* (-1)+index.data$SR888*(0.596171523500392)+index.data$v9888*(1.27023326946154)","20110101T20151231"
"48","y9888","l9888","v9888","0.819346429440114","-0.462317823369371","2.02864929845941","index.data$y9888* (-1)+index.data$l9888*(-0.462317823369371)+index.data$v9888*(2.02864929845941)","20110101T20151231"
"31","y9888","m9888","TA888","0.809923395367386","0.574221915656357","0.777991804349511","index.data$y9888* (-1)+index.data$m9888*(0.574221915656357)+index.data$TA888*(0.777991804349511)","20110101T20151231"
"46","y9888","TA888","v9888","0.809831910278918","0.531177851300358","0.653015022790746","index.data$y9888* (-1)+index.data$TA888*(0.531177851300358)+index.data$v9888*(0.653015022790746)","20110101T20151231"
"36","y9888","c9888","TA888","0.799136481144016","-0.29366104486343","0.854531451747302","index.data$y9888* (-1)+index.data$c9888*(-0.29366104486343)+index.data$TA888*(0.854531451747302)","20110101T20151231"
"34","y9888","m9888","v9888","0.796787251863388","0.674504468335293","1.49745449599343","index.data$y9888* (-1)+index.data$m9888*(0.674504468335293)+index.data$v9888*(1.49745449599343)","20110101T20151231"
"39","y9888","c9888","v9888","0.786347128377473","-0.933543999846868","1.7121281955959","index.data$y9888* (-1)+index.data$c9888*(-0.933543999846868)+index.data$v9888*(1.7121281955959)","20110101T20151231"
"78","SR888","l9888","p9888","0.733857527637407","-0.223314184785803","0.504548434336534","index.data$SR888* (-1)+index.data$l9888*(-0.223314184785803)+index.data$p9888*(0.504548434336534)","20110101T20151231"
"41","y9888","SR888","l9888","0.709408726151869","1.45522429517025","0.569054932478864","index.data$y9888* (-1)+index.data$SR888*(1.45522429517025)+index.data$l9888*(0.569054932478864)","20110101T20151231"
"79","SR888","l9888","v9888","0.693115416331848","-0.481177828486131","1.03237647466484","index.data$SR888* (-1)+index.data$l9888*(-0.481177828486131)+index.data$v9888*(1.03237647466484)","20110101T20151231"
"76","SR888","TA888","p9888","0.681001121989985","-0.0796910529060463","0.510115743208602","index.data$SR888* (-1)+index.data$TA888*(-0.0796910529060463)+index.data$p9888*(0.510115743208602)","20110101T20151231"
"35","y9888","c9888","SR888","0.680949425664513","3.36412248013838","1.61997647450255","index.data$y9888* (-1)+index.data$c9888*(3.36412248013838)+index.data$SR888*(1.61997647450255)","20110101T20151231"
"80","SR888","p9888","v9888","0.678058907414542","0.491419881820662","-0.120050130822506","index.data$SR888* (-1)+index.data$p9888*(0.491419881820662)+index.data$v9888*(-0.120050130822506)","20110101T20151231"
"8","a9888","m9888","c9888","0.657588950642349","0.381902714032337","0.588467219178016","index.data$a9888* (-1)+index.data$m9888*(0.381902714032337)+index.data$c9888*(0.588467219178016)","20110101T20151231"
"57","m9888","SR888","p9888","0.642060676437555","-0.512874623407345","0.342039137631013","index.data$m9888* (-1)+index.data$SR888*(-0.512874623407345)+index.data$p9888*(0.342039137631013)","20110101T20151231"
"75","SR888","TA888","l9888","0.641896700608857","0.49650541442367","-0.441964742215992","index.data$SR888* (-1)+index.data$TA888*(0.49650541442367)+index.data$l9888*(-0.441964742215992)","20110101T20151231"
"3","a9888","y9888","SR888","0.614008297346783","0.177977487152395","-0.282366348943545","index.data$a9888* (-1)+index.data$y9888*(0.177977487152395)+index.data$SR888*(-0.282366348943545)","20110101T20151231"
"84","l9888","p9888","v9888","0.603380180126495","-0.460178967302557","1.52677200598663","index.data$l9888* (-1)+index.data$p9888*(-0.460178967302557)+index.data$v9888*(1.52677200598663)","20110101T20151231"
"10","a9888","m9888","TA888","0.572995909943793","0.421957465309898","0.0221698810347811","index.data$a9888* (-1)+index.data$m9888*(0.421957465309898)+index.data$TA888*(0.0221698810347811)","20110101T20151231"
"13","a9888","m9888","v9888","0.569648284450607","0.429533987834356","0.0390540873747274","index.data$a9888* (-1)+index.data$m9888*(0.429533987834356)+index.data$v9888*(0.0390540873747274)","20110101T20151231"
"1","a9888","y9888","m9888","0.562600490718769","0.0155856489735937","0.439519409368534","index.data$a9888* (-1)+index.data$y9888*(0.0155856489735937)+index.data$m9888*(0.439519409368534)","20110101T20151231"
"11","a9888","m9888","l9888","0.560038460953959","0.437531597655779","0.0231041621130772","index.data$a9888* (-1)+index.data$m9888*(0.437531597655779)+index.data$l9888*(0.0231041621130772)","20110101T20151231"
"12","a9888","m9888","p9888","0.557006887205113","0.463790920613184","0.00812389395072942","index.data$a9888* (-1)+index.data$m9888*(0.463790920613184)+index.data$p9888*(0.00812389395072942)","20110101T20151231"
"9","a9888","m9888","SR888","0.555756630253173","0.481443752156888","-0.00824727186044276","index.data$a9888* (-1)+index.data$m9888*(0.481443752156888)+index.data$SR888*(-0.00824727186044276)","20110101T20151231"
"55","m9888","SR888","TA888","0.532159707791883","-0.304498973921209","0.215188368982173","index.data$m9888* (-1)+index.data$SR888*(-0.304498973921209)+index.data$TA888*(0.215188368982173)","20110101T20151231"
"58","m9888","SR888","v9888","0.529394540602565","-0.321266425092294","0.434845764768514","index.data$m9888* (-1)+index.data$SR888*(-0.321266425092294)+index.data$v9888*(0.434845764768514)","20110101T20151231"
"19","a9888","SR888","TA888","0.523098235550375","-0.207584563423192","0.13796496349007","index.data$a9888* (-1)+index.data$SR888*(-0.207584563423192)+index.data$TA888*(0.13796496349007)","20110101T20151231"
"77","SR888","TA888","v9888","0.513575295248973","0.0754393067340511","0.498480697028544","index.data$SR888* (-1)+index.data$TA888*(0.0754393067340511)+index.data$v9888*(0.498480697028544)","20110101T20151231"
"22","a9888","SR888","v9888","0.508878214288462","-0.215864429390077","0.275699593751621","index.data$a9888* (-1)+index.data$SR888*(-0.215864429390077)+index.data$v9888*(0.275699593751621)","20110101T20151231"
"62","m9888","l9888","p9888","0.498839285334215","0.213753866003386","0.0494515004587349","index.data$m9888* (-1)+index.data$l9888*(0.213753866003386)+index.data$p9888*(0.0494515004587349)","20110101T20151231"
"2","a9888","y9888","c9888","0.496113460500782","0.0530681330401085","0.840655476275765","index.data$a9888* (-1)+index.data$y9888*(0.0530681330401085)+index.data$c9888*(0.840655476275765)","20110101T20151231"
"21","a9888","SR888","p9888","0.493762947156098","-0.301144954224582","0.193869310098331","index.data$a9888* (-1)+index.data$SR888*(-0.301144954224582)+index.data$p9888*(0.193869310098331)","20110101T20151231"
"15","a9888","c9888","TA888","0.488896838106381","0.806912750788995","0.0497686471714391","index.data$a9888* (-1)+index.data$c9888*(0.806912750788995)+index.data$TA888*(0.0497686471714391)","20110101T20151231"
"59","m9888","TA888","l9888","0.480029010259085","0.0321034617031562","0.212680425866591","index.data$m9888* (-1)+index.data$TA888*(0.0321034617031562)+index.data$l9888*(0.212680425866591)","20110101T20151231"
"52","m9888","c9888","l9888","0.478483781715162","0.295290850121567","0.230826889872053","index.data$m9888* (-1)+index.data$c9888*(0.295290850121567)+index.data$l9888*(0.230826889872053)","20110101T20151231"
"56","m9888","SR888","l9888","0.477397403899187","-0.0448121494996064","0.259690872808994","index.data$m9888* (-1)+index.data$SR888*(-0.0448121494996064)+index.data$l9888*(0.259690872808994)","20110101T20151231"
"63","m9888","l9888","v9888","0.475202352351887","0.221554635926915","0.0486184539992604","index.data$m9888* (-1)+index.data$l9888*(0.221554635926915)+index.data$v9888*(0.0486184539992604)","20110101T20151231"
"16","a9888","c9888","l9888","0.458676924669056","0.726482886523506","0.0809779951500947","index.data$a9888* (-1)+index.data$c9888*(0.726482886523506)+index.data$l9888*(0.0809779951500947)","20110101T20151231"
"18","a9888","c9888","v9888","0.456821986564562","0.803603078221784","0.0857073889453562","index.data$a9888* (-1)+index.data$c9888*(0.803603078221784)+index.data$v9888*(0.0857073889453562)","20110101T20151231"
"17","a9888","c9888","p9888","0.431474610837471","0.887331015514131","0.040154591664852","index.data$a9888* (-1)+index.data$c9888*(0.887331015514131)+index.data$p9888*(0.040154591664852)","20110101T20151231"
"6","a9888","y9888","p9888","0.387206568721431","0.289635563258822","-0.241800409448217","index.data$a9888* (-1)+index.data$y9888*(0.289635563258822)+index.data$p9888*(-0.241800409448217)","20110101T20151231"
"5","a9888","y9888","l9888","0.386171174980962","0.0442520091205674","0.0974002080710451","index.data$a9888* (-1)+index.data$y9888*(0.0442520091205674)+index.data$l9888*(0.0974002080710451)","20110101T20151231"
"51","m9888","c9888","TA888","0.37942542565975","0.699049553666631","0.0993889012000466","index.data$m9888* (-1)+index.data$c9888*(0.699049553666631)+index.data$TA888*(0.0993889012000466)","20110101T20151231"
"14","a9888","c9888","SR888","0.37255155329597","1.01201981699906","0.00719751352198911","index.data$a9888* (-1)+index.data$c9888*(1.01201981699906)+index.data$SR888*(0.00719751352198911)","20110101T20151231"
"32","y9888","m9888","l9888","0.363000212094946","2.09762543022858","0.285190271397671","index.data$y9888* (-1)+index.data$m9888*(2.09762543022858)+index.data$l9888*(0.285190271397671)","20110101T20151231"
"54","m9888","c9888","v9888","0.353457091217643","0.654063498739304","0.186990577956295","index.data$m9888* (-1)+index.data$c9888*(0.654063498739304)+index.data$v9888*(0.186990577956295)","20110101T20151231"
"23","a9888","TA888","l9888","0.349714109214687","0.0358984740233474","0.0892957567681642","index.data$a9888* (-1)+index.data$TA888*(0.0358984740233474)+index.data$l9888*(0.0892957567681642)","20110101T20151231"
"29","y9888","m9888","c9888","0.347870965429326","2.5645438123404","0.376969716828526","index.data$y9888* (-1)+index.data$m9888*(2.5645438123404)+index.data$c9888*(0.376969716828526)","20110101T20151231"
"53","m9888","c9888","p9888","0.339241003930506","0.798165848388083","0.100093007903","index.data$m9888* (-1)+index.data$c9888*(0.798165848388083)+index.data$p9888*(0.100093007903)","20110101T20151231"
"68","c9888","SR888","v9888","0.338996934891185","-0.111279469654237","0.135670584605192","index.data$c9888* (-1)+index.data$SR888*(-0.111279469654237)+index.data$v9888*(0.135670584605192)","20110101T20151231"
"27","a9888","l9888","v9888","0.338725619840117","0.0962898453666018","0.0590211500264698","index.data$a9888* (-1)+index.data$l9888*(0.0962898453666018)+index.data$v9888*(0.0590211500264698)","20110101T20151231"
"26","a9888","l9888","p9888","0.336088616814815","0.11297457459614","0.02634285013431","index.data$a9888* (-1)+index.data$l9888*(0.11297457459614)+index.data$p9888*(0.02634285013431)","20110101T20151231"
"20","a9888","SR888","l9888","0.327350315881751","-0.0336432664969112","0.139090698591755","index.data$a9888* (-1)+index.data$SR888*(-0.0336432664969112)+index.data$l9888*(0.139090698591755)","20110101T20151231"
"61","m9888","TA888","v9888","0.315791729344293","0.0908970240851011","0.0581706791317488","index.data$m9888* (-1)+index.data$TA888*(0.0908970240851011)+index.data$v9888*(0.0581706791317488)","20110101T20151231"
"60","m9888","TA888","p9888","0.314022391654852","0.117575110474351","0.00179662642286108","index.data$m9888* (-1)+index.data$TA888*(0.117575110474351)+index.data$p9888*(0.00179662642286108)","20110101T20151231"
"64","m9888","p9888","v9888","0.299242528310532","0.0111544719151074","0.211859875930371","index.data$m9888* (-1)+index.data$p9888*(0.0111544719151074)+index.data$v9888*(0.211859875930371)","20110101T20151231"
"24","a9888","TA888","p9888","0.29648718804745","0.107666363691454","-0.0455045110310975","index.data$a9888* (-1)+index.data$TA888*(0.107666363691454)+index.data$p9888*(-0.0455045110310975)","20110101T20151231"
"67","c9888","SR888","p9888","0.289574006255413","-0.143963328989802","0.0895077673866884","index.data$c9888* (-1)+index.data$SR888*(-0.143963328989802)+index.data$p9888*(0.0895077673866884)","20110101T20151231"
"4","a9888","y9888","TA888","0.286122864780453","0.0265016648962586","0.0499410918897889","index.data$a9888* (-1)+index.data$y9888*(0.0265016648962586)+index.data$TA888*(0.0499410918897889)","20110101T20151231"
"25","a9888","TA888","v9888","0.279629848061435","0.0652481626593598","0.0147572112381849","index.data$a9888* (-1)+index.data$TA888*(0.0652481626593598)+index.data$v9888*(0.0147572112381849)","20110101T20151231"
"7","a9888","y9888","v9888","0.274988417438698","0.0394780357282489","0.0722513130180464","index.data$a9888* (-1)+index.data$y9888*(0.0394780357282489)+index.data$v9888*(0.0722513130180464)","20110101T20151231"
"66","c9888","SR888","l9888","0.270183070978007","-0.0237125281419873","0.0761867501367987","index.data$c9888* (-1)+index.data$SR888*(-0.0237125281419873)+index.data$l9888*(0.0761867501367987)","20110101T20151231"
"28","a9888","p9888","v9888","0.269991513917986","-0.0386535845106511","0.19728034748109","index.data$a9888* (-1)+index.data$p9888*(-0.0386535845106511)+index.data$v9888*(0.19728034748109)","20110101T20151231"
"73","c9888","l9888","v9888","0.256396898205085","0.0649708791837088","0.0114797383399646","index.data$c9888* (-1)+index.data$l9888*(0.0649708791837088)+index.data$v9888*(0.0114797383399646)","20110101T20151231"
"72","c9888","l9888","p9888","0.255547396376657","0.0687915496023065","0.00438249923187793","index.data$c9888* (-1)+index.data$l9888*(0.0687915496023065)+index.data$p9888*(0.00438249923187793)","20110101T20151231"
"69","c9888","TA888","l9888","0.254622234799655","-0.00296638396110401","0.0758404253366374","index.data$c9888* (-1)+index.data$TA888*(-0.00296638396110401)+index.data$l9888*(0.0758404253366374)","20110101T20151231"
"37","y9888","c9888","l9888","0.246775378402178","0.472903811437179","0.779955444000519","index.data$y9888* (-1)+index.data$c9888*(0.472903811437179)+index.data$l9888*(0.779955444000519)","20110101T20151231"
"65","c9888","SR888","TA888","0.239115381053428","-0.0893065784884725","0.0562294731516323","index.data$c9888* (-1)+index.data$SR888*(-0.0893065784884725)+index.data$TA888*(0.0562294731516323)","20110101T20151231"
"50","m9888","c9888","SR888","0.189350608595444","1.10999066359481","0.0290927387322266","index.data$m9888* (-1)+index.data$c9888*(1.10999066359481)+index.data$SR888*(0.0290927387322266)","20110101T20151231"
"74","c9888","p9888","v9888","0.1771230536703","-0.0316945946699025","0.11345509744191","index.data$c9888* (-1)+index.data$p9888*(-0.0316945946699025)+index.data$v9888*(0.11345509744191)","20110101T20151231"
"71","c9888","TA888","v9888","0.171137913643552","-0.0332623279613691","0.126967990856046","index.data$c9888* (-1)+index.data$TA888*(-0.0332623279613691)+index.data$v9888*(0.126967990856046)","20110101T20151231"
"70","c9888","TA888","p9888","0.115482097171881","0.031336781397649","-0.00428993090735612","index.data$c9888* (-1)+index.data$TA888*(0.031336781397649)+index.data$p9888*(-0.00428993090735612)","20110101T20151231"
"33","y9888","m9888","p9888","0.958309574169963","0.652326234581607","0.961209003424005","index.data$y9888* (-1)+index.data$m9888*(0.652326234581607)+index.data$p9888*(0.961209003424005)","20100101T20151231"
"45","y9888","TA888","p9888","0.94323806998516","0.0928981397937991","0.942220103413506","index.data$y9888* (-1)+index.data$TA888*(0.0928981397937991)+index.data$p9888*(0.942220103413506)","20100101T20151231"
"38","y9888","c9888","p9888","0.943150850834309","0.368843119644185","1.02907973393024","index.data$y9888* (-1)+index.data$c9888*(0.368843119644185)+index.data$p9888*(1.02907973393024)","20100101T20151231"
"47","y9888","l9888","p9888","0.942595411432599","-0.0652993405663447","1.06216140740279","index.data$y9888* (-1)+index.data$l9888*(-0.0652993405663447)+index.data$p9888*(1.06216140740279)","20100101T20151231"
"49","y9888","p9888","v9888","0.94256561281826","1.10235812549972","-0.118171696801785","index.data$y9888* (-1)+index.data$p9888*(1.10235812549972)+index.data$v9888*(-0.118171696801785)","20100101T20151231"
"42","y9888","SR888","p9888","0.942219151672094","-0.106590971269524","1.08293930383407","index.data$y9888* (-1)+index.data$SR888*(-0.106590971269524)+index.data$p9888*(1.08293930383407)","20100101T20151231"
"83","TA888","p9888","v9888","0.883322047242334","0.458161674863162","1.01338485148819","index.data$TA888* (-1)+index.data$p9888*(0.458161674863162)+index.data$v9888*(1.01338485148819)","20100101T20151231"
"81","TA888","l9888","p9888","0.879342288687482","0.54031944208227","0.810469233527656","index.data$TA888* (-1)+index.data$l9888*(0.54031944208227)+index.data$p9888*(0.810469233527656)","20100101T20151231"
"82","TA888","l9888","v9888","0.846230494173009","0.157918644748054","1.49909935637409","index.data$TA888* (-1)+index.data$l9888*(0.157918644748054)+index.data$v9888*(1.49909935637409)","20100101T20151231"
"40","y9888","SR888","TA888","0.838244079225966","0.62164455173802","0.634041597130974","index.data$y9888* (-1)+index.data$SR888*(0.62164455173802)+index.data$TA888*(0.634041597130974)","20100101T20151231"
"44","y9888","TA888","l9888","0.831362611774869","1.03788514951412","-0.456679863289517","index.data$y9888* (-1)+index.data$TA888*(1.03788514951412)+index.data$l9888*(-0.456679863289517)","20100101T20151231"
"30","y9888","m9888","SR888","0.830493329664125","2.14897834928578","1.43053720580484","index.data$y9888* (-1)+index.data$m9888*(2.14897834928578)+index.data$SR888*(1.43053720580484)","20100101T20151231"
"31","y9888","m9888","TA888","0.80903663327344","0.748447542905408","0.750797822658048","index.data$y9888* (-1)+index.data$m9888*(0.748447542905408)+index.data$TA888*(0.750797822658048)","20100101T20151231"
"36","y9888","c9888","TA888","0.792146406199619","0.578432516120466","0.822012647928563","index.data$y9888* (-1)+index.data$c9888*(0.578432516120466)+index.data$TA888*(0.822012647928563)","20100101T20151231"
"46","y9888","TA888","v9888","0.787604823810146","0.810308849349588","0.0419746191395421","index.data$y9888* (-1)+index.data$TA888*(0.810308849349588)+index.data$v9888*(0.0419746191395421)","20100101T20151231"
"43","y9888","SR888","v9888","0.780085670752815","0.858189385042428","0.917872241768386","index.data$y9888* (-1)+index.data$SR888*(0.858189385042428)+index.data$v9888*(0.917872241768386)","20100101T20151231"
"8","a9888","m9888","c9888","0.762855476086533","0.368057938884224","0.829892734366062","index.data$a9888* (-1)+index.data$m9888*(0.368057938884224)+index.data$c9888*(0.829892734366062)","20100101T20151231"
"34","y9888","m9888","v9888","0.746644752999099","1.32733884153023","1.16347993562293","index.data$y9888* (-1)+index.data$m9888*(1.32733884153023)+index.data$v9888*(1.16347993562293)","20100101T20151231"
"39","y9888","c9888","v9888","0.714153844142415","1.77292748500011","1.36436864267242","index.data$y9888* (-1)+index.data$c9888*(1.77292748500011)+index.data$v9888*(1.36436864267242)","20100101T20151231"
"78","SR888","l9888","p9888","0.707407563179229","-0.190673579246587","0.505484518359511","index.data$SR888* (-1)+index.data$l9888*(-0.190673579246587)+index.data$p9888*(0.505484518359511)","20100101T20151231"
"48","y9888","l9888","v9888","0.69529051610245","-0.35963432666332","1.65574644234682","index.data$y9888* (-1)+index.data$l9888*(-0.35963432666332)+index.data$v9888*(1.65574644234682)","20100101T20151231"
"41","y9888","SR888","l9888","0.688039135831287","1.38504531480008","0.476334012399852","index.data$y9888* (-1)+index.data$SR888*(1.38504531480008)+index.data$l9888*(0.476334012399852)","20100101T20151231"
"80","SR888","p9888","v9888","0.684028976274695","0.5669778193834","-0.244153196519028","index.data$SR888* (-1)+index.data$p9888*(0.5669778193834)+index.data$v9888*(-0.244153196519028)","20100101T20151231"
"76","SR888","TA888","p9888","0.671047863329265","-0.100993457376648","0.534718196204303","index.data$SR888* (-1)+index.data$TA888*(-0.100993457376648)+index.data$p9888*(0.534718196204303)","20100101T20151231"
"2","a9888","y9888","c9888","0.660600331587288","0.0466834300315799","1.08680513123177","index.data$a9888* (-1)+index.data$y9888*(0.0466834300315799)+index.data$c9888*(1.08680513123177)","20100101T20151231"
"15","a9888","c9888","TA888","0.64604233705025","1.11412686015694","0.0381441002661837","index.data$a9888* (-1)+index.data$c9888*(1.11412686015694)+index.data$TA888*(0.0381441002661837)","20100101T20151231"
"17","a9888","c9888","p9888","0.623598139896526","1.12464231326307","0.0322845488432306","index.data$a9888* (-1)+index.data$c9888*(1.12464231326307)+index.data$p9888*(0.0322845488432306)","20100101T20151231"
"16","a9888","c9888","l9888","0.620106402769234","1.12427150514479","0.0425566655472034","index.data$a9888* (-1)+index.data$c9888*(1.12427150514479)+index.data$l9888*(0.0425566655472034)","20100101T20151231"
"18","a9888","c9888","v9888","0.61714112748321","1.16871298444228","0.0433109882301772","index.data$a9888* (-1)+index.data$c9888*(1.16871298444228)+index.data$v9888*(0.0433109882301772)","20100101T20151231"
"35","y9888","c9888","SR888","0.612856306869733","1.13142416159275","1.5279293715616","index.data$y9888* (-1)+index.data$c9888*(1.13142416159275)+index.data$SR888*(1.5279293715616)","20100101T20151231"
"14","a9888","c9888","SR888","0.598741643781042","1.15996473192072","0.0181143305322995","index.data$a9888* (-1)+index.data$c9888*(1.15996473192072)+index.data$SR888*(0.0181143305322995)","20100101T20151231"
"84","l9888","p9888","v9888","0.582200732407605","-0.25945134839822","1.16661653221558","index.data$l9888* (-1)+index.data$p9888*(-0.25945134839822)+index.data$v9888*(1.16661653221558)","20100101T20151231"
"75","SR888","TA888","l9888","0.580300900600111","0.482283816105206","-0.363402139260478","index.data$SR888* (-1)+index.data$TA888*(0.482283816105206)+index.data$l9888*(-0.363402139260478)","20100101T20151231"
"13","a9888","m9888","v9888","0.556780324277879","0.631277550613922","-0.0527705033823459","index.data$a9888* (-1)+index.data$m9888*(0.631277550613922)+index.data$v9888*(-0.0527705033823459)","20100101T20151231"
"11","a9888","m9888","l9888","0.550557458998333","0.651955942858232","-0.0462301449538074","index.data$a9888* (-1)+index.data$m9888*(0.651955942858232)+index.data$l9888*(-0.0462301449538074)","20100101T20151231"
"12","a9888","m9888","p9888","0.534607849908107","0.603638266895196","-0.0138770859838565","index.data$a9888* (-1)+index.data$m9888*(0.603638266895196)+index.data$p9888*(-0.0138770859838565)","20100101T20151231"
"10","a9888","m9888","TA888","0.531848001090575","0.592967770104195","-0.00694146623042939","index.data$a9888* (-1)+index.data$m9888*(0.592967770104195)+index.data$TA888*(-0.00694146623042939)","20100101T20151231"
"9","a9888","m9888","SR888","0.531505173046271","0.57345036853957","0.0110252036422393","index.data$a9888* (-1)+index.data$m9888*(0.57345036853957)+index.data$SR888*(0.0110252036422393)","20100101T20151231"
"1","a9888","y9888","m9888","0.530908418474615","-0.00390263426655734","0.586335634783457","index.data$a9888* (-1)+index.data$y9888*(-0.00390263426655734)+index.data$m9888*(0.586335634783457)","20100101T20151231"
"79","SR888","l9888","v9888","0.479322910842794","-0.330091914501588","0.786992606143538","index.data$SR888* (-1)+index.data$l9888*(-0.330091914501588)+index.data$v9888*(0.786992606143538)","20100101T20151231"
"77","SR888","TA888","v9888","0.467742185032149","0.324033934511946","-0.0107832669501931","index.data$SR888* (-1)+index.data$TA888*(0.324033934511946)+index.data$v9888*(-0.0107832669501931)","20100101T20151231"
"52","m9888","c9888","l9888","0.461649195150552","0.747688599763248","0.167678563359275","index.data$m9888* (-1)+index.data$c9888*(0.747688599763248)+index.data$l9888*(0.167678563359275)","20100101T20151231"
"57","m9888","SR888","p9888","0.433148411531116","-0.357364107901141","0.270356800077114","index.data$m9888* (-1)+index.data$SR888*(-0.357364107901141)+index.data$p9888*(0.270356800077114)","20100101T20151231"
"51","m9888","c9888","TA888","0.423050812425114","0.78426497543957","0.0949526478129063","index.data$m9888* (-1)+index.data$c9888*(0.78426497543957)+index.data$TA888*(0.0949526478129063)","20100101T20151231"
"53","m9888","c9888","p9888","0.392027811090878","0.785578196571086","0.0993666052452633","index.data$m9888* (-1)+index.data$c9888*(0.785578196571086)+index.data$p9888*(0.0993666052452633)","20100101T20151231"
"54","m9888","c9888","v9888","0.388065931013814","0.92195162948882","0.150661166919822","index.data$m9888* (-1)+index.data$c9888*(0.92195162948882)+index.data$v9888*(0.150661166919822)","20100101T20151231"
"32","y9888","m9888","l9888","0.377774673119573","1.91203660919514","0.382252486263786","index.data$y9888* (-1)+index.data$m9888*(1.91203660919514)+index.data$l9888*(0.382252486263786)","20100101T20151231"
"62","m9888","l9888","p9888","0.355458503272653","0.146121779071885","0.0595668205411558","index.data$m9888* (-1)+index.data$l9888*(0.146121779071885)+index.data$p9888*(0.0595668205411558)","20100101T20151231"
"55","m9888","SR888","TA888","0.352242940831825","-0.192464349718482","0.169799325665376","index.data$m9888* (-1)+index.data$SR888*(-0.192464349718482)+index.data$TA888*(0.169799325665376)","20100101T20151231"
"6","a9888","y9888","p9888","0.343337899978393","0.377778642714134","-0.335545084878897","index.data$a9888* (-1)+index.data$y9888*(0.377778642714134)+index.data$p9888*(-0.335545084878897)","20100101T20151231"
"29","y9888","m9888","c9888","0.340274988161114","2.73435790362383","-0.788132479951281","index.data$y9888* (-1)+index.data$m9888*(2.73435790362383)+index.data$c9888*(-0.788132479951281)","20100101T20151231"
"59","m9888","TA888","l9888","0.335691265342958","0.0462886889077068","0.138015602352987","index.data$m9888* (-1)+index.data$TA888*(0.0462886889077068)+index.data$l9888*(0.138015602352987)","20100101T20151231"
"63","m9888","l9888","v9888","0.314234000552701","0.203367726268827","-0.017298466163239","index.data$m9888* (-1)+index.data$l9888*(0.203367726268827)+index.data$v9888*(-0.017298466163239)","20100101T20151231"
"56","m9888","SR888","l9888","0.313870924201131","-0.0114394275992137","0.194037348287246","index.data$m9888* (-1)+index.data$SR888*(-0.0114394275992137)+index.data$l9888*(0.194037348287246)","20100101T20151231"
"25","a9888","TA888","v9888","0.306409971511159","0.227699642693476","-0.329397787166701","index.data$a9888* (-1)+index.data$TA888*(0.227699642693476)+index.data$v9888*(-0.329397787166701)","20100101T20151231"
"61","m9888","TA888","v9888","0.291862104563412","0.198584427073285","-0.174229231522814","index.data$m9888* (-1)+index.data$TA888*(0.198584427073285)+index.data$v9888*(-0.174229231522814)","20100101T20151231"
"7","a9888","y9888","v9888","0.279280945744103","0.159864973712977","-0.176271149227719","index.data$a9888* (-1)+index.data$y9888*(0.159864973712977)+index.data$v9888*(-0.176271149227719)","20100101T20151231"
"37","y9888","c9888","l9888","0.26133752717279","0.997653905298805","0.716787202616383","index.data$y9888* (-1)+index.data$c9888*(0.997653905298805)+index.data$l9888*(0.716787202616383)","20100101T20151231"
"60","m9888","TA888","p9888","0.260912663260838","0.0871718307285625","0.0271985094540695","index.data$m9888* (-1)+index.data$TA888*(0.0871718307285625)+index.data$p9888*(0.0271985094540695)","20100101T20151231"
"3","a9888","y9888","SR888","0.25685090862107","0.139340659580753","-0.172710938390703","index.data$a9888* (-1)+index.data$y9888*(0.139340659580753)+index.data$SR888*(-0.172710938390703)","20100101T20151231"
"50","m9888","c9888","SR888","0.236382335510513","0.901439534350392","0.0370614765102035","index.data$m9888* (-1)+index.data$c9888*(0.901439534350392)+index.data$SR888*(0.0370614765102035)","20100101T20151231"
"64","m9888","p9888","v9888","0.228691078726055","0.1303854952443","-0.0258723650764255","index.data$m9888* (-1)+index.data$p9888*(0.1303854952443)+index.data$v9888*(-0.0258723650764255)","20100101T20151231"
"58","m9888","SR888","v9888","0.179452157599174","-0.0918954738950337","0.196629457394892","index.data$m9888* (-1)+index.data$SR888*(-0.0918954738950337)+index.data$v9888*(0.196629457394892)","20100101T20151231"
"5","a9888","y9888","l9888","0.175410569981844","0.0626391642584828","0.0318918518954207","index.data$a9888* (-1)+index.data$y9888*(0.0626391642584828)+index.data$l9888*(0.0318918518954207)","20100101T20151231"
"4","a9888","y9888","TA888","0.167011977331993","0.088730941536718","-0.0164251350464502","index.data$a9888* (-1)+index.data$y9888*(0.088730941536718)+index.data$TA888*(-0.0164251350464502)","20100101T20151231"
"71","c9888","TA888","v9888","0.166602021454473","0.114706634517569","-0.188438507202417","index.data$c9888* (-1)+index.data$TA888*(0.114706634517569)+index.data$v9888*(-0.188438507202417)","20100101T20151231"
"19","a9888","SR888","TA888","0.13904809201596","-0.0763462325485388","0.0817130249146333","index.data$a9888* (-1)+index.data$SR888*(-0.0763462325485388)+index.data$TA888*(0.0817130249146333)","20100101T20151231"
"28","a9888","p9888","v9888","0.135325478600012","0.129596035093494","-0.132571931566154","index.data$a9888* (-1)+index.data$p9888*(0.129596035093494)+index.data$v9888*(-0.132571931566154)","20100101T20151231"
"21","a9888","SR888","p9888","0.125539919747627","-0.125371280071223","0.110311364890385","index.data$a9888* (-1)+index.data$SR888*(-0.125371280071223)+index.data$p9888*(0.110311364890385)","20100101T20151231"
"23","a9888","TA888","l9888","0.119671114588436","0.0459211630236805","0.0254625064480175","index.data$a9888* (-1)+index.data$TA888*(0.0459211630236805)+index.data$l9888*(0.0254625064480175)","20100101T20151231"
"74","c9888","p9888","v9888","0.117938746506706","0.0863446344277604","-0.117550592855521","index.data$c9888* (-1)+index.data$p9888*(0.0863446344277604)+index.data$v9888*(-0.117550592855521)","20100101T20151231"
"24","a9888","TA888","p9888","0.116202205968214","0.0665259158308146","-0.011633871328635","index.data$a9888* (-1)+index.data$TA888*(0.0665259158308146)+index.data$p9888*(-0.011633871328635)","20100101T20151231"
"26","a9888","l9888","p9888","0.109810691759075","0.0507911449313497","0.0365438818520272","index.data$a9888* (-1)+index.data$l9888*(0.0507911449313497)+index.data$p9888*(0.0365438818520272)","20100101T20151231"
"27","a9888","l9888","v9888","0.0976242055624007","0.113046543453219","-0.0511408768536457","index.data$a9888* (-1)+index.data$l9888*(0.113046543453219)+index.data$v9888*(-0.0511408768536457)","20100101T20151231"
"20","a9888","SR888","l9888","0.0865327602080137","0.0170870569090404","0.0754424300338242","index.data$a9888* (-1)+index.data$SR888*(0.0170870569090404)+index.data$l9888*(0.0754424300338242)","20100101T20151231"
"73","c9888","l9888","v9888","0.0764951047543717","0.0737771919281621","-0.0620350839409387","index.data$c9888* (-1)+index.data$l9888*(0.0737771919281621)+index.data$v9888*(-0.0620350839409387)","20100101T20151231"
"72","c9888","l9888","p9888","0.0390388686221787","0.0226742043627765","0.0124811222334011","index.data$c9888* (-1)+index.data$l9888*(0.0226742043627765)+index.data$p9888*(0.0124811222334011)","20100101T20151231"
"66","c9888","SR888","l9888","0.0344102786449242","0.0114628913692201","0.0299859832450281","index.data$c9888* (-1)+index.data$SR888*(0.0114628913692201)+index.data$l9888*(0.0299859832450281)","20100101T20151231"
"69","c9888","TA888","l9888","0.0335571493181325","0.00576956833032634","0.0255401584214934","index.data$c9888* (-1)+index.data$TA888*(0.00576956833032634)+index.data$l9888*(0.0255401584214934)","20100101T20151231"
"67","c9888","SR888","p9888","0.0334911062783163","-0.0311230527208589","0.0346850076707677","index.data$c9888* (-1)+index.data$SR888*(-0.0311230527208589)+index.data$p9888*(0.0346850076707677)","20100101T20151231"
"70","c9888","TA888","p9888","0.0279548594762125","0.00307599286320708","0.0181114783570527","index.data$c9888* (-1)+index.data$TA888*(0.00307599286320708)+index.data$p9888*(0.0181114783570527)","20100101T20151231"
"65","c9888","SR888","TA888","0.024274154774499","-0.00630710579752756","0.0192918496891561","index.data$c9888* (-1)+index.data$SR888*(-0.00630710579752756)+index.data$TA888*(0.0192918496891561)","20100101T20151231"
"22","a9888","SR888","v9888","0.0209523727302951","0.0202876889648994","0.0308880651025662","index.data$a9888* (-1)+index.data$SR888*(0.0202876889648994)+index.data$v9888*(0.0308880651025662)","20100101T20151231"
"68","c9888","SR888","v9888","0.0155185309486665","0.0382384017566481","-0.0214211563060073","index.data$c9888* (-1)+index.data$SR888*(0.0382384017566481)+index.data$v9888*(-0.0214211563060073)","20100101T20151231"
