"OPEN","CLOSE","HIGH","LOW","VOLUME","Date"
1481,1475,1492,1469,587394,"2006-02-23"
1481,1484,1489,1475,290298,"2006-02-24"
1495,1476,1496,1473,273644,"2006-02-27"
1480,1467,1482,1466,240332,"2006-02-28"
1471,1460,1471,1459,224656,"2006-03-01"
1453,1465,1465,1452,193088,"2006-03-02"
1476,1474,1478,1470,207122,"2006-03-03"
1463,1461,1468,1460,148006,"2006-03-06"
1452,1455,1461,1452,163466,"2006-03-07"
1452,1433,1453,1430,266026,"2006-03-08"
1429,1441,1441,1424,176640,"2006-03-09"
1445,1429,1445,1428,146926,"2006-03-10"
1446,1448,1454,1444,140738,"2006-03-13"
1420,1414,1425,1405,197620,"2006-03-14"
1440,1441,1445,1438,130872,"2006-03-15"
1412,1406,1414,1400,177786,"2006-03-16"
1410,1407,1412,1398,207934,"2006-03-17"
1401,1420,1420,1401,175928,"2006-03-20"
1401,1413,1416,1401,134988,"2006-03-21"
1425,1435,1438,1424,161180,"2006-03-22"
1429,1432,1435,1424,148702,"2006-03-23"
1424,1425,1432,1422,121860,"2006-03-24"
1432,1442,1444,1430,175336,"2006-03-27"
1443,1427,1445,1424,173402,"2006-03-28"
1428,1426,1433,1419,177286,"2006-03-29"
1413,1415,1417,1410,139584,"2006-03-30"
1435,1437,1443,1435,178878,"2006-03-31"
1449,1433,1452,1433,176432,"2006-04-03"
1430,1431,1438,1426,138112,"2006-04-04"
1427,1437,1442,1421,229810,"2006-04-05"
1440,1448,1448,1437,223478,"2006-04-06"
1453,1440,1453,1438,225160,"2006-04-07"
1440,1434,1443,1429,178314,"2006-04-10"
1431,1413,1434,1408,336300,"2006-04-11"
1388,1385,1394,1380,175378,"2006-04-12"
1399,1382,1403,1381,269200,"2006-04-13"
1385,1383,1388,1376,199844,"2006-04-14"
1410,1410,1411,1407,175408,"2006-04-19"
1379,1374,1379,1374,176756,"2006-04-20"
1398,1385,1398,1382,187856,"2006-04-21"
1396,1406,1412,1395,238114,"2006-04-24"
1394,1404,1404,1388,192172,"2006-04-25"
1406,1408,1411,1402,186872,"2006-04-26"
1406,1426,1431,1405,307296,"2006-04-27"
1425,1447,1448,1419,282226,"2006-04-28"
1450,1445,1453,1438,308982,"2006-05-08"
1446,1474,1475,1442,413478,"2006-05-09"
1475,1468,1485,1465,393640,"2006-05-10"
1466,1476,1482,1462,331264,"2006-05-11"
1485,1473,1490,1463,315400,"2006-05-12"
1509,1512,1518,1500,348378,"2006-05-15"
1471,1457,1478,1448,343290,"2006-05-16"
1493,1504,1507,1491,300508,"2006-05-17"
1502,1506,1515,1492,463348,"2006-05-18"
1497,1504,1507,1495,295226,"2006-05-19"
1488,1487,1499,1483,389132,"2006-05-22"
1497,1504,1505,1496,236922,"2006-05-23"
1508,1521,1525,1507,587642,"2006-05-24"
1514,1516,1521,1509,317792,"2006-05-25"
1529,1540,1541,1528,393644,"2006-05-26"
1536,1545,1547,1532,414884,"2006-05-29"
1547,1547,1554,1535,481356,"2006-05-30"
1545,1526,1545,1526,368168,"2006-05-31"
1520,1497,1522,1481,705310,"2006-06-01"
1515,1515,1519,1497,390444,"2006-06-02"
1530,1529,1538,1527,272454,"2006-06-05"
1514,1517,1519,1510,240324,"2006-06-06"
1502,1512,1513,1498,177930,"2006-06-07"
1519,1505,1522,1503,177080,"2006-06-08"
1494,1502,1503,1490,194914,"2006-06-09"
1513,1511,1517,1504,162944,"2006-06-12"
1507,1491,1509,1489,299760,"2006-06-13"
1485,1476,1485,1464,574636,"2006-06-14"
1462,1480,1485,1462,304840,"2006-06-15"
1480,1477,1485,1469,300098,"2006-06-16"
1471,1465,1475,1465,250190,"2006-06-19"
1455,1469,1471,1451,249048,"2006-06-20"
1469,1478,1484,1465,238602,"2006-06-21"
1483,1480,1486,1478,189400,"2006-06-22"
1475,1473,1476,1469,134980,"2006-06-23"
1467,1467,1475,1462,119520,"2006-06-26"
1463,1476,1476,1461,134960,"2006-06-27"
1475,1467,1476,1467,89060,"2006-06-28"
1471,1473,1475,1468,99304,"2006-06-29"
1479,1476,1480,1474,91884,"2006-06-30"
1479,1476,1480,1474,91884,"2006-07-03"
1479,1470,1480,1465,187890,"2006-07-04"
1471,1461,1474,1456,241676,"2006-07-05"
1500,1492,1503,1491,151754,"2006-07-06"
1462,1445,1463,1442,269922,"2006-07-07"
1443,1427,1446,1421,277124,"2006-07-10"
1469,1478,1480,1458,294432,"2006-07-11"
1473,1470,1477,1466,194710,"2006-07-12"
1465,1463,1468,1461,127372,"2006-07-13"
1460,1461,1462,1453,151840,"2006-07-14"
1460,1470,1470,1453,132498,"2006-07-17"
1460,1470,1470,1453,132498,"2006-07-18"
1462,1462,1466,1458,148572,"2006-07-19"
1464,1461,1467,1461,129156,"2006-07-20"
1458,1435,1459,1431,304482,"2006-07-21"
1431,1422,1433,1411,326012,"2006-07-24"
1430,1420,1434,1418,159356,"2006-07-25"
1417,1410,1422,1404,287498,"2006-07-26"
1405,1411,1413,1404,182408,"2006-07-27"
1413,1417,1420,1410,176276,"2006-07-28"
1420,1428,1428,1415,213940,"2006-07-31"
1423,1411,1427,1411,142606,"2006-08-01"
1415,1410,1417,1409,157828,"2006-08-02"
1415,1403,1416,1396,297726,"2006-08-03"
1403,1410,1410,1399,208290,"2006-08-04"
1402,1394,1408,1392,207750,"2006-08-07"
1385,1386,1391,1382,228700,"2006-08-08"
1383,1386,1391,1383,142936,"2006-08-09"
1390,1391,1392,1378,297688,"2006-08-10"
1388,1397,1397,1387,259258,"2006-08-11"
1376,1385,1388,1375,248106,"2006-08-14"
1387,1397,1399,1387,218028,"2006-08-15"
1400,1400,1405,1395,307322,"2006-08-16"
1396,1418,1419,1393,371188,"2006-08-17"
1415,1421,1429,1414,481060,"2006-08-18"
1418,1418,1427,1415,346738,"2006-08-21"
1420,1421,1426,1406,482762,"2006-08-22"
1423,1421,1428,1417,440260,"2006-08-23"
1427,1416,1428,1415,362350,"2006-08-24"
1418,1416,1419,1412,206900,"2006-08-25"
1413,1410,1417,1409,161962,"2006-08-28"
1406,1403,1410,1397,648898,"2006-08-29"
1406,1388,1410,1388,319732,"2006-08-30"
1393,1400,1401,1388,344904,"2006-08-31"
1400,1401,1407,1398,279760,"2006-09-01"
1398,1395,1401,1392,257920,"2006-09-04"
1398,1403,1405,1396,187358,"2006-09-05"
1401,1416,1417,1401,288220,"2006-09-06"
1411,1411,1415,1406,305762,"2006-09-07"
1418,1423,1426,1416,291920,"2006-09-08"
1421,1412,1425,1408,303578,"2006-09-11"
1409,1408,1411,1403,181854,"2006-09-12"
1399,1407,1410,1396,209064,"2006-09-13"
1410,1416,1419,1407,243826,"2006-09-14"
1413,1411,1422,1409,296460,"2006-09-15"
1417,1415,1421,1414,137216,"2006-09-18"
1419,1409,1421,1407,296952,"2006-09-19"
1405,1404,1411,1401,179594,"2006-09-20"
1407,1398,1407,1395,199196,"2006-09-21"
1407,1405,1408,1398,226590,"2006-09-22"
1400,1394,1400,1392,205096,"2006-09-25"
1395,1399,1400,1395,87406,"2006-09-26"
1401,1403,1405,1395,125666,"2006-09-27"
1399,1402,1404,1398,88056,"2006-09-28"
1408,1408,1410,1403,126396,"2006-09-29"
1411,1417,1418,1411,168870,"2006-10-09"
1428,1458,1461,1425,535082,"2006-10-10"
1440,1447,1450,1436,384090,"2006-10-11"
1458,1454,1468,1451,446354,"2006-10-12"
1475,1477,1483,1471,522964,"2006-10-13"
1486,1482,1493,1477,474852,"2006-10-16"
1487,1477,1487,1474,58474,"2006-10-17"
1478,1462,1481,1458,339784,"2006-10-18"
1461,1473,1474,1455,241894,"2006-10-19"
1469,1469,1472,1463,175356,"2006-10-20"
1463,1463,1470,1460,175002,"2006-10-23"
1474,1475,1480,1473,201734,"2006-10-24"
1484,1468,1486,1466,295892,"2006-10-25"
1465,1468,1469,1460,153926,"2006-10-26"
1472,1484,1490,1470,367120,"2006-10-27"
1479,1471,1490,1471,328560,"2006-10-31"
1468,1472,1474,1465,153746,"2006-11-01"
1492,1485,1497,1485,126238,"2006-11-02"
1488,1487,1492,1484,80900,"2006-11-03"
1488,1489,1501,1484,529886,"2006-11-06"
1501,1511,1513,1501,161712,"2006-11-07"
1520,1521,1522,1516,149806,"2006-11-08"
1530,1521,1531,1516,530534,"2006-11-09"
1506,1516,1517,1503,423450,"2006-11-10"
1515,1557,1562,1513,1133670,"2006-11-13"
1551,1554,1567,1548,1065000,"2006-11-14"
1578,1577,1585,1570,836310,"2006-11-15"
1573,1585,1589,1573,563600,"2006-11-16"
1572,1579,1586,1570,359230,"2006-11-17"
1595,1607,1607,1593,557676,"2006-11-20"
1717,1697,1723,1697,624734,"2006-11-21"
1710,1710,1717,1673,814532,"2006-11-22"
1712,1680,1712,1679,586786,"2006-11-23"
1688,1690,1702,1682,511086,"2006-11-24"
1717,1736,1754,1712,803744,"2006-11-27"
1729,1727,1732,1720,458776,"2006-11-28"
1733,1677,1742,1662,1278052,"2006-11-29"
1695,1697,1701,1668,736172,"2006-11-30"
1704,1687,1705,1676,662024,"2006-12-01"
1576,1572,1587,1564,550318,"2006-12-04"
1650,1659,1662,1640,464200,"2006-12-05"
1664,1655,1666,1653,294936,"2006-12-06"
1638,1662,1665,1635,470030,"2006-12-07"
1670,1666,1675,1663,449602,"2006-12-08"
1666,1694,1694,1665,481546,"2006-12-11"
1695,1713,1721,1695,810080,"2006-12-12"
1713,1696,1716,1690,596638,"2006-12-13"
1696,1698,1705,1689,526022,"2006-12-14"
1705,1704,1709,1695,296662,"2006-12-15"
1697,1696,1699,1683,323388,"2006-12-18"
1686,1696,1697,1684,474050,"2006-12-19"
1709,1704,1713,1704,370212,"2006-12-20"
1704,1731,1734,1699,636666,"2006-12-21"
1736,1730,1746,1727,1008694,"2006-12-22"
1738,1741,1745,1730,554604,"2006-12-25"
1745,1751,1758,1740,813096,"2006-12-26"
1750,1723,1752,1716,794752,"2006-12-27"
1724,1735,1737,1720,381054,"2006-12-28"
1732,1728,1733,1718,332722,"2006-12-29"
1678,1673,1687,1666,520662,"2007-01-04"
1671,1687,1688,1670,455040,"2007-01-05"
1694,1687,1694,1675,374376,"2007-01-08"
1677,1665,1680,1661,564522,"2007-01-09"
1659,1677,1678,1656,449392,"2007-01-10"
1685,1696,1705,1683,656490,"2007-01-11"
1710,1698,1715,1694,567028,"2007-01-12"
1771,1771,1771,1763,412078,"2007-01-15"
1795,1760,1795,1755,825450,"2007-01-16"
1748,1752,1760,1742,515686,"2007-01-17"
1761,1749,1769,1746,712394,"2007-01-18"
1741,1727,1745,1722,668650,"2007-01-19"
1710,1718,1721,1702,450902,"2007-01-22"
1725,1724,1727,1719,321568,"2007-01-23"
1730,1705,1730,1701,724916,"2007-01-24"
1709,1707,1715,1699,648524,"2007-01-25"
1710,1702,1712,1696,729750,"2007-01-26"
1706,1709,1713,1703,373856,"2007-01-29"
1701,1701,1706,1694,570304,"2007-01-30"
1710,1715,1715,1705,389038,"2007-01-31"
1711,1721,1723,1709,422702,"2007-02-01"
1707,1711,1715,1705,359382,"2007-02-02"
1726,1714,1726,1713,219524,"2007-02-05"
1710,1717,1718,1708,201030,"2007-02-06"
1712,1717,1718,1710,249392,"2007-02-07"
1711,1708,1714,1705,245628,"2007-02-08"
1715,1713,1716,1711,143754,"2007-02-09"
1718,1709,1719,1709,143734,"2007-02-12"
1706,1698,1709,1694,301404,"2007-02-13"
1706,1695,1709,1694,192612,"2007-02-14"
1693,1700,1701,1685,238266,"2007-02-15"
1698,1703,1705,1695,135382,"2007-02-16"
1722,1730,1744,1714,713330,"2007-02-26"
1720,1715,1726,1715,334836,"2007-02-27"
1699,1708,1710,1692,561630,"2007-02-28"
1717,1704,1721,1703,466684,"2007-03-01"
1698,1705,1707,1694,289524,"2007-03-02"
1697,1700,1708,1697,279182,"2007-03-05"
1709,1706,1709,1704,185060,"2007-03-06"
1701,1700,1706,1698,179836,"2007-03-07"
1703,1699,1703,1693,374720,"2007-03-08"
1696,1685,1698,1681,561354,"2007-03-09"
1682,1686,1687,1679,333526,"2007-03-12"
1687,1695,1696,1686,462416,"2007-03-13"
1691,1692,1695,1686,323032,"2007-03-14"
1697,1696,1698,1693,196104,"2007-03-15"
1687,1695,1695,1687,191084,"2007-03-16"
1698,1695,1699,1694,140210,"2007-03-19"
1695,1694,1697,1691,130662,"2007-03-20"
1700,1694,1700,1692,115340,"2007-03-21"
1695,1690,1695,1687,196050,"2007-03-22"
1690,1689,1692,1688,91784,"2007-03-23"
1687,1682,1689,1679,217916,"2007-03-26"
1672,1684,1684,1671,194996,"2007-03-27"
1684,1687,1689,1683,122798,"2007-03-28"
1686,1683,1687,1682,69208,"2007-03-29"
1685,1690,1691,1684,151432,"2007-03-30"
1630,1663,1665,1630,613548,"2007-04-02"
1668,1669,1671,1665,218054,"2007-04-03"
1665,1673,1673,1664,173002,"2007-04-04"
1675,1673,1677,1670,158098,"2007-04-05"
1675,1667,1677,1664,177226,"2007-04-06"
1675,1696,1700,1672,741026,"2007-04-09"
1690,1690,1695,1683,378022,"2007-04-10"
1694,1688,1694,1686,208128,"2007-04-11"
1685,1678,1685,1671,404566,"2007-04-12"
1680,1664,1680,1661,320198,"2007-04-13"
1660,1664,1665,1651,395984,"2007-04-16"
1662,1657,1669,1656,273846,"2007-04-17"
1650,1643,1652,1628,675956,"2007-04-18"
1650,1645,1652,1637,377624,"2007-04-19"
1647,1644,1647,1637,288502,"2007-04-20"
1647,1642,1647,1637,111558,"2007-04-23"
1641,1642,1648,1641,187190,"2007-04-24"
1640,1648,1650,1640,201286,"2007-04-25"
1655,1665,1667,1654,363832,"2007-04-26"
1657,1655,1660,1651,226280,"2007-04-27"
1647,1658,1658,1646,125726,"2007-04-30"
1660,1666,1667,1655,168164,"2007-05-08"
1663,1677,1678,1663,285852,"2007-05-09"
1680,1671,1684,1670,193348,"2007-05-10"
1668,1672,1673,1662,224086,"2007-05-11"
1682,1682,1689,1679,376410,"2007-05-14"
1681,1677,1685,1676,217070,"2007-05-15"
1684,1684,1689,1682,244322,"2007-05-16"
1687,1678,1688,1678,151598,"2007-05-17"
1680,1680,1681,1674,156784,"2007-05-18"
1675,1680,1684,1674,157742,"2007-05-21"
1736,1727,1745,1726,139586,"2007-05-22"
1672,1672,1677,1670,102476,"2007-05-23"
1675,1671,1681,1670,185688,"2007-05-24"
1719,1719,1724,1714,83776,"2007-05-25"
1719,1724,1727,1714,73302,"2007-05-28"
1719,1703,1727,1701,145682,"2007-05-29"
1719,1691,1727,1683,151886,"2007-05-30"
1704,1711,1713,1701,122230,"2007-05-31"
1717,1708,1718,1701,83764,"2007-06-01"
1710,1705,1710,1702,50252,"2007-06-04"
1705,1708,1709,1703,44980,"2007-06-05"
1705,1706,1708,1703,45522,"2007-06-06"
1704,1697,1706,1693,92930,"2007-06-07"
1704,1681,1706,1681,128992,"2007-06-08"
1689,1674,1694,1667,165696,"2007-06-11"
1672,1661,1680,1659,181554,"2007-06-12"
1663,1656,1665,1652,131066,"2007-06-13"
1665,1662,1668,1657,120172,"2007-06-14"
1665,1648,1665,1647,161192,"2007-06-15"
1652,1627,1656,1620,377666,"2007-06-18"
1623,1608,1636,1604,305956,"2007-06-19"
1598,1609,1610,1592,256312,"2007-06-20"
1611,1617,1618,1605,158970,"2007-06-21"
1608,1611,1617,1606,162086,"2007-06-22"
1601,1605,1613,1599,213694,"2007-06-25"
1605,1574,1607,1569,424058,"2007-06-26"
1575,1561,1575,1558,453710,"2007-06-27"
1555,1566,1570,1552,358826,"2007-06-28"
1567,1569,1579,1563,283612,"2007-06-29"
1575,1570,1577,1557,254990,"2007-07-02"
1567,1568,1575,1563,223270,"2007-07-03"
1564,1544,1565,1543,460708,"2007-07-04"
1546,1535,1547,1534,397044,"2007-07-05"
1533,1544,1545,1533,229232,"2007-07-06"
1540,1531,1544,1525,262134,"2007-07-09"
1532,1506,1532,1504,391426,"2007-07-10"
1508,1497,1508,1492,394706,"2007-07-11"
1496,1501,1506,1487,341748,"2007-07-12"
1505,1499,1513,1498,253782,"2007-07-13"
1505,1499,1513,1498,253782,"2007-07-16"
1505,1505,1513,1498,207768,"2007-07-18"
1506,1511,1518,1505,268576,"2007-07-19"
1517,1508,1517,1502,247704,"2007-07-20"
1501,1508,1515,1501,204792,"2007-07-23"
1508,1489,1511,1485,335746,"2007-07-24"
1490,1481,1491,1473,338652,"2007-07-25"
1479,1496,1496,1470,311928,"2007-07-26"
1498,1491,1503,1489,255906,"2007-07-27"
1496,1513,1514,1495,296678,"2007-07-30"
1515,1526,1527,1513,403320,"2007-07-31"
1530,1519,1532,1517,342356,"2007-08-01"
1525,1531,1531,1520,207614,"2007-08-02"
1529,1549,1555,1529,495852,"2007-08-03"
1545,1558,1566,1545,341150,"2007-08-06"
1560,1539,1561,1537,237474,"2007-08-07"
1563,1552,1569,1547,327366,"2007-08-08"
1555,1569,1574,1550,356118,"2007-08-09"
1562,1564,1568,1556,235028,"2007-08-10"
1568,1596,1604,1568,560090,"2007-08-13"
1590,1592,1598,1581,363916,"2007-08-14"
1585,1582,1606,1582,461026,"2007-08-15"
1573,1567,1579,1558,462624,"2007-08-16"
1551,1559,1566,1541,455566,"2007-08-17"
1551,1575,1576,1541,232132,"2007-08-20"
1585,1585,1592,1581,294764,"2007-08-21"
1592,1580,1595,1578,329958,"2007-08-22"
1590,1584,1598,1582,454614,"2007-08-23"
1582,1588,1589,1573,403110,"2007-08-24"
1582,1590,1595,1582,271046,"2007-08-27"
1593,1618,1620,1586,593998,"2007-08-28"
1615,1616,1622,1610,494996,"2007-08-29"
1615,1621,1631,1615,556702,"2007-08-30"
1624,1632,1638,1619,585820,"2007-08-31"
1632,1641,1645,1628,461182,"2007-09-03"
1645,1638,1672,1628,847956,"2007-09-04"
1653,1634,1655,1619,624958,"2007-09-05"
1625,1645,1645,1621,580264,"2007-09-06"
1642,1652,1660,1640,597970,"2007-09-07"
1662,1682,1683,1662,677644,"2007-09-10"
1683,1663,1685,1659,559408,"2007-09-11"
1663,1677,1681,1660,533038,"2007-09-12"
1687,1676,1689,1671,556140,"2007-09-13"
1673,1667,1674,1665,333724,"2007-09-14"
1675,1670,1680,1660,557422,"2007-09-17"
1670,1668,1677,1664,485026,"2007-09-18"
1671,1652,1677,1644,629822,"2007-09-19"
1652,1654,1665,1649,371700,"2007-09-20"
1661,1653,1670,1650,510204,"2007-09-21"
1650,1627,1654,1624,460842,"2007-09-24"
1620,1629,1632,1615,394340,"2007-09-25"
1626,1653,1659,1625,489022,"2007-09-26"
1660,1655,1670,1650,415236,"2007-09-27"
1660,1666,1667,1646,330770,"2007-09-28"
1640,1660,1668,1632,469350,"2007-10-08"
1660,1663,1675,1656,534198,"2007-10-09"
1666,1661,1669,1655,422058,"2007-10-10"
1663,1645,1669,1644,502972,"2007-10-11"
1643,1644,1650,1633,369680,"2007-10-12"
1645,1659,1661,1641,381968,"2007-10-15"
1666,1660,1666,1657,327062,"2007-10-16"
1657,1645,1662,1643,385514,"2007-10-17"
1645,1651,1653,1637,446408,"2007-10-18"
1656,1657,1665,1653,388540,"2007-10-19"
1649,1642,1653,1638,268882,"2007-10-22"
1647,1648,1652,1633,386254,"2007-10-23"
1648,1646,1657,1642,300084,"2007-10-24"
1643,1642,1648,1637,312010,"2007-10-25"
1649,1649,1655,1648,317578,"2007-10-26"
1654,1717,1717,1652,1093644,"2007-10-29"
1717,1707,1729,1695,1298500,"2007-10-30"
1692,1706,1721,1690,960924,"2007-10-31"
1722,1717,1728,1710,587004,"2007-11-01"
1708,1736,1740,1702,995148,"2007-11-02"
1740,1756,1767,1738,1129218,"2007-11-05"
1765,1761,1772,1752,816994,"2007-11-06"
1771,1766,1783,1763,820200,"2007-11-07"
1762,1769,1775,1757,501390,"2007-11-08"
1770,1779,1782,1766,664356,"2007-11-09"
1782,1770,1788,1768,672994,"2007-11-12"
1767,1779,1779,1756,600646,"2007-11-13"
1776,1781,1787,1774,618298,"2007-11-14"
1790,1766,1790,1765,713592,"2007-11-15"
1763,1742,1777,1735,864758,"2007-11-16"
1751,1756,1761,1746,544800,"2007-11-19"
1748,1720,1749,1708,909338,"2007-11-20"
1737,1748,1749,1726,552850,"2007-11-21"
1749,1772,1779,1746,740702,"2007-11-22"
1772,1795,1803,1768,1040846,"2007-11-23"
1810,1791,1816,1785,794856,"2007-11-26"
1780,1780,1795,1773,857344,"2007-11-27"
1780,1766,1795,1764,1121792,"2007-11-28"
1775,1772,1782,1765,750312,"2007-11-29"
1770,1757,1773,1748,887082,"2007-11-30"
1766,1763,1769,1757,433532,"2007-12-03"
1766,1761,1771,1751,544104,"2007-12-04"
1771,1762,1771,1755,434832,"2007-12-05"
1757,1733,1760,1733,618538,"2007-12-06"
1741,1743,1743,1726,496678,"2007-12-07"
1746,1750,1753,1733,494310,"2007-12-10"
1748,1742,1756,1741,407916,"2007-12-11"
1745,1736,1745,1731,320344,"2007-12-12"
1745,1742,1753,1739,385626,"2007-12-13"
1739,1737,1743,1732,205758,"2007-12-14"
1742,1755,1766,1742,705604,"2007-12-17"
1750,1725,1751,1722,633464,"2007-12-18"
1720,1727,1731,1717,286488,"2007-12-19"
1727,1726,1732,1721,198142,"2007-12-20"
1725,1725,1730,1719,152860,"2007-12-21"
1725,1719,1730,1712,428374,"2007-12-24"
1715,1716,1721,1713,134700,"2007-12-25"
1715,1727,1729,1713,283072,"2007-12-26"
1735,1698,1736,1693,370362,"2007-12-27"
1700,1694,1703,1688,300008,"2007-12-28"
1700,1694,1703,1688,300008,"2007-12-31"
1700,1694,1703,1688,300008,"2008-01-01"
1695,1681,1695,1676,188404,"2008-01-02"
1808,1805,1812,1801,166466,"2008-01-03"
1810,1823,1830,1804,250098,"2008-01-04"
1816,1844,1844,1815,295200,"2008-01-07"
1842,1833,1850,1825,363298,"2008-01-08"
1843,1841,1844,1828,263300,"2008-01-09"
1833,1836,1845,1832,277482,"2008-01-10"
1838,1832,1839,1830,180766,"2008-01-11"
1850,1840,1850,1836,371730,"2008-01-14"
1839,1810,1842,1805,388874,"2008-01-15"
1809,1798,1813,1778,544866,"2008-01-16"
1792,1799,1803,1785,252188,"2008-01-17"
1794,1778,1795,1766,501686,"2008-01-18"
1781,1739,1781,1736,705728,"2008-01-21"
1710,1724,1738,1709,599592,"2008-01-22"
1739,1734,1744,1721,292478,"2008-01-23"
1722,1730,1733,1719,218266,"2008-01-24"
1735,1739,1743,1733,187998,"2008-01-25"
1737,1745,1750,1736,188516,"2008-01-28"
1748,1752,1753,1741,140278,"2008-01-29"
1750,1744,1751,1737,235750,"2008-01-31"
1750,1760,1761,1745,200146,"2008-02-01"
1769,1776,1783,1758,226832,"2008-02-04"
1782,1780,1785,1772,128780,"2008-02-05"
1774,1782,1782,1757,254096,"2008-02-13"
1780,1796,1808,1775,609134,"2008-02-14"
1802,1782,1810,1780,542488,"2008-02-15"
1783,1819,1827,1782,1075912,"2008-02-18"
1821,1807,1826,1797,660904,"2008-02-19"
1810,1798,1823,1797,870076,"2008-02-20"
1806,1805,1815,1800,441890,"2008-02-21"
1798,1789,1801,1787,382702,"2008-02-22"
1798,1810,1818,1795,605664,"2008-02-25"
1816,1793,1821,1790,599558,"2008-02-26"
1803,1788,1806,1784,563876,"2008-02-27"
1787,1790,1792,1781,312278,"2008-02-28"
1800,1811,1815,1793,734990,"2008-02-29"
1818,1878,1878,1815,1283144,"2008-03-03"
1880,1858,1900,1828,1239378,"2008-03-04"
1840,1862,1871,1832,1137440,"2008-03-05"
1875,1860,1889,1841,1044776,"2008-03-06"
1837,1835,1857,1835,904712,"2008-03-07"
1800,1811,1818,1795,909492,"2008-03-10"
1832,1838,1841,1826,503246,"2008-03-11"
1837,1812,1840,1803,578814,"2008-03-12"
1815,1820,1821,1802,410798,"2008-03-13"
1820,1817,1824,1810,279908,"2008-03-14"
1800,1813,1818,1800,354780,"2008-03-17"
1790,1751,1794,1740,1579158,"2008-03-18"
1770,1794,1799,1764,780064,"2008-03-19"
1750,1789,1794,1736,1609872,"2008-03-20"
1769,1782,1797,1769,550792,"2008-03-21"
1789,1776,1793,1774,354144,"2008-03-24"
1789,1776,1792,1765,375300,"2008-03-25"
1786,1773,1786,1770,361964,"2008-03-26"
1880,1892,1901,1871,285758,"2008-03-27"
1891,1909,1912,1888,393632,"2008-03-28"
1918,1948,1958,1911,660976,"2008-03-31"
1905,1892,1921,1885,1118256,"2008-04-01"
1916,1909,1925,1905,509952,"2008-04-02"
1920,1907,1929,1904,440682,"2008-04-03"
1920,1907,1929,1904,440682,"2008-04-04"
1900,1902,1907,1892,351120,"2008-04-07"
1896,1877,1900,1873,411610,"2008-04-08"
1878,1886,1891,1867,544148,"2008-04-09"
1898,1897,1904,1889,363952,"2008-04-10"
1892,1915,1925,1886,890314,"2008-04-11"
1912,1930,1938,1912,703170,"2008-04-14"
1936,1939,1949,1930,554894,"2008-04-15"
1942,1938,1949,1934,528498,"2008-04-16"
1936,1931,1944,1928,315610,"2008-04-17"
1930,1935,1947,1926,414996,"2008-04-18"
1930,1908,1935,1906,622878,"2008-04-21"
1899,1908,1921,1899,347326,"2008-04-22"
1919,1918,1925,1911,319206,"2008-04-23"
1912,1930,1933,1910,447764,"2008-04-24"
1920,1924,1933,1918,421392,"2008-04-25"
1929,1972,1975,1928,1122032,"2008-04-28"
1973,1965,1981,1961,681924,"2008-04-29"
1961,1968,1970,1956,453440,"2008-04-30"
1961,1968,1970,1956,453440,"2008-05-01"
1961,1968,1970,1956,453440,"2008-05-02"
1968,1964,1988,1964,510266,"2008-05-05"
1961,1969,1975,1961,382226,"2008-05-06"
1975,1968,1982,1965,469026,"2008-05-07"
1974,1973,1985,1965,474004,"2008-05-08"
1980,1977,1988,1974,641966,"2008-05-09"
1981,1982,1990,1978,748176,"2008-05-12"
1976,1966,1978,1964,476546,"2008-05-13"
1970,1957,1971,1952,345466,"2008-05-14"
1951,1938,1953,1936,384670,"2008-05-15"
1940,1942,1947,1940,299170,"2008-05-16"
1936,1915,1937,1914,383242,"2008-05-19"
1913,1922,1925,1913,251874,"2008-05-20"
1922,1905,1925,1901,341122,"2008-05-21"
1916,1902,1921,1892,382950,"2008-05-22"
1890,1893,1897,1881,354334,"2008-05-23"
1893,1913,1915,1877,576838,"2008-05-26"
1916,1914,1923,1905,330038,"2008-05-27"
1905,1903,1912,1900,259458,"2008-05-28"
1902,1888,1904,1884,346236,"2008-05-29"
1884,1876,1887,1868,565838,"2008-05-30"
1885,1883,1890,1880,206372,"2008-06-02"
1891,1892,1895,1882,275370,"2008-06-03"
1885,1882,1888,1879,154044,"2008-06-04"
1889,1882,1891,1881,132338,"2008-06-05"
1900,1903,1915,1892,476470,"2008-06-06"
1900,1903,1915,1892,476470,"2008-06-09"
1910,1913,1919,1907,299564,"2008-06-10"
1915,1902,1922,1896,386286,"2008-06-11"
1920,1908,1931,1905,574016,"2008-06-12"
1908,1914,1921,1896,471560,"2008-06-13"
1926,1923,1930,1916,373774,"2008-06-16"
1917,1908,1918,1905,249146,"2008-06-17"
1910,1909,1912,1900,225978,"2008-06-18"
1908,1906,1917,1903,274408,"2008-06-19"
1901,1914,1934,1896,680726,"2008-06-20"
1910,1926,1931,1906,606204,"2008-06-23"
1927,1919,1939,1915,607044,"2008-06-24"
1917,1918,1923,1907,355726,"2008-06-25"
1922,1923,1928,1917,287978,"2008-06-26"
1935,1927,1935,1922,301552,"2008-06-27"
1927,1941,1942,1923,564378,"2008-06-30"
1930,1928,1936,1925,397092,"2008-07-01"
1932,1927,1934,1925,208066,"2008-07-02"
1934,1923,1942,1913,484524,"2008-07-03"
1923,1927,1929,1922,126112,"2008-07-04"
1921,1904,1923,1901,319798,"2008-07-07"
1888,1877,1895,1877,332446,"2008-07-08"
1880,1880,1889,1874,204980,"2008-07-09"
1887,1874,1887,1870,231814,"2008-07-10"
1880,1906,1953,1856,1102892,"2008-07-11"
1892,1898,1910,1887,351394,"2008-07-14"
1899,1914,1917,1895,371842,"2008-07-15"
1903,1906,1917,1902,294248,"2008-07-16"
1909,1907,1914,1905,108354,"2008-07-17"
1890,1884,1897,1876,273076,"2008-07-21"
1868,1888,1888,1868,230552,"2008-07-22"
1884,1883,1890,1877,247116,"2008-07-23"
1886,1888,1889,1879,187766,"2008-07-24"
1888,1885,1893,1883,150952,"2008-07-25"
1887,1881,1890,1869,196006,"2008-07-28"
1880,1846,1880,1846,346340,"2008-07-29"
1855,1847,1856,1834,345674,"2008-07-30"
1850,1832,1855,1831,274924,"2008-07-31"
1827,1812,1828,1810,279044,"2008-08-01"
1801,1783,1801,1772,379476,"2008-08-04"
1761,1773,1790,1748,749882,"2008-08-05"
1775,1785,1793,1774,257250,"2008-08-06"
1777,1785,1785,1773,179642,"2008-08-07"
1791,1780,1792,1780,118760,"2008-08-08"
1764,1758,1771,1754,278354,"2008-08-11"
1760,1773,1785,1751,278866,"2008-08-12"
1778,1781,1785,1768,209684,"2008-08-13"
1795,1767,1799,1766,269628,"2008-08-14"
1751,1728,1756,1726,329252,"2008-08-15"
1736,1733,1740,1725,215678,"2008-08-18"
1730,1713,1731,1706,273490,"2008-08-19"
1720,1738,1741,1712,289180,"2008-08-20"
1739,1735,1745,1729,149920,"2008-08-21"
1739,1728,1745,1722,137444,"2008-08-22"
1730,1737,1740,1721,144496,"2008-08-25"
1822,1830,1845,1818,284494,"2008-08-26"
1840,1845,1848,1833,210076,"2008-08-27"
1842,1841,1845,1833,125464,"2008-08-28"
1836,1850,1852,1835,167022,"2008-08-29"
1850,1857,1864,1850,156410,"2008-09-01"
1842,1832,1850,1830,224750,"2008-09-02"
1835,1820,1837,1815,206326,"2008-09-03"
1820,1806,1823,1801,207924,"2008-09-04"
1798,1793,1799,1788,177604,"2008-09-05"
1785,1784,1798,1784,170372,"2008-09-08"
1775,1772,1781,1759,283640,"2008-09-09"
1771,1779,1782,1769,239884,"2008-09-10"
1773,1775,1777,1767,151230,"2008-09-11"
1780,1781,1788,1774,170156,"2008-09-12"
1780,1781,1788,1774,173776,"2008-09-15"
1776,1749,1777,1746,395216,"2008-09-16"
1747,1764,1770,1743,340596,"2008-09-17"
1768,1765,1774,1755,315872,"2008-09-18"
1762,1778,1782,1760,364850,"2008-09-19"
1787,1792,1794,1777,285446,"2008-09-22"
1799,1765,1799,1765,284246,"2008-09-23"
1764,1771,1771,1761,256024,"2008-09-24"
1762,1766,1771,1762,115908,"2008-09-25"
1764,1768,1770,1759,142358,"2008-09-26"
1675,1675,1680,1675,156608,"2008-10-06"
1620,1674,1676,1620,918524,"2008-10-07"
1670,1660,1680,1648,683738,"2008-10-08"
1675,1671,1677,1663,300466,"2008-10-09"
1656,1621,1658,1600,1033356,"2008-10-10"
1605,1649,1684,1602,1042770,"2008-10-13"
1670,1644,1697,1643,763890,"2008-10-14"
1625,1651,1653,1619,604452,"2008-10-15"
1620,1629,1645,1615,687594,"2008-10-16"
1670,1677,1687,1646,722624,"2008-10-17"
1700,1701,1710,1687,806298,"2008-10-20"
1700,1663,1700,1661,457812,"2008-10-21"
1655,1653,1664,1648,330754,"2008-10-22"
1638,1661,1665,1633,520010,"2008-10-23"
1670,1654,1675,1652,308588,"2008-10-24"
1653,1645,1656,1634,303942,"2008-10-27"
1670,1662,1671,1650,265390,"2008-10-28"
1658,1659,1664,1651,185530,"2008-10-29"
1670,1666,1673,1662,155426,"2008-10-30"
1658,1655,1662,1652,128332,"2008-10-31"
1653,1647,1654,1641,141964,"2008-11-03"
1646,1624,1648,1624,150810,"2008-11-04"
1635,1632,1640,1624,159254,"2008-11-05"
1611,1625,1631,1610,137016,"2008-11-06"
1623,1629,1632,1617,172458,"2008-11-07"
1641,1638,1643,1633,126842,"2008-11-10"
1639,1620,1639,1603,380540,"2008-11-11"
1615,1597,1623,1591,380336,"2008-11-12"
1591,1579,1594,1575,292232,"2008-11-13"
1582,1583,1589,1577,266922,"2008-11-14"
1585,1600,1612,1577,253470,"2008-11-17"
1597,1592,1606,1586,156410,"2008-11-18"
1595,1599,1600,1584,155094,"2008-11-19"
1588,1607,1609,1587,245182,"2008-11-20"
1600,1601,1606,1588,329296,"2008-11-21"
1598,1593,1603,1592,120558,"2008-11-24"
1605,1586,1605,1582,186568,"2008-11-25"
1586,1586,1590,1579,164926,"2008-11-26"
1588,1570,1589,1569,200214,"2008-11-27"
1569,1557,1571,1552,246262,"2008-11-28"
1550,1541,1551,1530,230516,"2008-12-01"
1530,1517,1533,1516,215402,"2008-12-02"
1514,1514,1524,1508,207920,"2008-12-03"
1519,1515,1530,1511,251680,"2008-12-04"
1508,1464,1510,1445,551142,"2008-12-05"
1460,1480,1494,1458,359178,"2008-12-08"
1460,1477,1489,1460,205374,"2008-12-09"
1477,1484,1488,1475,138534,"2008-12-10"
1483,1450,1486,1446,417316,"2008-12-11"
1452,1463,1475,1440,359608,"2008-12-12"
1476,1489,1498,1476,292692,"2008-12-15"
1482,1475,1484,1465,221966,"2008-12-16"
1485,1478,1488,1473,172924,"2008-12-17"
1470,1466,1497,1465,460444,"2008-12-18"
1461,1500,1501,1456,469150,"2008-12-19"
1514,1515,1523,1500,528306,"2008-12-22"
1510,1523,1532,1506,382240,"2008-12-23"
1528,1529,1535,1512,334390,"2008-12-24"
1528,1526,1538,1521,206036,"2008-12-25"
1527,1528,1529,1515,210484,"2008-12-26"
1541,1542,1547,1531,303574,"2008-12-29"
1532,1538,1542,1531,139898,"2008-12-30"
1537,1548,1553,1536,171758,"2008-12-31"
1551,1554,1564,1545,199356,"2009-01-05"
1555,1541,1557,1540,213514,"2009-01-06"
1546,1529,1556,1529,250256,"2009-01-07"
1521,1557,1558,1520,271888,"2009-01-08"
1560,1564,1570,1551,199494,"2009-01-09"
1564,1563,1574,1558,146112,"2009-01-12"
1533,1551,1556,1533,190286,"2009-01-13"
1551,1555,1559,1547,94644,"2009-01-14"
1551,1549,1555,1547,53552,"2009-01-15"
1552,1553,1558,1548,86232,"2009-01-16"
1556,1559,1565,1554,64730,"2009-01-19"
1560,1550,1563,1544,81468,"2009-01-20"
1545,1550,1551,1544,32284,"2009-01-21"
1554,1551,1554,1545,29140,"2009-01-22"
1549,1579,1582,1547,76190,"2009-01-23"
1582,1578,1584,1570,76796,"2009-02-02"
1582,1591,1592,1575,98928,"2009-02-03"
1592,1591,1597,1585,113510,"2009-02-04"
1586,1581,1591,1581,45500,"2009-02-05"
1584,1585,1589,1580,48030,"2009-02-06"
1585,1587,1596,1582,66760,"2009-02-09"
1645,1655,1657,1642,38342,"2009-02-10"
1651,1677,1682,1651,224794,"2009-02-11"
1686,1676,1686,1664,92082,"2009-02-12"
1678,1677,1680,1672,48242,"2009-02-13"
1674,1698,1701,1674,170636,"2009-02-16"
1700,1689,1707,1683,134124,"2009-02-17"
1682,1668,1685,1654,150310,"2009-02-18"
1675,1677,1678,1669,69036,"2009-02-19"
1679,1689,1694,1674,88264,"2009-02-20"
1687,1688,1698,1683,103168,"2009-02-23"
1682,1686,1698,1682,104618,"2009-02-24"
1691,1681,1694,1673,142166,"2009-02-25"
1683,1675,1689,1674,105160,"2009-02-26"
1673,1666,1676,1664,113796,"2009-02-27"
1664,1669,1675,1663,67000,"2009-03-02"
1662,1683,1688,1660,116416,"2009-03-03"
1683,1688,1688,1674,90044,"2009-03-04"
1695,1687,1695,1685,78924,"2009-03-05"
1684,1686,1689,1683,42424,"2009-03-06"
1688,1692,1703,1688,152122,"2009-03-09"
1693,1691,1698,1686,68316,"2009-03-10"
1693,1688,1696,1686,67604,"2009-03-11"
1685,1684,1688,1677,94274,"2009-03-12"
1690,1692,1693,1682,65496,"2009-03-13"
1691,1715,1716,1690,260210,"2009-03-16"
1719,1711,1719,1706,143500,"2009-03-17"
1713,1710,1717,1708,109826,"2009-03-18"
1716,1718,1722,1713,95976,"2009-03-19"
1717,1710,1725,1706,129030,"2009-03-20"
1712,1714,1720,1709,94592,"2009-03-23"
1713,1712,1720,1708,95146,"2009-03-24"
1712,1701,1715,1696,81928,"2009-03-25"
1702,1705,1707,1699,65198,"2009-03-26"
1705,1698,1710,1692,88828,"2009-03-27"
1695,1694,1701,1693,67842,"2009-03-30"
1694,1695,1701,1693,66812,"2009-03-31"
1699,1686,1704,1685,76274,"2009-04-01"
1690,1688,1690,1678,140542,"2009-04-02"
1690,1682,1693,1680,76074,"2009-04-03"
1682,1692,1698,1678,109174,"2009-04-07"
1690,1684,1693,1683,54776,"2009-04-08"
1688,1689,1692,1685,35490,"2009-04-09"
1690,1697,1706,1686,96456,"2009-04-10"
1695,1695,1700,1691,51298,"2009-04-13"
1695,1684,1698,1682,90510,"2009-04-14"
1684,1685,1688,1682,46504,"2009-04-15"
1685,1687,1692,1678,70094,"2009-04-16"
1687,1685,1690,1682,32322,"2009-04-17"
1680,1658,1685,1657,205564,"2009-04-20"
1658,1666,1668,1649,222648,"2009-04-21"
1669,1669,1673,1665,91422,"2009-04-22"
1670,1689,1692,1667,221838,"2009-04-23"
1691,1686,1697,1682,94630,"2009-04-24"
1673,1659,1675,1645,360666,"2009-04-27"
1665,1665,1674,1657,143924,"2009-04-28"
1665,1669,1671,1660,93148,"2009-04-29"
1675,1670,1677,1660,100972,"2009-04-30"
1675,1670,1677,1660,100972,"2009-05-01"
1678,1667,1678,1665,83792,"2009-05-04"
1663,1662,1665,1657,54302,"2009-05-05"
1663,1664,1669,1657,72622,"2009-05-06"
1666,1661,1667,1658,41644,"2009-05-07"
1661,1665,1665,1654,56042,"2009-05-08"
1665,1660,1665,1654,54820,"2009-05-11"
1659,1663,1663,1656,24928,"2009-05-12"
1663,1666,1669,1663,45800,"2009-05-13"
1662,1667,1672,1661,50434,"2009-05-14"
1669,1680,1687,1667,129458,"2009-05-15"
1673,1678,1689,1671,74244,"2009-05-18"
1681,1677,1685,1674,46712,"2009-05-19"
1660,1653,1661,1648,37918,"2009-05-20"
1681,1677,1682,1677,23226,"2009-05-21"
1680,1674,1680,1665,53474,"2009-05-22"
1675,1667,1676,1666,33408,"2009-05-25"
1667,1661,1673,1661,49694,"2009-05-26"
1661,1662,1666,1661,24024,"2009-05-27"
1660,1671,1672,1655,46910,"2009-06-01"
1673,1673,1692,1671,54556,"2009-06-02"
1675,1686,1687,1672,79838,"2009-06-03"
1675,1676,1684,1672,78598,"2009-06-04"
1683,1653,1685,1651,197390,"2009-06-05"
1642,1624,1650,1622,220804,"2009-06-08"
1629,1632,1637,1621,189946,"2009-06-09"
1636,1631,1642,1629,150158,"2009-06-10"
1631,1636,1638,1625,80464,"2009-06-11"
1640,1629,1641,1629,78838,"2009-06-12"
1601,1619,1625,1601,142204,"2009-06-15"
1614,1620,1622,1611,77932,"2009-06-16"
1619,1633,1633,1615,102560,"2009-06-17"
1633,1626,1634,1625,48848,"2009-06-18"
1627,1625,1631,1624,44582,"2009-06-19"
1623,1622,1626,1616,63916,"2009-06-22"
1620,1631,1637,1618,95430,"2009-06-23"
1631,1622,1632,1619,78206,"2009-06-24"
1622,1624,1627,1621,49308,"2009-06-25"
1624,1626,1631,1623,55498,"2009-06-26"
1626,1626,1630,1624,37384,"2009-06-29"
1629,1627,1634,1624,53652,"2009-06-30"
1620,1631,1632,1620,53626,"2009-07-01"
1631,1630,1636,1628,39344,"2009-07-02"
1630,1622,1631,1618,52648,"2009-07-03"
1620,1606,1621,1605,102304,"2009-07-06"
1605,1612,1616,1601,78092,"2009-07-07"
1610,1602,1612,1596,99086,"2009-07-08"
1603,1606,1608,1601,31324,"2009-07-09"
1606,1625,1629,1606,131698,"2009-07-10"
1629,1624,1633,1621,81142,"2009-07-13"
1623,1627,1629,1622,34960,"2009-07-14"
1630,1625,1630,1624,48668,"2009-07-15"
1627,1612,1627,1610,69672,"2009-07-16"
1610,1616,1616,1606,36958,"2009-07-17"
1620,1619,1621,1616,26550,"2009-07-20"
1618,1614,1621,1612,30754,"2009-07-21"
1612,1617,1618,1610,26766,"2009-07-22"
1619,1620,1623,1617,33448,"2009-07-23"
1625,1621,1625,1617,41058,"2009-07-24"
1645,1647,1650,1644,71158,"2009-07-27"
1621,1626,1628,1620,33216,"2009-07-28"
1625,1618,1627,1615,48788,"2009-07-29"
1617,1617,1620,1615,27746,"2009-07-30"
1653,1666,1668,1644,77692,"2009-07-31"
1678,1675,1679,1665,97084,"2009-08-03"
1682,1670,1682,1663,56634,"2009-08-04"
1672,1669,1674,1667,46902,"2009-08-05"
1670,1666,1670,1664,32492,"2009-08-06"
1663,1654,1665,1650,61178,"2009-08-07"
1652,1666,1667,1652,47390,"2009-08-10"
1667,1671,1675,1663,62396,"2009-08-11"
1673,1667,1675,1666,59228,"2009-08-12"
1671,1726,1736,1671,777156,"2009-08-13"
1722,1711,1733,1701,793750,"2009-08-14"
1702,1717,1735,1688,980894,"2009-08-17"
1722,1720,1745,1718,717276,"2009-08-18"
1725,1690,1728,1688,525092,"2009-08-19"
1697,1708,1713,1696,330058,"2009-08-20"
1705,1717,1719,1701,236642,"2009-08-21"
1735,1745,1755,1730,352410,"2009-08-24"
1743,1737,1749,1732,266670,"2009-08-25"
1731,1738,1743,1731,175862,"2009-08-26"
1739,1757,1761,1732,599264,"2009-08-27"
1760,1767,1769,1757,391620,"2009-08-28"
1773,1751,1778,1744,429224,"2009-08-31"
1750,1749,1768,1742,454368,"2009-09-01"
1739,1745,1750,1735,338966,"2009-09-02"
1748,1755,1759,1746,220518,"2009-09-03"
1754,1747,1755,1745,143050,"2009-09-04"
1745,1741,1747,1738,164020,"2009-09-07"
1738,1749,1753,1737,147520,"2009-09-08"
1751,1742,1754,1736,176248,"2009-09-09"
1744,1739,1748,1737,115102,"2009-09-10"
1739,1726,1741,1724,232616,"2009-09-11"
1722,1734,1742,1718,213892,"2009-09-14"
1737,1735,1740,1729,84600,"2009-09-15"
1746,1743,1750,1741,128400,"2009-09-16"
1741,1743,1748,1738,140694,"2009-09-17"
1741,1751,1753,1741,197788,"2009-09-18"
1751,1744,1752,1742,78768,"2009-09-21"
1743,1737,1745,1736,72032,"2009-09-22"
1740,1735,1742,1734,63050,"2009-09-23"
1735,1728,1736,1723,125068,"2009-09-24"
1728,1720,1731,1719,77304,"2009-09-25"
1722,1714,1723,1706,98882,"2009-09-28"
1716,1722,1723,1712,43172,"2009-09-29"
1718,1722,1732,1718,36416,"2009-09-30"
1730,1722,1731,1718,47736,"2009-10-09"
1724,1722,1724,1715,79918,"2009-10-12"
1725,1735,1745,1724,161412,"2009-10-13"
1736,1738,1741,1735,71848,"2009-10-14"
1738,1733,1744,1732,62034,"2009-10-15"
1733,1745,1748,1731,142648,"2009-10-16"
1741,1747,1755,1741,108518,"2009-10-19"
1753,1743,1754,1740,82316,"2009-10-20"
1744,1746,1748,1738,66440,"2009-10-21"
1749,1740,1754,1739,66726,"2009-10-22"
1744,1752,1753,1742,82018,"2009-10-23"
1752,1748,1752,1746,50586,"2009-10-26"
1746,1742,1747,1740,56248,"2009-10-27"
1740,1735,1741,1730,80718,"2009-10-28"
1732,1738,1745,1730,90844,"2009-10-29"
1742,1736,1743,1735,32942,"2009-10-30"
1730,1741,1741,1730,47522,"2009-11-02"
1745,1739,1745,1738,42520,"2009-11-03"
1741,1735,1743,1734,45156,"2009-11-04"
1734,1735,1737,1733,24174,"2009-11-05"
1735,1733,1738,1731,42072,"2009-11-06"
1732,1734,1736,1731,40946,"2009-11-09"
1737,1746,1747,1733,119262,"2009-11-10"
1747,1748,1761,1746,213886,"2009-11-11"
1748,1755,1756,1746,112800,"2009-11-12"
1757,1756,1765,1753,152526,"2009-11-13"
1759,1762,1770,1755,148272,"2009-11-16"
1767,1763,1768,1759,81138,"2009-11-17"
1765,1764,1766,1759,72326,"2009-11-18"
1763,1765,1773,1762,113378,"2009-11-19"
1767,1767,1772,1760,90512,"2009-11-20"
1771,1784,1786,1767,151932,"2009-11-23"
1780,1774,1791,1772,130546,"2009-11-24"
1778,1781,1781,1774,65476,"2009-11-25"
1785,1786,1793,1783,106066,"2009-11-26"
1781,1767,1785,1758,130396,"2009-11-27"
1775,1784,1786,1772,113478,"2009-11-30"
1785,1788,1792,1783,89322,"2009-12-01"
1789,1787,1790,1783,55806,"2009-12-02"
1785,1783,1790,1779,80770,"2009-12-03"
1781,1783,1788,1776,73498,"2009-12-04"
1781,1788,1790,1780,93518,"2009-12-07"
1789,1788,1793,1786,58200,"2009-12-08"
1849,1857,1867,1844,92236,"2009-12-09"
1860,1866,1876,1856,176052,"2009-12-10"
1871,1862,1872,1861,94550,"2009-12-11"
1866,1863,1872,1856,88546,"2009-12-14"
1868,1875,1876,1864,118830,"2009-12-15"
1875,1875,1879,1869,73024,"2009-12-16"
1877,1871,1881,1870,77202,"2009-12-17"
1866,1865,1869,1860,54932,"2009-12-18"
1865,1864,1868,1861,31432,"2009-12-21"
1862,1856,1864,1855,44330,"2009-12-22"
1857,1849,1861,1843,65368,"2009-12-23"
1851,1854,1855,1848,32478,"2009-12-24"
1856,1855,1858,1851,29414,"2009-12-25"
1856,1875,1878,1854,95302,"2009-12-28"
1878,1870,1880,1867,69890,"2009-12-29"
1871,1867,1872,1866,74942,"2009-12-30"
1870,1873,1873,1866,42512,"2009-12-31"
1878,1892,1900,1875,176352,"2010-01-04"
1893,1891,1904,1889,103552,"2010-01-05"
1895,1908,1918,1890,160396,"2010-01-06"
1910,1898,1921,1881,162554,"2010-01-07"
1898,1925,1927,1895,605112,"2010-01-08"
1932,1921,1936,1918,242470,"2010-01-11"
1915,1908,1922,1905,195492,"2010-01-12"
1885,1887,1896,1879,217122,"2010-01-13"
1898,1896,1903,1892,108336,"2010-01-14"
1894,1891,1897,1890,78334,"2010-01-15"
1888,1896,1897,1888,65240,"2010-01-18"
1898,1896,1903,1894,56094,"2010-01-19"
1896,1890,1898,1888,52456,"2010-01-20"
1891,1895,1896,1888,77808,"2010-01-21"
1893,1877,1894,1868,170874,"2010-01-22"
1880,1867,1880,1866,89270,"2010-01-25"
1867,1859,1869,1859,73696,"2010-01-26"
1860,1861,1865,1855,76426,"2010-01-27"
1852,1844,1857,1843,95098,"2010-01-28"
1847,1854,1855,1843,76920,"2010-01-29"
1851,1847,1854,1845,72182,"2010-02-01"
1850,1846,1853,1841,70578,"2010-02-02"
1920,1862,1920,1851,111026,"2010-02-03"
1853,1848,1853,1846,62294,"2010-02-04"
1846,1850,1851,1843,38272,"2010-02-05"
1850,1850,1854,1849,30136,"2010-02-08"
1851,1849,1852,1845,38996,"2010-02-09"
1850,1858,1860,1846,54188,"2010-02-10"
1860,1855,1861,1854,28806,"2010-02-11"
1859,1858,1859,1855,18804,"2010-02-12"
1866,1865,1868,1860,32018,"2010-02-22"
1865,1877,1878,1864,82660,"2010-02-23"
1872,1874,1877,1872,35126,"2010-02-24"
1876,1871,1878,1870,35520,"2010-02-25"
1873,1866,1875,1866,48962,"2010-02-26"
1871,1878,1883,1870,60686,"2010-03-01"
1875,1872,1878,1870,38314,"2010-03-02"
1873,1871,1876,1870,26438,"2010-03-03"
1872,1863,1873,1863,46220,"2010-03-04"
1860,1862,1863,1856,33828,"2010-03-05"
1862,1869,1870,1861,28326,"2010-03-08"
1868,1870,1873,1866,28340,"2010-03-09"
1869,1872,1874,1866,33464,"2010-03-10"
1872,1873,1875,1869,35710,"2010-03-11"
1872,1879,1879,1871,45376,"2010-03-12"
1880,1893,1895,1878,91162,"2010-03-15"
1894,1897,1899,1889,55364,"2010-03-16"
1902,1899,1903,1895,44064,"2010-03-17"
1900,1894,1901,1891,34180,"2010-03-18"
1895,1907,1909,1894,57882,"2010-03-19"
1908,1912,1916,1905,49638,"2010-03-22"
1914,1909,1918,1908,52330,"2010-03-23"
1908,1904,1910,1903,38300,"2010-03-24"
1907,1912,1916,1905,37068,"2010-03-25"
1910,1917,1919,1907,56784,"2010-03-26"
1919,1939,1941,1919,104476,"2010-03-29"
1939,1931,1941,1931,102398,"2010-03-30"
1933,1928,1936,1925,104056,"2010-03-31"
1925,1932,1937,1925,73748,"2010-04-01"
1933,1934,1935,1927,44346,"2010-04-02"
1935,1938,1946,1933,77224,"2010-04-06"
1939,1932,1939,1928,107636,"2010-04-07"
1932,1907,1933,1901,274018,"2010-04-08"
1906,1904,1910,1902,74794,"2010-04-09"
1902,1897,1911,1891,116750,"2010-04-12"
1895,1914,1916,1895,137252,"2010-04-13"
1915,1913,1919,1912,51858,"2010-04-14"
1916,1913,1916,1908,63840,"2010-04-15"
1915,1914,1915,1911,30462,"2010-04-16"
1912,1925,1929,1911,173308,"2010-04-19"
1925,1924,1932,1923,92878,"2010-04-20"
1925,1927,1928,1922,50968,"2010-04-21"
1928,1924,1929,1923,28216,"2010-04-22"
1924,1926,1928,1923,37652,"2010-04-23"
1927,1916,1929,1914,94444,"2010-04-26"
1914,1936,1937,1911,146724,"2010-04-27"
1930,1925,1937,1922,167408,"2010-04-28"
1927,1918,1928,1914,137664,"2010-04-29"
1918,1921,1924,1915,77636,"2010-04-30"
1919,1922,1925,1914,52642,"2010-05-04"
1918,1929,1932,1918,85234,"2010-05-05"
1929,1924,1936,1922,85274,"2010-05-06"
1917,1927,1932,1916,103390,"2010-05-07"
1930,1947,1950,1930,168742,"2010-05-10"
1948,1936,1950,1935,135784,"2010-05-11"
1943,1941,1947,1939,95682,"2010-05-12"
1942,1939,1942,1932,105684,"2010-05-13"
1939,1937,1947,1937,91712,"2010-05-14"
1935,1938,1942,1920,203892,"2010-05-17"
1935,1948,1952,1934,109176,"2010-05-18"
1946,1961,1963,1943,162804,"2010-05-19"
1962,1974,1979,1962,175150,"2010-05-20"
1973,1977,1979,1965,137242,"2010-05-21"
1981,1969,1984,1966,116068,"2010-05-24"
1965,1956,1967,1953,164078,"2010-05-25"
1959,1964,1965,1956,68948,"2010-05-26"
1963,1958,1965,1956,62418,"2010-05-27"
1956,1941,1958,1927,144908,"2010-05-28"
1940,1943,1949,1933,102448,"2010-05-31"
1944,1945,1949,1938,66554,"2010-06-01"
1908,1884,1912,1881,144968,"2010-06-02"
1885,1870,1887,1866,121708,"2010-06-03"
1872,1871,1878,1861,111456,"2010-06-04"
1858,1856,1862,1850,102112,"2010-06-07"
1930,1914,1933,1910,148108,"2010-06-08"
1859,1865,1865,1853,87204,"2010-06-09"
1866,1849,1868,1848,108300,"2010-06-10"
1851,1858,1860,1844,86734,"2010-06-11"
1863,1853,1867,1853,51326,"2010-06-17"
1851,1839,1854,1834,211788,"2010-06-18"
1844,1865,1869,1841,243020,"2010-06-21"
1858,1864,1872,1852,161474,"2010-06-22"
1858,1860,1864,1854,118884,"2010-06-23"
1858,1869,1870,1856,120860,"2010-06-24"
1868,1884,1885,1868,176610,"2010-06-25"
1885,1863,1886,1861,174414,"2010-06-28"
1860,1853,1861,1847,173830,"2010-06-29"
1848,1858,1858,1845,115958,"2010-06-30"
1868,1866,1878,1865,141384,"2010-07-01"
1870,1878,1879,1867,96046,"2010-07-02"
1880,1877,1884,1872,94748,"2010-07-05"
1877,1882,1883,1874,78960,"2010-07-06"
1879,1888,1893,1878,90946,"2010-07-07"
1896,1892,1896,1888,67910,"2010-07-08"
1893,1912,1912,1893,140738,"2010-07-09"
1915,1925,1933,1910,380126,"2010-07-12"
1922,1908,1923,1906,217926,"2010-07-13"
1910,1897,1916,1895,171588,"2010-07-14"
1901,1897,1908,1893,154966,"2010-07-15"
1907,1925,1926,1903,251882,"2010-07-16"
1921,1923,1935,1918,194812,"2010-07-19"
1917,1932,1936,1914,227392,"2010-07-20"
1933,1925,1943,1921,305180,"2010-07-21"
1927,1925,1930,1920,187198,"2010-07-22"
1928,1930,1935,1921,169414,"2010-07-23"
1930,1937,1940,1926,237582,"2010-07-26"
1931,1929,1937,1928,218798,"2010-07-27"
1928,1936,1938,1928,118358,"2010-07-28"
1940,1933,1946,1931,177244,"2010-07-29"
1935,1930,1936,1924,162348,"2010-07-30"
1939,1961,1963,1936,365720,"2010-08-02"
1960,1954,1964,1951,268368,"2010-08-03"
1955,1969,1971,1955,272774,"2010-08-04"
1975,1960,1981,1959,225940,"2010-08-05"
1965,1971,1973,1960,209132,"2010-08-06"
1967,1970,1975,1964,170972,"2010-08-09"
1971,1963,1975,1962,199202,"2010-08-10"
1961,1958,1968,1956,123014,"2010-08-11"
1957,1963,1967,1955,103870,"2010-08-12"
1968,1972,1974,1964,134630,"2010-08-13"
1977,1995,2001,1975,261280,"2010-08-16"
2039,2045,2050,2032,152908,"2010-08-17"
2005,1989,2006,1987,103702,"2010-08-18"
2027,2036,2039,2022,117054,"2010-08-19"
2030,2019,2033,2018,102202,"2010-08-20"
2025,2029,2034,2023,108000,"2010-08-23"
2020,2010,2026,2009,136080,"2010-08-24"
2002,2005,2012,1998,140600,"2010-08-25"
2009,2009,2012,2001,88628,"2010-08-26"
2015,2027,2028,2014,108684,"2010-08-27"
2050,2038,2051,2031,129216,"2010-08-30"
2032,2016,2033,2014,125348,"2010-08-31"
2020,2027,2028,2018,116504,"2010-09-01"
2030,2015,2036,2010,184560,"2010-09-02"
2016,2020,2025,2005,233612,"2010-09-03"
2040,2038,2045,2030,209932,"2010-09-06"
2037,2046,2046,2030,209308,"2010-09-07"
2044,2052,2070,2042,536174,"2010-09-08"
2055,2033,2056,2030,271890,"2010-09-09"
2038,2043,2049,2037,165818,"2010-09-10"
2040,2039,2046,2026,256948,"2010-09-13"
2037,2037,2045,2035,153084,"2010-09-14"
2049,2050,2059,2043,329642,"2010-09-15"
2053,2046,2055,2041,166394,"2010-09-16"
2052,2071,2074,2050,352668,"2010-09-17"
2088,2119,2122,2087,484542,"2010-09-20"
2102,2091,2103,2078,272444,"2010-09-21"
2120,2081,2128,2080,294614,"2010-09-27"
2075,2082,2085,2067,167046,"2010-09-28"
2070,2056,2076,2051,221834,"2010-09-29"
2060,2060,2066,2054,119972,"2010-09-30"
2060,2060,2066,2054,119972,"2010-10-07"
2060,2066,2082,2057,137126,"2010-10-08"
2153,2153,2153,2137,504344,"2010-10-11"
2140,2126,2145,2118,516998,"2010-10-12"
2136,2135,2144,2125,362280,"2010-10-13"
2134,2134,2141,2129,267538,"2010-10-14"
2133,2141,2149,2123,325562,"2010-10-15"
2126,2147,2165,2125,622948,"2010-10-18"
2150,2149,2162,2141,468576,"2010-10-19"
2125,2166,2173,2123,711438,"2010-10-20"
2181,2197,2238,2171,2079586,"2010-10-21"
2192,2197,2209,2184,922230,"2010-10-22"
2210,2230,2250,2201,1269666,"2010-10-25"
2225,2205,2235,2201,592738,"2010-10-26"
2215,2178,2233,2178,888402,"2010-10-27"
2195,2205,2209,2187,622568,"2010-10-28"
2199,2190,2207,2170,467590,"2010-10-29"
2205,2220,2228,2204,436676,"2010-11-01"
2217,2208,2220,2202,248600,"2010-11-02"
2208,2202,2216,2195,212622,"2010-11-03"
2210,2215,2218,2203,209254,"2010-11-04"
2230,2253,2265,2229,576994,"2010-11-05"
2250,2254,2264,2238,453622,"2010-11-08"
2247,2281,2282,2246,454728,"2010-11-09"
2408,2402,2440,2385,812424,"2010-11-10"
2398,2393,2414,2386,499640,"2010-11-11"
2380,2334,2385,2305,1429684,"2010-11-12"
2353,2409,2418,2336,1840100,"2010-11-15"
2410,2362,2419,2357,1386506,"2010-11-16"
2290,2288,2337,2288,1979100,"2010-11-17"
2330,2328,2339,2277,1642958,"2010-11-18"
2347,2325,2349,2303,1285162,"2010-11-19"
2300,2306,2321,2298,811734,"2010-11-22"
2310,2274,2314,2264,1203120,"2010-11-23"
2296,2289,2298,2281,610014,"2010-11-24"
2295,2295,2322,2290,931252,"2010-11-25"
2298,2272,2300,2259,925802,"2010-11-26"
2270,2278,2279,2253,537624,"2010-11-29"
2296,2279,2296,2258,348352,"2010-11-30"
2267,2276,2280,2266,194104,"2010-12-01"
2295,2286,2298,2285,208922,"2010-12-02"
2285,2280,2287,2273,191394,"2010-12-03"
2290,2288,2298,2282,222048,"2010-12-06"
2284,2304,2304,2279,247966,"2010-12-07"
2288,2286,2300,2285,214206,"2010-12-08"
2295,2308,2319,2293,428648,"2010-12-09"
2307,2312,2318,2303,222424,"2010-12-10"
2306,2324,2327,2305,245340,"2010-12-13"
2330,2343,2346,2325,332520,"2010-12-14"
2341,2325,2346,2323,237636,"2010-12-15"
2327,2323,2332,2321,122412,"2010-12-16"
2325,2330,2334,2324,111752,"2010-12-17"
2345,2335,2347,2331,205740,"2010-12-20"
2339,2337,2343,2331,121678,"2010-12-21"
2338,2334,2346,2331,167384,"2010-12-22"
2339,2350,2360,2338,236732,"2010-12-23"
2355,2349,2358,2345,172298,"2010-12-24"
2345,2340,2348,2338,119876,"2010-12-27"
2346,2329,2348,2326,129008,"2010-12-28"
2335,2325,2336,2316,158738,"2010-12-29"
2321,2335,2335,2317,97682,"2010-12-30"
2330,2330,2335,2326,77082,"2010-12-31"
2331,2341,2345,2330,110526,"2011-01-04"
2330,2329,2336,2326,97094,"2011-01-05"
2340,2332,2340,2330,103132,"2011-01-06"
2323,2305,2329,2303,177608,"2011-01-07"
2309,2306,2315,2304,109668,"2011-01-10"
2311,2306,2315,2296,158138,"2011-01-11"
2301,2310,2313,2301,88664,"2011-01-12"
2330,2323,2345,2318,123360,"2011-01-13"
2325,2338,2342,2321,247986,"2011-01-14"
2338,2342,2356,2331,278596,"2011-01-17"
2346,2371,2376,2332,359152,"2011-01-18"
2375,2363,2376,2360,293790,"2011-01-19"
2350,2338,2354,2336,251820,"2011-01-20"
2340,2341,2349,2338,148004,"2011-01-21"
2345,2350,2358,2336,234560,"2011-01-24"
2345,2344,2363,2338,449632,"2011-01-25"
2333,2333,2341,2321,229612,"2011-01-26"
2345,2342,2349,2338,158750,"2011-01-27"
2339,2341,2352,2338,145188,"2011-01-28"
2340,2361,2366,2340,189922,"2011-01-31"
2364,2389,2389,2362,303774,"2011-02-01"
2391,2431,2455,2380,616640,"2011-02-09"
2441,2429,2448,2423,416858,"2011-02-10"
2432,2440,2458,2423,590090,"2011-02-11"
2447,2474,2478,2431,715652,"2011-02-14"
2464,2448,2470,2447,439126,"2011-02-15"
2430,2434,2439,2422,369358,"2011-02-16"
2436,2431,2458,2424,425734,"2011-02-17"
2451,2437,2458,2435,542152,"2011-02-18"
2448,2437,2448,2425,229706,"2011-02-21"
2452,2439,2455,2427,393188,"2011-02-22"
2397,2392,2407,2368,409004,"2011-02-23"
2403,2391,2408,2381,268344,"2011-02-24"
2396,2414,2415,2390,245062,"2011-02-25"
2426,2429,2438,2417,309458,"2011-02-28"
2439,2426,2439,2426,151074,"2011-03-01"
2422,2436,2440,2415,287646,"2011-03-02"
2428,2422,2438,2418,232018,"2011-03-03"
2432,2431,2436,2418,250452,"2011-03-04"
2428,2444,2447,2424,257958,"2011-03-07"
2431,2429,2458,2421,557614,"2011-03-08"
2431,2430,2438,2426,209606,"2011-03-09"
2426,2425,2431,2419,251994,"2011-03-10"
2414,2409,2421,2405,272644,"2011-03-11"
2407,2395,2424,2391,447574,"2011-03-14"
2402,2404,2407,2388,255494,"2011-03-15"
2380,2393,2396,2373,264422,"2011-03-16"
2390,2408,2409,2386,283124,"2011-03-17"
2427,2413,2428,2410,183674,"2011-03-18"
2425,2411,2425,2407,180620,"2011-03-21"
2405,2396,2413,2395,159888,"2011-03-22"
2396,2409,2410,2395,145136,"2011-03-23"
2407,2395,2408,2393,96102,"2011-03-24"
2409,2418,2429,2405,126668,"2011-03-25"
2402,2388,2404,2386,122754,"2011-03-28"
2396,2396,2404,2391,89200,"2011-03-29"
2386,2388,2390,2382,64200,"2011-03-30"
2388,2377,2388,2376,80030,"2011-03-31"
2408,2393,2408,2389,190976,"2011-04-01"
2400,2399,2402,2393,101170,"2011-04-06"
2396,2383,2398,2377,175720,"2011-04-07"
2404,2417,2418,2398,115430,"2011-04-08"
2425,2445,2461,2422,307854,"2011-04-11"
2438,2422,2446,2413,226684,"2011-04-12"
2412,2426,2427,2411,148348,"2011-04-13"
2423,2417,2436,2413,155154,"2011-04-14"
2421,2414,2423,2411,101312,"2011-04-15"
2409,2424,2431,2401,207640,"2011-04-18"
2428,2421,2432,2413,138156,"2011-04-19"
2422,2427,2430,2420,121448,"2011-04-20"
2423,2407,2424,2406,144788,"2011-04-21"
2410,2410,2414,2397,217414,"2011-04-22"
2416,2417,2419,2409,104132,"2011-04-25"
2416,2419,2426,2408,298252,"2011-04-26"
2424,2406,2424,2405,206208,"2011-04-27"
2406,2405,2413,2400,177994,"2011-04-28"
2395,2349,2395,2345,491242,"2011-04-29"
2356,2368,2375,2351,287554,"2011-05-03"
2363,2363,2372,2360,215136,"2011-05-04"
2363,2374,2377,2354,281178,"2011-05-05"
2353,2351,2366,2341,281210,"2011-05-06"
2433,2372,2439,2356,309236,"2011-05-09"
2377,2391,2394,2372,301704,"2011-05-10"
2386,2389,2398,2385,125954,"2011-05-11"
2375,2372,2385,2367,207618,"2011-05-12"
2380,2388,2390,2377,157470,"2011-05-13"
2389,2384,2393,2383,83654,"2011-05-16"
2385,2374,2388,2371,174998,"2011-05-17"
2382,2377,2387,2376,153052,"2011-05-18"
2389,2388,2396,2386,213462,"2011-05-19"
2388,2391,2394,2386,95316,"2011-05-20"
2396,2408,2416,2393,319880,"2011-05-23"
2410,2410,2414,2402,129530,"2011-05-24"
2406,2410,2413,2404,97114,"2011-05-25"
2414,2423,2425,2412,199268,"2011-05-26"
2425,2421,2425,2415,100130,"2011-05-27"
2424,2426,2435,2421,217014,"2011-05-30"
2423,2416,2427,2415,120476,"2011-05-31"
2418,2413,2418,2412,61968,"2011-06-01"
2415,2417,2419,2412,78804,"2011-06-02"
2420,2425,2429,2419,126134,"2011-06-03"
2412,2407,2415,2404,109466,"2011-06-07"
2408,2407,2411,2404,74504,"2011-06-08"
2413,2412,2416,2410,81238,"2011-06-09"
2417,2413,2421,2410,106926,"2011-06-10"
2415,2419,2421,2413,100462,"2011-06-13"
2416,2413,2418,2411,59454,"2011-06-14"
2406,2412,2414,2406,57026,"2011-06-15"
2409,2387,2409,2385,157662,"2011-06-16"
2382,2366,2384,2365,176474,"2011-06-17"
2365,2371,2375,2365,110052,"2011-06-20"
2374,2381,2382,2374,63794,"2011-06-21"
2381,2375,2384,2369,120946,"2011-06-22"
2358,2351,2360,2345,191938,"2011-06-23"
2352,2359,2362,2352,71742,"2011-06-24"
2350,2324,2350,2321,176740,"2011-06-27"
2328,2302,2331,2298,253826,"2011-06-28"
2318,2318,2323,2314,146818,"2011-06-29"
2313,2307,2317,2295,315908,"2011-06-30"
2269,2267,2276,2256,315260,"2011-07-01"
2278,2279,2286,2267,228946,"2011-07-04"
2282,2279,2283,2267,192112,"2011-07-05"
2285,2290,2293,2275,147204,"2011-07-06"
2285,2288,2291,2283,97718,"2011-07-07"
2292,2296,2303,2291,123338,"2011-07-08"
2300,2287,2300,2287,99434,"2011-07-11"
2285,2277,2286,2267,157502,"2011-07-12"
2292,2307,2308,2290,158886,"2011-07-13"
2320,2313,2323,2310,170188,"2011-07-14"
2313,2311,2315,2307,74140,"2011-07-15"
2314,2316,2326,2310,90254,"2011-07-18"
2318,2321,2322,2316,44696,"2011-07-19"
2385,2378,2389,2375,47170,"2011-07-20"
2375,2369,2376,2366,46424,"2011-07-21"
2373,2377,2378,2368,31246,"2011-07-22"
2373,2364,2374,2356,54248,"2011-07-25"
2364,2381,2382,2363,47580,"2011-07-26"
2385,2397,2400,2385,70548,"2011-07-27"
2395,2391,2397,2385,41478,"2011-07-28"
2392,2384,2398,2383,47108,"2011-07-29"
2389,2391,2392,2384,32228,"2011-08-01"
2396,2386,2399,2384,50252,"2011-08-02"
2397,2397,2406,2395,84842,"2011-08-03"
2395,2386,2399,2384,80904,"2011-08-04"
2371,2373,2379,2350,131902,"2011-08-05"
2371,2387,2392,2367,112110,"2011-08-08"
2363,2391,2402,2353,329622,"2011-08-09"
2398,2388,2402,2382,142980,"2011-08-10"
2379,2413,2419,2376,289848,"2011-08-11"
2426,2409,2429,2406,127256,"2011-08-12"
2415,2419,2422,2410,142748,"2011-08-15"
2423,2406,2423,2406,84886,"2011-08-16"
2406,2405,2412,2404,57852,"2011-08-17"
2408,2393,2409,2390,118198,"2011-08-18"
2388,2390,2399,2382,117404,"2011-08-19"
2397,2392,2404,2392,76208,"2011-08-22"
2399,2394,2403,2385,94258,"2011-08-23"
2397,2380,2397,2375,135546,"2011-08-24"
2379,2370,2382,2368,122952,"2011-08-25"
2374,2371,2376,2369,79560,"2011-08-26"
2383,2391,2392,2373,161818,"2011-08-29"
2385,2390,2397,2385,110734,"2011-08-30"
2393,2396,2403,2390,105048,"2011-08-31"
2398,2395,2401,2391,83868,"2011-09-01"
2387,2397,2402,2386,109828,"2011-09-02"
2401,2405,2413,2399,148392,"2011-09-05"
2405,2406,2411,2398,128776,"2011-09-06"
2408,2406,2410,2401,63950,"2011-09-07"
2405,2403,2406,2398,75212,"2011-09-08"
2405,2404,2408,2400,56678,"2011-09-09"
2405,2402,2409,2395,86828,"2011-09-13"
2398,2383,2399,2381,176564,"2011-09-14"
2383,2385,2390,2383,57700,"2011-09-15"
2380,2388,2388,2378,100634,"2011-09-16"
2382,2375,2384,2373,142830,"2011-09-19"
2379,2386,2390,2379,74616,"2011-09-20"
2384,2378,2385,2369,103292,"2011-09-21"
2359,2360,2367,2358,102996,"2011-09-22"
2345,2302,2348,2297,287198,"2011-09-23"
2300,2264,2302,2263,274190,"2011-09-26"
2290,2302,2307,2287,150634,"2011-09-27"
2298,2282,2299,2276,120158,"2011-09-28"
2230,2260,2267,2202,147092,"2011-09-29"
2268,2285,2298,2264,118154,"2011-09-30"
2275,2266,2275,2260,66994,"2011-10-10"
2270,2214,2274,2211,245720,"2011-10-11"
2239,2239,2251,2221,345078,"2011-10-12"
2231,2235,2244,2224,188264,"2011-10-13"
2235,2279,2280,2235,342078,"2011-10-14"
2280,2273,2292,2265,209704,"2011-10-17"
2264,2251,2268,2247,165438,"2011-10-18"
2260,2258,2271,2242,215996,"2011-10-19"
2240,2235,2241,2222,270196,"2011-10-20"
2245,2253,2258,2245,142122,"2011-10-21"
2250,2259,2267,2235,248632,"2011-10-24"
2259,2259,2266,2252,135182,"2011-10-25"
2255,2259,2268,2249,148290,"2011-10-26"
2251,2263,2265,2251,104562,"2011-10-27"
2276,2262,2277,2261,95234,"2011-10-28"
2258,2242,2260,2235,140706,"2011-10-31"
2243,2240,2253,2239,107616,"2011-11-01"
2245,2251,2252,2238,93860,"2011-11-02"
2240,2240,2249,2225,237082,"2011-11-03"
2248,2232,2250,2228,162816,"2011-11-04"
2228,2216,2230,2205,209824,"2011-11-07"
2216,2228,2235,2213,204168,"2011-11-08"
2233,2231,2236,2225,94532,"2011-11-09"
2219,2227,2232,2207,245518,"2011-11-10"
2225,2224,2231,2214,148148,"2011-11-11"
2227,2216,2228,2214,137964,"2011-11-14"
2207,2217,2219,2196,158432,"2011-11-15"
2224,2210,2224,2209,86962,"2011-11-16"
2210,2213,2217,2205,69996,"2011-11-17"
2193,2203,2208,2193,95174,"2011-11-18"
2202,2175,2204,2170,229438,"2011-11-21"
2165,2165,2174,2158,185278,"2011-11-22"
2169,2159,2179,2152,174768,"2011-11-23"
2155,2161,2162,2148,124454,"2011-11-24"
2175,2159,2175,2149,101730,"2011-11-25"
2170,2181,2184,2162,171480,"2011-11-28"
2180,2182,2185,2174,101190,"2011-11-29"
2183,2178,2189,2174,65916,"2011-11-30"
2190,2190,2208,2190,109868,"2011-12-01"
2217,2224,2225,2215,90604,"2011-12-05"
2220,2226,2226,2216,69964,"2011-12-06"
2200,2195,2202,2190,57732,"2011-12-07"
2222,2220,2227,2216,104598,"2011-12-08"
2225,2249,2251,2223,262772,"2011-12-09"
2251,2252,2258,2245,200350,"2011-12-12"
2250,2246,2253,2242,122032,"2011-12-13"
2246,2250,2252,2240,142128,"2011-12-14"
2238,2255,2255,2235,184058,"2011-12-15"
2254,2258,2263,2243,217390,"2011-12-16"
2259,2264,2274,2258,231742,"2011-12-19"
2266,2260,2269,2258,138012,"2011-12-20"
2265,2243,2265,2242,198440,"2011-12-21"
2244,2248,2250,2241,93720,"2011-12-22"
2247,2256,2257,2246,84030,"2011-12-23"
2258,2256,2262,2254,88164,"2011-12-26"
2256,2254,2258,2252,46224,"2011-12-27"
2261,2267,2268,2257,100468,"2011-12-28"
2263,2269,2272,2260,109472,"2011-12-29"
2270,2273,2277,2268,111040,"2011-12-30"
2282,2283,2289,2278,97498,"2012-01-04"
2283,2283,2287,2279,61034,"2012-01-05"
2271,2294,2295,2271,91456,"2012-01-06"
2290,2293,2300,2288,111276,"2012-01-09"
2297,2298,2311,2291,177302,"2012-01-10"
2298,2299,2308,2294,73936,"2012-01-11"
2295,2306,2309,2295,67980,"2012-01-12"
2292,2289,2300,2285,172432,"2012-01-13"
2284,2279,2287,2276,154760,"2012-01-16"
2281,2296,2300,2281,109650,"2012-01-17"
2295,2295,2299,2292,61100,"2012-01-18"
2295,2295,2299,2288,71486,"2012-01-19"
2298,2304,2305,2297,57264,"2012-01-20"
2312,2327,2330,2309,130222,"2012-01-30"
2322,2337,2340,2320,164692,"2012-01-31"
2340,2333,2342,2329,108400,"2012-02-01"
2334,2331,2338,2328,78048,"2012-02-02"
2333,2349,2357,2332,231126,"2012-02-03"
2354,2368,2372,2354,142116,"2012-02-06"
2368,2375,2380,2363,172616,"2012-02-07"
2380,2389,2393,2376,249028,"2012-02-08"
2384,2381,2390,2376,169136,"2012-02-09"
2377,2383,2386,2370,198682,"2012-02-10"
2383,2388,2396,2380,201496,"2012-02-13"
2394,2373,2397,2370,257116,"2012-02-14"
2373,2368,2385,2365,282142,"2012-02-15"
2368,2368,2374,2359,256468,"2012-02-16"
2375,2371,2379,2369,164844,"2012-02-17"
2380,2386,2388,2378,203318,"2012-02-20"
2388,2383,2388,2374,160206,"2012-02-21"
2380,2374,2380,2372,224732,"2012-02-22"
2379,2378,2380,2373,133912,"2012-02-23"
2375,2383,2385,2375,166138,"2012-02-24"
2385,2397,2398,2383,194180,"2012-02-27"
2404,2409,2410,2401,201074,"2012-02-28"
2414,2421,2423,2407,233156,"2012-02-29"
2414,2411,2428,2411,272166,"2012-03-01"
2415,2409,2420,2407,267110,"2012-03-02"
2411,2406,2418,2403,233708,"2012-03-05"
2410,2395,2410,2393,208968,"2012-03-06"
2387,2402,2410,2386,315628,"2012-03-07"
2399,2404,2410,2397,261072,"2012-03-08"
2408,2434,2435,2408,403764,"2012-03-09"
2434,2445,2446,2426,407590,"2012-03-12"
2450,2449,2458,2442,472302,"2012-03-13"
2451,2437,2454,2436,404004,"2012-03-14"
2441,2471,2471,2433,807706,"2012-03-15"
2477,2487,2497,2473,1107100,"2012-03-16"
2494,2477,2495,2470,832446,"2012-03-19"
2474,2466,2477,2463,570006,"2012-03-20"
2462,2468,2485,2460,770984,"2012-03-21"
2473,2465,2473,2461,440350,"2012-03-22"
2470,2459,2475,2456,541426,"2012-03-23"
2461,2447,2461,2445,464572,"2012-03-26"
2448,2444,2456,2441,343290,"2012-03-27"
2439,2456,2462,2438,708606,"2012-03-28"
2454,2433,2456,2430,497016,"2012-03-29"
2428,2432,2436,2421,450292,"2012-03-30"
2450,2464,2468,2447,432518,"2012-04-05"
2462,2453,2464,2450,275928,"2012-04-06"
2458,2454,2463,2450,263418,"2012-04-09"
2450,2448,2453,2441,242138,"2012-04-10"
2436,2431,2439,2429,227964,"2012-04-11"
2433,2434,2437,2428,183192,"2012-04-12"
2435,2426,2444,2425,344560,"2012-04-13"
2418,2416,2422,2407,239498,"2012-04-16"
2418,2420,2424,2413,193620,"2012-04-17"
2420,2423,2428,2414,266040,"2012-04-18"
2419,2438,2440,2415,435706,"2012-04-19"
2439,2429,2440,2428,236624,"2012-04-20"
2425,2421,2429,2417,205338,"2012-04-23"
2422,2414,2427,2413,230790,"2012-04-24"
2418,2420,2421,2403,386736,"2012-04-25"
2419,2426,2428,2417,191338,"2012-04-26"
2425,2430,2432,2422,163210,"2012-04-27"
2435,2428,2436,2425,192786,"2012-05-02"
2422,2417,2427,2413,203136,"2012-05-03"
2418,2428,2429,2414,243152,"2012-05-04"
2423,2425,2429,2415,255628,"2012-05-07"
2426,2425,2432,2423,190656,"2012-05-08"
2421,2407,2425,2405,335262,"2012-05-09"
2406,2413,2415,2398,348460,"2012-05-10"
2406,2396,2408,2391,447584,"2012-05-11"
2400,2388,2404,2378,507630,"2012-05-14"
2380,2394,2401,2380,507478,"2012-05-15"
2397,2377,2397,2376,333834,"2012-05-16"
2391,2396,2399,2378,342798,"2012-05-17"
2393,2395,2396,2384,204244,"2012-05-18"
2400,2410,2417,2400,276124,"2012-05-21"
2408,2402,2410,2401,131404,"2012-05-22"
2390,2391,2393,2383,213338,"2012-05-23"
2394,2391,2396,2386,134402,"2012-05-24"
2385,2359,2386,2348,885482,"2012-05-25"
2363,2368,2372,2346,473616,"2012-05-28"
2365,2371,2375,2357,289496,"2012-05-29"
2359,2361,2368,2352,324820,"2012-05-30"
2357,2368,2372,2354,223578,"2012-05-31"
2365,2366,2373,2362,220062,"2012-06-01"
2361,2367,2372,2359,356930,"2012-06-04"
2371,2406,2425,2368,815892,"2012-06-05"
2407,2408,2411,2401,256688,"2012-06-06"
2416,2402,2420,2398,222110,"2012-06-07"
2402,2393,2406,2391,213496,"2012-06-08"
2399,2412,2414,2399,247028,"2012-06-11"
2292,2295,2298,2285,133800,"2012-06-12"
2405,2416,2418,2405,221520,"2012-06-13"
2295,2274,2299,2274,241232,"2012-06-14"
2277,2284,2285,2266,316420,"2012-06-15"
2420,2425,2431,2416,291774,"2012-06-18"
2295,2318,2323,2294,411808,"2012-06-19"
2328,2333,2338,2323,204724,"2012-06-20"
2320,2325,2334,2316,195680,"2012-06-21"
2341,2336,2354,2333,253038,"2012-06-25"
2352,2339,2364,2337,354932,"2012-06-26"
2345,2326,2345,2325,218618,"2012-06-27"
2324,2326,2336,2321,180656,"2012-06-28"
2323,2336,2338,2321,133786,"2012-06-29"
2348,2326,2352,2325,161632,"2012-07-02"
2448,2444,2454,2442,101900,"2012-07-03"
2444,2448,2450,2444,146328,"2012-07-04"
2446,2456,2457,2446,116716,"2012-07-05"
2453,2461,2467,2453,111640,"2012-07-06"
2351,2368,2380,2345,599604,"2012-07-09"
2357,2353,2369,2352,223070,"2012-07-10"
2358,2352,2364,2340,379154,"2012-07-11"
2350,2349,2355,2341,191160,"2012-07-12"
2355,2367,2368,2353,291778,"2012-07-13"
2380,2411,2429,2380,949954,"2012-07-16"
2422,2395,2423,2388,525478,"2012-07-17"
2398,2387,2403,2386,329188,"2012-07-18"
2395,2397,2402,2388,289606,"2012-07-19"
2398,2392,2401,2386,209214,"2012-07-20"
2387,2396,2404,2372,418478,"2012-07-23"
2365,2379,2388,2347,377176,"2012-07-24"
2370,2384,2389,2368,218516,"2012-07-25"
2389,2382,2392,2375,220528,"2012-07-26"
2376,2381,2386,2375,160082,"2012-07-27"
2399,2400,2407,2392,368624,"2012-07-30"
2396,2398,2400,2391,124668,"2012-07-31"
2395,2397,2422,2391,479222,"2012-08-01"
2395,2383,2402,2382,243026,"2012-08-02"
2383,2384,2393,2377,185778,"2012-08-03"
2390,2376,2391,2372,182100,"2012-08-06"
2376,2379,2384,2373,145788,"2012-08-07"
2375,2376,2382,2371,180934,"2012-08-08"
2381,2383,2388,2380,113562,"2012-08-09"
2389,2392,2394,2387,129056,"2012-08-10"
2390,2421,2434,2389,1195300,"2012-08-13"
2424,2424,2439,2413,1304900,"2012-08-14"
2428,2437,2442,2422,1007300,"2012-08-15"
2440,2412,2440,2411,612120,"2012-08-16"
2415,2410,2422,2408,340430,"2012-08-17"
2414,2414,2419,2410,290462,"2012-08-20"
2414,2419,2429,2414,390752,"2012-08-21"
2421,2409,2425,2408,245686,"2012-08-22"
2409,2412,2418,2405,238010,"2012-08-23"
2404,2385,2407,2381,363670,"2012-08-24"
2390,2390,2403,2387,338372,"2012-08-27"
2380,2382,2389,2380,147738,"2012-08-28"
2383,2392,2399,2382,251352,"2012-08-29"
2398,2394,2398,2388,126576,"2012-08-30"
2393,2385,2394,2382,114708,"2012-08-31"
2390,2390,2394,2382,159814,"2012-09-03"
2392,2398,2407,2386,249882,"2012-09-04"
2396,2368,2396,2367,310662,"2012-09-05"
2361,2362,2369,2355,220616,"2012-09-06"
2368,2362,2370,2360,142240,"2012-09-07"
2365,2368,2370,2359,138612,"2012-09-10"
2361,2356,2365,2350,190912,"2012-09-11"
2354,2360,2363,2347,174690,"2012-09-12"
2361,2363,2368,2356,132224,"2012-09-13"
2367,2362,2376,2360,169478,"2012-09-14"
2360,2345,2365,2342,250228,"2012-09-17"
2338,2352,2355,2331,237936,"2012-09-18"
2352,2355,2358,2349,90406,"2012-09-19"
2356,2368,2376,2353,358160,"2012-09-20"
2363,2359,2371,2357,124968,"2012-09-21"
2355,2354,2359,2343,140780,"2012-09-24"
2353,2352,2356,2348,64648,"2012-09-25"
2350,2340,2354,2338,159434,"2012-09-26"
2331,2324,2343,2322,185556,"2012-09-27"
2320,2341,2342,2320,133186,"2012-09-28"
2340,2311,2341,2310,117982,"2012-10-08"
2316,2316,2318,2304,120302,"2012-10-09"
2310,2320,2322,2309,67526,"2012-10-10"
2314,2321,2327,2314,67852,"2012-10-11"
2330,2316,2330,2315,99508,"2012-10-12"
2311,2313,2315,2307,72248,"2012-10-15"
2315,2324,2325,2313,54232,"2012-10-16"
2321,2340,2341,2317,107324,"2012-10-17"
2423,2415,2423,2408,156142,"2012-10-18"
2418,2407,2419,2402,87438,"2012-10-19"
2404,2411,2411,2401,61636,"2012-10-22"
2411,2410,2414,2407,73326,"2012-10-23"
2410,2410,2414,2404,99746,"2012-10-24"
2411,2437,2438,2411,272742,"2012-10-25"
2435,2424,2435,2421,142630,"2012-10-26"
2420,2418,2424,2417,126528,"2012-10-29"
2417,2421,2421,2408,134436,"2012-10-30"
2421,2420,2432,2415,135486,"2012-10-31"
2422,2419,2430,2416,166820,"2012-11-01"
2419,2426,2427,2415,130012,"2012-11-02"
2420,2428,2442,2418,280642,"2012-11-05"
2430,2427,2430,2422,72346,"2012-11-06"
2431,2427,2434,2425,74388,"2012-11-07"
2425,2427,2431,2424,78774,"2012-11-08"
2426,2421,2430,2417,112792,"2012-11-09"
2417,2423,2426,2415,182164,"2012-11-12"
2418,2399,2424,2390,443082,"2012-11-13"
2404,2411,2433,2389,423406,"2012-11-14"
2410,2408,2417,2406,154078,"2012-11-15"
2405,2414,2418,2404,140792,"2012-11-16"
2420,2428,2429,2418,193650,"2012-11-19"
2431,2426,2431,2424,82978,"2012-11-20"
2426,2428,2431,2422,77846,"2012-11-21"
2428,2427,2429,2424,80618,"2012-11-22"
2429,2440,2445,2424,237578,"2012-11-23"
2440,2445,2451,2438,200272,"2012-11-26"
2448,2441,2448,2437,132342,"2012-11-27"
2445,2433,2448,2429,192568,"2012-11-28"
2434,2436,2437,2430,70136,"2012-11-29"
2432,2438,2439,2432,65660,"2012-11-30"
2438,2444,2447,2436,112898,"2012-12-03"
2442,2441,2444,2435,83396,"2012-12-04"
2442,2454,2457,2439,125922,"2012-12-05"
2454,2455,2467,2453,173548,"2012-12-06"
2457,2452,2458,2449,121500,"2012-12-07"
2447,2448,2451,2443,105104,"2012-12-10"
2448,2444,2453,2443,86720,"2012-12-11"
2445,2442,2448,2438,86952,"2012-12-12"
2442,2440,2445,2439,56716,"2012-12-13"
2439,2445,2448,2436,108042,"2012-12-14"
2445,2450,2451,2442,81618,"2012-12-17"
2447,2446,2452,2445,50716,"2012-12-18"
2445,2448,2452,2443,82060,"2012-12-19"
2441,2447,2448,2440,87798,"2012-12-20"
2447,2443,2447,2440,82444,"2012-12-21"
2446,2428,2446,2427,183242,"2012-12-24"
2430,2431,2437,2425,116184,"2012-12-25"
2430,2434,2436,2429,49302,"2012-12-26"
2429,2438,2440,2428,67328,"2012-12-27"
2438,2437,2440,2433,48942,"2012-12-28"
2436,2433,2439,2432,53658,"2012-12-31"
2433,2446,2450,2432,91620,"2013-01-04"
2443,2445,2449,2442,50224,"2013-01-07"
2448,2456,2459,2443,124930,"2013-01-08"
2458,2444,2465,2441,132728,"2013-01-09"
2446,2445,2448,2439,50784,"2013-01-10"
2444,2438,2447,2438,50524,"2013-01-11"
2441,2434,2445,2429,102254,"2013-01-14"
2436,2434,2439,2429,59144,"2013-01-15"
2432,2435,2436,2431,34832,"2013-01-16"
2435,2431,2437,2420,88924,"2013-01-17"
2430,2434,2435,2428,38760,"2013-01-18"
2433,2427,2436,2425,35148,"2013-01-21"
2425,2426,2431,2425,30682,"2013-01-22"
2426,2427,2429,2423,30676,"2013-01-23"
2426,2417,2426,2415,67404,"2013-01-24"
2418,2419,2421,2415,19518,"2013-01-25"
2419,2424,2424,2415,25606,"2013-01-28"
2425,2422,2425,2419,27328,"2013-01-29"
2415,2424,2427,2415,30598,"2013-01-30"
2426,2424,2426,2421,21892,"2013-01-31"
2426,2425,2426,2422,16946,"2013-02-01"
2475,2478,2487,2473,43130,"2013-02-04"
2478,2468,2478,2465,61422,"2013-02-05"
2467,2469,2472,2464,39578,"2013-02-06"
2467,2464,2467,2461,35596,"2013-02-07"
2460,2462,2465,2453,55536,"2013-02-08"
2450,2440,2458,2437,81178,"2013-02-18"
2441,2448,2450,2440,83088,"2013-02-19"
2450,2445,2452,2444,58816,"2013-02-20"
2443,2447,2448,2432,143964,"2013-02-21"
2446,2448,2453,2443,73284,"2013-02-22"
2442,2439,2446,2438,56312,"2013-02-25"
2437,2433,2442,2430,82092,"2013-02-26"
2436,2433,2440,2431,54470,"2013-02-27"
2436,2441,2442,2430,124654,"2013-02-28"
2439,2438,2441,2433,54118,"2013-03-01"
2436,2425,2437,2424,92204,"2013-03-04"
2425,2429,2433,2424,58892,"2013-03-05"
2430,2437,2437,2428,61396,"2013-03-06"
2430,2443,2446,2428,107314,"2013-03-07"
2441,2443,2444,2438,38422,"2013-03-08"
2446,2445,2452,2444,60584,"2013-03-11"
2447,2445,2448,2441,40894,"2013-03-12"
2444,2450,2452,2443,67774,"2013-03-13"
2450,2445,2451,2442,61564,"2013-03-14"
2445,2460,2461,2445,119774,"2013-03-15"
2453,2458,2463,2449,123680,"2013-03-18"
2460,2460,2463,2456,71346,"2013-03-19"
2463,2459,2463,2454,56440,"2013-03-20"
2460,2458,2462,2454,39198,"2013-03-21"
2461,2463,2467,2458,44092,"2013-03-22"
2460,2463,2463,2458,21626,"2013-03-25"
2463,2459,2464,2457,43834,"2013-03-26"
2459,2461,2463,2456,46676,"2013-03-27"
2464,2474,2474,2462,106974,"2013-03-28"
2460,2468,2472,2455,109386,"2013-03-29"
2460,2437,2462,2437,279796,"2013-04-01"
2437,2440,2446,2434,138050,"2013-04-02"
2435,2431,2437,2427,135312,"2013-04-03"
2415,2420,2422,2405,256350,"2013-04-08"
2423,2399,2423,2392,399284,"2013-04-09"
2403,2418,2420,2403,286196,"2013-04-10"
2420,2418,2422,2413,108076,"2013-04-11"
2420,2426,2427,2415,170118,"2013-04-12"
2414,2406,2420,2401,245310,"2013-04-15"
2394,2402,2405,2389,192036,"2013-04-16"
2405,2403,2414,2400,114112,"2013-04-17"
2402,2405,2407,2398,130040,"2013-04-18"
2403,2402,2410,2399,110962,"2013-04-19"
2395,2378,2398,2377,358182,"2013-04-22"
2378,2372,2381,2364,254072,"2013-04-23"
2366,2376,2381,2362,233598,"2013-04-24"
2376,2388,2388,2375,128514,"2013-04-25"
2390,2391,2395,2387,120056,"2013-04-26"
2409,2417,2419,2403,308414,"2013-05-02"
2419,2418,2424,2414,163822,"2013-05-03"
2416,2423,2426,2413,91084,"2013-05-06"
2419,2433,2433,2417,192234,"2013-05-07"
2433,2439,2440,2432,181280,"2013-05-08"
2438,2433,2442,2430,131760,"2013-05-09"
2436,2438,2440,2434,86650,"2013-05-10"
2438,2433,2440,2431,71540,"2013-05-13"
2440,2437,2442,2434,58538,"2013-05-14"
2435,2436,2442,2433,115710,"2013-05-15"
2436,2446,2449,2432,138418,"2013-05-16"
2444,2447,2450,2444,80698,"2013-05-17"
2448,2431,2449,2429,166042,"2013-05-20"
2434,2427,2434,2422,102194,"2013-05-21"
2425,2435,2438,2422,97904,"2013-05-22"
2440,2428,2446,2428,91882,"2013-05-23"
2423,2432,2435,2423,38066,"2013-05-24"
2435,2439,2442,2432,75416,"2013-05-27"
2438,2441,2443,2437,55480,"2013-05-28"
2446,2443,2450,2440,93762,"2013-05-29"
2445,2447,2448,2442,48922,"2013-05-30"
2445,2447,2449,2444,34252,"2013-05-31"
2450,2447,2454,2442,117814,"2013-06-03"
2446,2435,2447,2433,106218,"2013-06-04"
2435,2436,2439,2431,76382,"2013-06-05"
2436,2428,2437,2426,88372,"2013-06-06"
2430,2427,2431,2421,83078,"2013-06-07"
2423,2424,2430,2420,51438,"2013-06-13"
2420,2424,2426,2420,34860,"2013-06-14"
2424,2426,2428,2421,47104,"2013-06-17"
2426,2426,2431,2424,31510,"2013-06-18"
2425,2427,2428,2424,21996,"2013-06-19"
2429,2422,2430,2421,56000,"2013-06-20"
2416,2421,2425,2410,50728,"2013-06-21"
2417,2414,2424,2413,58448,"2013-06-24"
2418,2420,2424,2415,38830,"2013-06-25"
2420,2415,2422,2413,40698,"2013-06-26"
2415,2418,2419,2405,71736,"2013-06-27"
2417,2418,2425,2415,57906,"2013-06-28"
2409,2418,2420,2408,48844,"2013-07-01"
2417,2424,2425,2416,37650,"2013-07-02"
2424,2427,2428,2421,47926,"2013-07-03"
2429,2435,2438,2429,104690,"2013-07-04"
2380,2381,2398,2375,342024,"2013-07-05"
2382,2374,2385,2371,86316,"2013-07-08"
2379,2376,2382,2373,69324,"2013-07-09"
2381,2380,2385,2375,40100,"2013-07-10"
2381,2379,2388,2375,91100,"2013-07-11"
2378,2375,2382,2375,40248,"2013-07-12"
2372,2369,2372,2360,74266,"2013-07-15"
2370,2370,2374,2367,22706,"2013-07-16"
2371,2368,2373,2366,39818,"2013-07-17"
2365,2366,2367,2361,26096,"2013-07-18"
2368,2363,2372,2362,29028,"2013-07-19"
2368,2353,2368,2351,89348,"2013-07-22"
2353,2355,2359,2351,45718,"2013-07-23"
2351,2343,2353,2343,58378,"2013-07-24"
2340,2347,2348,2338,30808,"2013-07-25"
2344,2340,2348,2334,99946,"2013-07-26"
2337,2324,2341,2304,146890,"2013-07-29"
2322,2330,2331,2320,44422,"2013-07-30"
2326,2338,2340,2324,66904,"2013-07-31"
2338,2331,2340,2327,68706,"2013-08-01"
2326,2327,2327,2307,205336,"2013-08-02"
2325,2330,2337,2321,76318,"2013-08-05"
2325,2325,2331,2320,60824,"2013-08-06"
2325,2314,2327,2313,92478,"2013-08-07"
2314,2313,2326,2294,123588,"2013-08-08"
2317,2319,2327,2315,92634,"2013-08-09"
2316,2313,2320,2311,81124,"2013-08-12"
2325,2316,2326,2315,86618,"2013-08-13"
2306,2307,2316,2304,91828,"2013-08-14"
2313,2319,2320,2309,53568,"2013-08-15"
2322,2319,2332,2318,79566,"2013-08-16"
2326,2324,2329,2321,55596,"2013-08-19"
2330,2320,2331,2315,53372,"2013-08-20"
2316,2324,2325,2316,35098,"2013-08-21"
2322,2328,2330,2322,49900,"2013-08-22"
2327,2328,2331,2322,60728,"2013-08-23"
2335,2343,2347,2334,157832,"2013-08-26"
2347,2337,2349,2335,56498,"2013-08-27"
2336,2327,2339,2327,53902,"2013-08-28"
2326,2322,2328,2320,56568,"2013-08-29"
2322,2320,2324,2316,37068,"2013-08-30"
2321,2329,2331,2319,60530,"2013-09-02"
2329,2333,2334,2324,63562,"2013-09-03"
2326,2324,2328,2323,34864,"2013-09-04"
2323,2322,2324,2320,33960,"2013-09-05"
2323,2323,2325,2319,24348,"2013-09-06"
2320,2322,2327,2320,30048,"2013-09-09"
2322,2314,2325,2305,76824,"2013-09-10"
2316,2323,2324,2311,35780,"2013-09-11"
2325,2322,2326,2320,18766,"2013-09-12"
2323,2326,2326,2317,53082,"2013-09-13"
2325,2325,2342,2320,165158,"2013-09-16"
2324,2333,2336,2324,31998,"2013-09-17"
2332,2335,2343,2329,82324,"2013-09-18"
2332,2338,2340,2331,30422,"2013-09-23"
2339,2333,2341,2332,28998,"2013-09-24"
2332,2327,2332,2327,23588,"2013-09-25"
2331,2328,2331,2327,22776,"2013-09-26"
2328,2322,2329,2321,50058,"2013-09-27"
2320,2318,2320,2312,51298,"2013-09-30"
2318,2323,2325,2316,23412,"2013-10-08"
2324,2328,2328,2321,18506,"2013-10-09"
2332,2341,2344,2332,79620,"2013-10-10"
2339,2346,2350,2339,76668,"2013-10-11"
2350,2355,2357,2349,73220,"2013-10-14"
2358,2345,2358,2345,59866,"2013-10-15"
2344,2346,2352,2340,35280,"2013-10-16"
2346,2352,2354,2345,61562,"2013-10-17"
2352,2344,2353,2343,37402,"2013-10-18"
2347,2348,2350,2344,28628,"2013-10-21"
2348,2343,2349,2342,18150,"2013-10-22"
2343,2343,2346,2341,21230,"2013-10-23"
2340,2342,2343,2335,62838,"2013-10-24"
2341,2338,2344,2337,38246,"2013-10-25"
2337,2319,2338,2317,103764,"2013-10-28"
2322,2311,2322,2309,98162,"2013-10-29"
2311,2318,2321,2311,53300,"2013-10-30"
2318,2323,2324,2313,61330,"2013-10-31"
2320,2324,2324,2317,47642,"2013-11-01"
2324,2324,2325,2319,49486,"2013-11-04"
2322,2340,2341,2322,78740,"2013-11-05"
2341,2345,2351,2338,97542,"2013-11-06"
2343,2346,2347,2335,75518,"2013-11-07"
2346,2349,2351,2338,80702,"2013-11-08"
2353,2349,2354,2345,52546,"2013-11-11"
2349,2350,2353,2348,34104,"2013-11-12"
2349,2352,2356,2346,56468,"2013-11-13"
2352,2354,2356,2347,67684,"2013-11-14"
2353,2356,2356,2352,30412,"2013-11-15"
2353,2350,2354,2348,49600,"2013-11-18"
2350,2347,2350,2343,69274,"2013-11-19"
2360,2369,2369,2358,147126,"2013-11-21"
2370,2366,2370,2363,48204,"2013-11-22"
2368,2363,2369,2360,52576,"2013-11-25"
2365,2363,2366,2362,19480,"2013-11-26"
2363,2365,2366,2361,29996,"2013-11-27"
2365,2363,2365,2361,33986,"2013-11-28"
2363,2361,2365,2360,24146,"2013-11-29"
2361,2365,2366,2361,33608,"2013-12-02"
2364,2365,2370,2363,39494,"2013-12-03"
2368,2366,2368,2362,33822,"2013-12-04"
2366,2362,2368,2362,23304,"2013-12-05"
2362,2365,2372,2353,130136,"2013-12-06"
2366,2362,2366,2360,27396,"2013-12-09"
2363,2360,2363,2359,14538,"2013-12-10"
2359,2356,2361,2356,31032,"2013-12-11"
2355,2352,2359,2351,46358,"2013-12-12"
2351,2337,2353,2336,88496,"2013-12-13"
2332,2327,2342,2325,107558,"2013-12-16"
2329,2337,2338,2327,39902,"2013-12-17"
2336,2334,2341,2331,46968,"2013-12-18"
2332,2329,2334,2326,43128,"2013-12-19"
2330,2345,2349,2330,74478,"2013-12-20"
2343,2340,2345,2337,54250,"2013-12-23"
2339,2331,2340,2328,50298,"2013-12-24"
2334,2335,2338,2319,133288,"2013-12-25"
2334,2327,2340,2326,61566,"2013-12-26"
2326,2333,2337,2324,52826,"2013-12-27"
2335,2342,2343,2334,51844,"2013-12-30"
2343,2345,2348,2339,49288,"2013-12-31"
2344,2342,2348,2342,26628,"2014-01-02"
2341,2333,2344,2332,57262,"2014-01-03"
2330,2344,2347,2327,67288,"2014-01-06"
2347,2359,2360,2342,119278,"2014-01-07"
2358,2364,2367,2357,99184,"2014-01-08"
2363,2368,2369,2358,81090,"2014-01-09"
2368,2365,2370,2362,48070,"2014-01-10"
2370,2366,2379,2363,45946,"2014-01-13"
2366,2363,2368,2361,47004,"2014-01-14"
2365,2360,2366,2356,43030,"2014-01-15"
2356,2358,2361,2355,21858,"2014-01-17"
2356,2363,2364,2356,26296,"2014-01-20"
2361,2358,2364,2356,17070,"2014-01-21"
2357,2358,2361,2356,25902,"2014-01-22"
2357,2361,2365,2357,22054,"2014-01-23"
2360,2358,2361,2357,19486,"2014-01-24"
2357,2365,2368,2357,30986,"2014-01-27"
2365,2365,2367,2363,22438,"2014-01-28"
2364,2365,2366,2363,14716,"2014-01-29"
2365,2361,2366,2359,15040,"2014-01-30"
2366,2361,2368,2359,28100,"2014-02-07"
2360,2337,2361,2336,138304,"2014-02-10"
2339,2340,2346,2337,60166,"2014-02-11"
2340,2339,2342,2334,79952,"2014-02-12"
2338,2344,2347,2336,63642,"2014-02-13"
2344,2345,2346,2340,31674,"2014-02-14"
2342,2342,2349,2332,66008,"2014-02-17"
2341,2342,2345,2340,23766,"2014-02-18"
2343,2340,2344,2339,19640,"2014-02-19"
2341,2345,2346,2338,33402,"2014-02-20"
2346,2347,2348,2344,27982,"2014-02-21"
2347,2343,2349,2340,40300,"2014-02-24"
2344,2341,2345,2338,22472,"2014-02-25"
2340,2343,2344,2337,34422,"2014-02-26"
2341,2342,2347,2339,22012,"2014-02-27"
2341,2341,2343,2335,34966,"2014-02-28"
2342,2357,2358,2342,74290,"2014-03-03"
2357,2358,2359,2351,34936,"2014-03-04"
2360,2359,2362,2355,24976,"2014-03-05"
2358,2354,2359,2352,24720,"2014-03-06"
2358,2349,2360,2341,53690,"2014-03-10"
2345,2353,2354,2343,28628,"2014-03-11"
2353,2357,2362,2349,56876,"2014-03-12"
2377,2381,2386,2373,112026,"2014-03-14"
2381,2374,2382,2366,47706,"2014-03-17"
2374,2375,2383,2367,55046,"2014-03-18"
2376,2373,2379,2371,35194,"2014-03-19"
2373,2367,2379,2366,45512,"2014-03-20"
2366,2369,2370,2366,21156,"2014-03-21"
2369,2373,2374,2364,28076,"2014-03-24"
2374,2368,2377,2368,41986,"2014-03-25"
2363,2355,2363,2350,88826,"2014-03-26"
2355,2356,2360,2352,61348,"2014-03-27"
2357,2354,2357,2353,29906,"2014-03-28"
2353,2354,2356,2352,28118,"2014-03-31"
2360,2352,2360,2350,33818,"2014-04-01"
2351,2337,2354,2335,119220,"2014-04-02"
2338,2347,2348,2338,56430,"2014-04-03"
2347,2351,2352,2345,55604,"2014-04-04"
2350,2352,2358,2350,48284,"2014-04-08"
2353,2352,2354,2349,39602,"2014-04-09"
2352,2352,2356,2350,39364,"2014-04-10"
2351,2345,2353,2343,35612,"2014-04-11"
2346,2354,2357,2345,68138,"2014-04-14"
2355,2362,2362,2353,46330,"2014-04-15"
2361,2353,2361,2351,37090,"2014-04-16"
2352,2356,2359,2352,22730,"2014-04-17"
2356,2351,2356,2351,19554,"2014-04-18"
2351,2345,2354,2343,44580,"2014-04-21"
2348,2363,2367,2343,76934,"2014-04-22"
2363,2358,2364,2355,21566,"2014-04-23"
2360,2357,2360,2355,15824,"2014-04-24"
2358,2363,2366,2356,44354,"2014-04-25"
2363,2368,2374,2362,35178,"2014-04-28"
2367,2365,2369,2364,19628,"2014-04-29"
2366,2372,2376,2366,66406,"2014-04-30"
2374,2374,2374,2374,10,"2014-05-01"
2372,2378,2380,2368,46712,"2014-05-05"
2379,2374,2382,2367,56058,"2014-05-06"
2371,2369,2374,2368,19118,"2014-05-07"
2370,2365,2371,2365,25574,"2014-05-08"
2367,2363,2370,2362,23060,"2014-05-09"
2364,2369,2370,2363,22624,"2014-05-12"
2368,2369,2373,2367,15742,"2014-05-13"
2369,2364,2373,2359,76656,"2014-05-14"
2362,2356,2363,2355,44066,"2014-05-15"
2354,2351,2360,2351,37916,"2014-05-16"
2354,2355,2358,2348,31320,"2014-05-19"
2353,2356,2358,2353,15092,"2014-05-20"
2355,2359,2360,2354,18426,"2014-05-21"
2370,2368,2376,2365,93464,"2014-05-22"
2367,2368,2370,2364,59240,"2014-05-23"
2368,2366,2369,2364,14314,"2014-05-26"
2364,2369,2369,2363,21650,"2014-05-27"
2368,2371,2373,2366,28090,"2014-05-28"
2375,2394,2412,2374,162762,"2014-05-29"
2394,2387,2394,2387,37176,"2014-05-30"
2389,2382,2389,2374,64254,"2014-06-03"
2382,2381,2384,2379,22024,"2014-06-04"
2382,2379,2383,2377,19508,"2014-06-05"
2377,2377,2381,2375,27362,"2014-06-06"
2373,2377,2379,2370,32514,"2014-06-09"
2375,2381,2384,2373,20732,"2014-06-10"
2382,2386,2387,2382,29986,"2014-06-11"
2386,2391,2391,2382,29946,"2014-06-12"
2389,2389,2391,2383,15022,"2014-06-13"
2390,2394,2396,2386,15042,"2014-06-16"
2395,2403,2407,2393,63860,"2014-06-17"
2404,2392,2404,2389,25818,"2014-06-18"
2392,2393,2399,2392,13610,"2014-06-19"
2394,2390,2394,2386,13742,"2014-06-20"
2391,2392,2395,2390,12850,"2014-06-23"
2390,2396,2397,2387,10622,"2014-06-24"
2397,2400,2401,2393,24496,"2014-06-25"
2400,2397,2401,2396,7634,"2014-06-26"
2397,2397,2399,2393,12062,"2014-06-27"
2399,2398,2400,2394,8630,"2014-06-30"
2388,2392,2397,2387,24594,"2014-07-01"
2391,2391,2401,2388,60552,"2014-07-02"
2393,2392,2398,2391,21706,"2014-07-03"
2393,2386,2394,2386,17934,"2014-07-04"
2386,2387,2392,2382,29502,"2014-07-07"
2381,2392,2392,2381,10868,"2014-07-08"
2393,2400,2400,2391,28598,"2014-07-09"
2400,2416,2417,2398,50484,"2014-07-10"
2416,2428,2434,2408,55976,"2014-07-11"
2302,2300,2310,2299,40978,"2014-07-14"
2299,2298,2305,2287,95916,"2014-07-15"
2298,2321,2326,2290,80674,"2014-07-16"
2317,2321,2331,2316,47266,"2014-07-17"
2323,2324,2329,2316,24500,"2014-07-18"
2322,2323,2328,2318,21198,"2014-07-21"
2321,2335,2337,2319,36482,"2014-07-22"
2336,2323,2342,2321,27918,"2014-07-23"
2323,2327,2331,2322,13534,"2014-07-24"
2330,2332,2336,2327,17230,"2014-07-25"
2335,2333,2340,2331,19458,"2014-07-28"
2335,2350,2357,2333,125844,"2014-07-29"
2347,2350,2352,2327,63892,"2014-07-30"
2350,2367,2371,2348,135840,"2014-07-31"
2367,2369,2370,2362,62668,"2014-08-01"
2372,2389,2399,2371,256176,"2014-08-04"
2390,2377,2394,2374,178780,"2014-08-05"
2376,2373,2384,2368,73620,"2014-08-06"
2376,2374,2384,2369,56214,"2014-08-07"
2374,2376,2382,2371,56476,"2014-08-08"
2380,2388,2389,2377,94354,"2014-08-11"
2388,2408,2411,2383,206148,"2014-08-12"
2410,2399,2414,2391,147478,"2014-08-13"
2400,2400,2410,2393,149514,"2014-08-14"
2401,2415,2421,2396,164612,"2014-08-15"
2415,2406,2418,2404,87016,"2014-08-18"
2404,2382,2404,2312,196832,"2014-08-19"
2383,2385,2396,2382,59474,"2014-08-20"
2384,2385,2389,2380,40828,"2014-08-21"
2388,2394,2399,2386,51338,"2014-08-22"
2386,2390,2396,2384,58160,"2014-08-25"
2392,2391,2395,2387,39724,"2014-08-26"
2388,2396,2396,2388,33844,"2014-08-27"
2395,2386,2398,2383,61386,"2014-08-28"
2386,2374,2387,2373,82854,"2014-08-29"
2375,2377,2384,2366,83908,"2014-09-01"
2377,2380,2388,2373,59064,"2014-09-02"
2376,2385,2387,2376,33972,"2014-09-03"
2384,2388,2395,2379,48458,"2014-09-04"
2387,2378,2389,2375,70528,"2014-09-05"
2376,2378,2384,2371,39696,"2014-09-09"
2378,2369,2380,2367,57712,"2014-09-10"
2368,2363,2373,2357,81060,"2014-09-11"
2361,2374,2377,2360,52568,"2014-09-12"
2371,2374,2376,2371,37098,"2014-09-15"
2385,2362,2385,2361,57392,"2014-09-16"
2352,2369,2371,2352,42710,"2014-09-17"
2366,2357,2371,2356,58196,"2014-09-18"
2356,2361,2365,2356,51022,"2014-09-19"
2358,2359,2364,2343,118574,"2014-09-22"
2358,2348,2360,2348,51352,"2014-09-23"
2343,2354,2360,2343,60972,"2014-09-24"
2354,2354,2358,2352,28142,"2014-09-25"
2346,2356,2357,2346,38050,"2014-09-26"
2361,2360,2365,2354,52598,"2014-09-29"
2360,2358,2362,2354,30094,"2014-09-30"
2392,2387,2392,2383,8,"2014-10-08"
2353,2347,2355,2339,67538,"2014-10-09"
2347,2340,2349,2329,108662,"2014-10-10"
2339,2341,2351,2333,49000,"2014-10-13"
2369,2363,2369,2352,64756,"2014-10-14"
2364,2378,2384,2361,107752,"2014-10-15"
2376,2388,2389,2372,81206,"2014-10-16"
2390,2382,2390,2378,43790,"2014-10-17"
2381,2383,2428,2381,70706,"2014-10-20"
2383,2371,2387,2370,65846,"2014-10-21"
2371,2374,2376,2367,36426,"2014-10-22"
2373,2380,2381,2370,36304,"2014-10-23"
2382,2387,2390,2379,55274,"2014-10-24"
2383,2385,2388,2381,30632,"2014-10-27"
2384,2395,2397,2384,70320,"2014-10-28"
2396,2393,2397,2390,35378,"2014-10-29"
2400,2395,2403,2394,67512,"2014-10-30"
2391,2380,2394,2377,43924,"2014-10-31"
2397,2388,2397,2379,37164,"2014-11-03"
2387,2388,2395,2385,53388,"2014-11-04"
2387,2390,2391,2385,22176,"2014-11-05"
2391,2393,2395,2388,27372,"2014-11-06"
2395,2397,2398,2392,35242,"2014-11-07"
2395,2402,2404,2395,39382,"2014-11-10"
2401,2400,2404,2396,30450,"2014-11-11"
2404,2403,2406,2400,33512,"2014-11-12"
2404,2405,2405,2398,31554,"2014-11-13"
2405,2415,2416,2404,69058,"2014-11-14"
2415,2415,2418,2411,38770,"2014-11-17"
2405,2417,2419,2405,31550,"2014-11-18"
2413,2415,2419,2411,29604,"2014-11-19"
2413,2411,2414,2409,16374,"2014-11-20"
2411,2411,2414,2407,25846,"2014-11-21"
2415,2404,2415,2401,40590,"2014-11-24"
2403,2412,2414,2389,117592,"2014-11-25"
2400,2409,2414,2400,33494,"2014-11-26"
2410,2411,2412,2406,21812,"2014-11-27"
2410,2412,2418,2409,51134,"2014-11-28"
2407,2404,2409,2400,50188,"2014-12-01"
2406,2406,2408,2402,28908,"2014-12-02"
2403,2406,2408,2400,24468,"2014-12-03"
2405,2409,2412,2405,26974,"2014-12-04"
2410,2416,2416,2409,23576,"2014-12-05"
2417,2426,2429,2416,52662,"2014-12-08"
2425,2430,2434,2422,53208,"2014-12-09"
2432,2427,2432,2424,24866,"2014-12-10"
2426,2415,2426,2414,27140,"2014-12-11"
2416,2399,2417,2392,73364,"2014-12-12"
2399,2403,2405,2394,32050,"2014-12-15"
2402,2394,2403,2393,26942,"2014-12-16"
2393,2393,2399,2389,24658,"2014-12-17"
2388,2395,2395,2387,17568,"2014-12-18"
2395,2391,2396,2391,7066,"2014-12-19"
2386,2364,2389,2362,123864,"2014-12-22"
2365,2362,2370,2356,68208,"2014-12-23"
2363,2372,2376,2363,45844,"2014-12-24"
2376,2374,2379,2365,38948,"2014-12-25"
2373,2376,2379,2372,21412,"2014-12-26"
2378,2388,2389,2376,40890,"2014-12-29"
2384,2393,2397,2383,54306,"2014-12-30"
2391,2380,2395,2378,32160,"2014-12-31"
2377,2377,2381,2369,46870,"2015-01-05"
2387,2389,2394,2386,47668,"2015-01-06"
2389,2397,2397,2386,35484,"2015-01-07"
2398,2406,2409,2393,48352,"2015-01-08"
2404,2406,2408,2398,39762,"2015-01-09"
2406,2408,2417,2398,43488,"2015-01-12"
2405,2412,2413,2399,44374,"2015-01-13"
2408,2407,2410,2405,27144,"2015-01-14"
2407,2408,2411,2406,15590,"2015-01-15"
2408,2409,2411,2402,15020,"2015-01-16"
2409,2415,2415,2408,20990,"2015-01-19"
2415,2412,2417,2411,10794,"2015-01-20"
2413,2415,2423,2411,26570,"2015-01-21"
2414,2419,2419,2414,9518,"2015-01-22"
2417,2415,2421,2414,12286,"2015-01-23"
2415,2425,2426,2413,19836,"2015-01-26"
2461,2474,2475,2460,43048,"2015-01-27"
2475,2470,2475,2464,22370,"2015-01-28"
2469,2474,2475,2466,27088,"2015-01-29"
2473,2474,2485,2470,24854,"2015-01-30"
2471,2468,2474,2460,43942,"2015-02-02"
2468,2481,2482,2468,25738,"2015-02-03"
2486,2498,2499,2482,41672,"2015-02-04"
2493,2492,2525,2491,121892,"2015-02-05"
2494,2504,2505,2487,30728,"2015-02-06"
2504,2513,2517,2501,42034,"2015-02-09"
2511,2520,2521,2511,33172,"2015-02-10"
2517,2514,2520,2509,37974,"2015-02-11"
2513,2508,2517,2508,29652,"2015-02-12"
2508,2514,2517,2505,31052,"2015-02-13"
2513,2511,2516,2507,19636,"2015-02-16"
2510,2511,2515,2508,16926,"2015-02-17"
2517,2518,2523,2508,25286,"2015-02-26"
2516,2536,2537,2516,45168,"2015-02-27"
2536,2532,2541,2526,32348,"2015-03-02"
2520,2533,2534,2520,22852,"2015-03-03"
2532,2553,2554,2532,73514,"2015-03-04"
2545,2541,2549,2535,58014,"2015-03-05"
2542,2539,2546,2538,35748,"2015-03-06"
2536,2537,2544,2530,95288,"2015-03-09"
2540,2557,2568,2537,113638,"2015-03-10"
2558,2559,2572,2555,75734,"2015-03-11"
2560,2560,2565,2552,39886,"2015-03-12"
2554,2556,2565,2549,50576,"2015-03-13"
2550,2547,2559,2545,76694,"2015-03-16"
2546,2549,2559,2546,38480,"2015-03-17"
2545,2536,2547,2535,77206,"2015-03-18"
2538,2534,2548,2531,67572,"2015-03-19"
2536,2533,2539,2530,36004,"2015-03-20"
2538,2553,2562,2537,37426,"2015-03-23"
2555,2558,2562,2554,47244,"2015-03-24"
2556,2541,2560,2537,53834,"2015-03-25"
2540,2535,2541,2522,94068,"2015-03-26"
2536,2534,2545,2529,67944,"2015-03-27"
2533,2529,2538,2526,46606,"2015-03-30"
2528,2524,2531,2512,41674,"2015-03-31"
2520,2520,2529,2510,81512,"2015-04-01"
2520,2522,2531,2520,43554,"2015-04-02"
2524,2515,2527,2513,87330,"2015-04-03"
2514,2512,2519,2511,67238,"2015-04-07"
2514,2512,2518,2507,56736,"2015-04-08"
2515,2510,2519,2508,66676,"2015-04-09"
2509,2528,2530,2508,70566,"2015-04-10"
2527,2531,2535,2522,49322,"2015-04-13"
2527,2505,2531,2498,100742,"2015-04-14"
2508,2492,2509,2487,119258,"2015-04-15"
2495,2487,2498,2479,88892,"2015-04-16"
2489,2517,2521,2485,124688,"2015-04-17"
2525,2495,2526,2492,64768,"2015-04-20"
2495,2492,2503,2489,63674,"2015-04-21"
2492,2500,2504,2488,36390,"2015-04-22"
2501,2509,2513,2500,32862,"2015-04-23"
2509,2503,2513,2495,38770,"2015-04-24"
2501,2504,2508,2497,25844,"2015-04-27"
2505,2482,2509,2482,83786,"2015-04-28"
2482,2485,2489,2470,76788,"2015-04-29"
2490,2500,2501,2477,61412,"2015-04-30"
2491,2496,2505,2491,35374,"2015-05-04"
2496,2497,2503,2485,40920,"2015-05-05"
2497,2497,2503,2493,36158,"2015-05-06"
2495,2498,2505,2488,43778,"2015-05-07"
2496,2496,2501,2491,39546,"2015-05-08"
2499,2499,2503,2496,40722,"2015-05-11"
2496,2497,2500,2494,28056,"2015-05-12"
2501,2514,2527,2498,75796,"2015-05-13"
2515,2512,2518,2505,56628,"2015-05-14"
2524,2514,2524,2509,45706,"2015-05-15"
2513,2508,2519,2506,34354,"2015-05-18"
2508,2516,2516,2507,50380,"2015-05-19"
2513,2505,2517,2503,75026,"2015-05-20"
2510,2506,2510,2504,28680,"2015-05-21"
2504,2500,2507,2489,80190,"2015-05-22"
2500,2477,2501,2475,64914,"2015-05-25"
2480,2468,2485,2452,54576,"2015-05-26"
2468,2445,2475,2439,78990,"2015-05-27"
2448,2461,2465,2445,60252,"2015-05-28"
2457,2470,2479,2451,38876,"2015-05-29"
2473,2460,2477,2457,41946,"2015-06-01"
2460,2468,2468,2458,22496,"2015-06-02"
2466,2447,2470,2446,32410,"2015-06-03"
2445,2383,2451,2380,211608,"2015-06-04"
2392,2373,2393,2369,122554,"2015-06-05"
2370,2381,2387,2349,154820,"2015-06-08"
2385,2383,2390,2372,66038,"2015-06-09"
2380,2377,2384,2364,69770,"2015-06-10"
2372,2378,2380,2368,47004,"2015-06-11"
2376,2368,2376,2356,62188,"2015-06-12"
2354,2363,2363,2350,46334,"2015-06-15"
2361,2376,2376,2359,36694,"2015-06-16"
2377,2389,2390,2377,48530,"2015-06-17"
2388,2388,2392,2382,48250,"2015-06-18"
2384,2384,2387,2379,31190,"2015-06-19"
2362,2313,2362,2307,118,"2015-06-23"
2148,2137,2150,2133,24634,"2015-06-24"
2137,2137,2142,2133,17562,"2015-06-25"
2385,2363,2385,2360,52348,"2015-06-26"
2364,2340,2369,2336,117142,"2015-06-29"
2335,2317,2339,2303,108178,"2015-06-30"
2341,2345,2380,2322,79210,"2015-07-01"
2343,2347,2349,2337,31852,"2015-07-03"
2344,2345,2346,2335,34270,"2015-07-06"
2345,2329,2347,2309,54686,"2015-07-07"
2067,2061,2078,2017,316996,"2015-07-08"
2081,2078,2109,2061,214242,"2015-07-09"
2283,2282,2300,2279,133112,"2015-07-10"
2283,2289,2310,2280,74052,"2015-07-13"
2288,2284,2295,2277,110614,"2015-07-14"
2043,2059,2064,2040,98712,"2015-07-15"
2060,2091,2102,2057,269964,"2015-07-16"
2334,2381,2384,2331,202600,"2015-07-17"
2379,2364,2383,2360,121922,"2015-07-20"
2365,2368,2379,2356,117622,"2015-07-21"
2370,2378,2385,2365,89122,"2015-07-22"
2378,2394,2397,2369,89130,"2015-07-23"
2395,2373,2396,2363,132838,"2015-07-24"
2029,1996,2029,1982,424490,"2015-07-27"
1988,2009,2014,1980,342438,"2015-07-28"
2008,2015,2024,2008,157654,"2015-07-29"
2012,2000,2020,1996,201534,"2015-07-30"
2001,2015,2026,2001,211110,"2015-07-31"
2011,2015,2019,2005,140816,"2015-08-03"
2017,2019,2031,2014,167528,"2015-08-04"
2021,2015,2023,1991,294560,"2015-08-05"
2015,2010,2015,2004,75338,"2015-08-06"
2008,1996,2008,1988,205582,"2015-08-07"
2004,2009,2015,1996,163942,"2015-08-10"
2018,2007,2028,2006,212024,"2015-08-11"
2000,2014,2015,1998,159394,"2015-08-12"
2000,2018,2035,1996,222126,"2015-08-13"
2018,2016,2039,2010,205320,"2015-08-14"
2018,2038,2042,2007,265102,"2015-08-17"
2043,2038,2049,2032,217338,"2015-08-18"
2039,2034,2044,2026,175182,"2015-08-19"
2030,2012,2033,2010,176676,"2015-08-20"
2016,2002,2022,1997,312026,"2015-08-21"
1996,1990,2002,1973,233788,"2015-08-24"
1999,2021,2027,1985,340058,"2015-08-25"
2024,2020,2028,2011,104304,"2015-08-26"
2018,2013,2026,2004,176946,"2015-08-27"
2025,2007,2033,2006,161244,"2015-08-28"
2005,1938,2014,1938,386632,"2015-08-31"
1946,1942,1960,1920,584718,"2015-09-01"
1938,1949,1950,1933,168726,"2015-09-02"
1938,1942,1950,1933,0,"2015-09-03"
2312,2279,2320,2266,14216,"2015-09-07"
1914,1931,1933,1908,144790,"2015-09-08"
1936,1920,1940,1919,153890,"2015-09-09"
1928,1921,1929,1901,286124,"2015-09-10"
1922,1925,1934,1920,109364,"2015-09-11"
1929,1915,1932,1910,163170,"2015-09-14"
1915,1914,1924,1907,142626,"2015-09-15"
1919,1926,1930,1911,173868,"2015-09-16"
1927,1907,1929,1894,378026,"2015-09-17"
1902,1836,1906,1836,956844,"2015-09-18"
1856,1856,1883,1835,955768,"2015-09-21"
1859,1839,1862,1833,409422,"2015-09-22"
1834,1840,1848,1823,531930,"2015-09-23"
1839,1836,1847,1831,261984,"2015-09-24"
1838,1839,1864,1831,337610,"2015-09-25"
1830,1830,1841,1825,274280,"2015-09-28"
1828,1801,1828,1794,368842,"2015-09-29"
1801,1799,1813,1797,345270,"2015-09-30"
1801,1802,1813,1797,0,"2015-10-01"
1858,1892,1900,1858,18,"2015-10-08"
1801,1800,1819,1792,389732,"2015-10-09"
1807,1791,1809,1780,522270,"2015-10-12"
1786,1770,1793,1760,602938,"2015-10-13"
1773,1797,1801,1769,480076,"2015-10-14"
1795,1801,1812,1792,358602,"2015-10-15"
1800,1814,1814,1793,377462,"2015-10-16"
1814,1801,1817,1796,409754,"2015-10-19"
1801,1792,1804,1788,381944,"2015-10-20"
1794,1803,1811,1793,351574,"2015-10-21"
1806,1803,1810,1793,324054,"2015-10-22"
1796,1804,1807,1792,301368,"2015-10-23"
1804,1827,1833,1799,631118,"2015-10-26"
1827,1839,1841,1818,485356,"2015-10-27"
1836,1822,1839,1820,313042,"2015-10-28"
1823,1821,1828,1809,323946,"2015-10-29"
1821,1810,1827,1810,227300,"2015-10-30"
1814,1816,1827,1812,229220,"2015-11-02"
1815,1836,1838,1811,304964,"2015-11-03"
1835,1832,1849,1830,446468,"2015-11-04"
1830,1838,1845,1827,247548,"2015-11-05"
1836,1847,1853,1822,368586,"2015-11-06"
1853,1893,1912,1853,1680192,"2015-11-09"
1883,1848,1884,1839,1124692,"2015-11-10"
1836,1845,1853,1836,424078,"2015-11-11"
1848,1874,1883,1840,1220504,"2015-11-12"
1875,1872,1886,1865,613978,"2015-11-13"
1875,1860,1896,1859,756974,"2015-11-16"
1858,1877,1878,1846,768070,"2015-11-17"
1884,1876,1884,1865,550832,"2015-11-18"
1876,1861,1877,1846,862920,"2015-11-19"
1864,1844,1874,1831,1328882,"2015-11-20"
1846,1856,1865,1844,772750,"2015-11-23"
1860,1858,1870,1854,709988,"2015-11-24"
1859,1869,1871,1845,780576,"2015-11-25"
1871,1872,1888,1866,546662,"2015-11-26"
1870,1899,1902,1863,725926,"2015-11-27"
1900,1893,1912,1884,801646,"2015-11-30"
1898,1887,1899,1881,465350,"2015-12-01"
1889,1894,1899,1887,418624,"2015-12-02"
1893,1901,1909,1881,468238,"2015-12-03"
1906,1894,1910,1892,586846,"2015-12-04"
1890,1869,1891,1854,925162,"2015-12-07"
1865,1869,1875,1856,450854,"2015-12-08"
1870,1873,1880,1866,318328,"2015-12-09"
1869,1889,1890,1858,689520,"2015-12-10"
1889,1889,1894,1880,269864,"2015-12-11"
1886,1894,1905,1885,387840,"2015-12-14"
1896,1903,1905,1894,295276,"2015-12-15"
1903,1900,1906,1893,231544,"2015-12-16"
1898,1906,1923,1897,326372,"2015-12-17"
1902,1920,1921,1901,312044,"2015-12-18"
1919,1930,1936,1917,479070,"2015-12-21"
1929,1918,1946,1915,636544,"2015-12-22"
1915,1910,1918,1902,431076,"2015-12-23"
1909,1912,1917,1905,268822,"2015-12-24"
1911,1903,1913,1900,266196,"2015-12-25"
1901,1857,1903,1848,1025784,"2015-12-28"
1866,1875,1884,1862,388818,"2015-12-29"
1878,1890,1909,1877,479460,"2015-12-30"
1889,1896,1899,1884,232172,"2015-12-31"
1895,1893,1902,1881,289822,"2016-01-04"
1891,1912,1914,1889,360552,"2016-01-05"
1912,1927,1929,1909,458790,"2016-01-06"
1928,1913,1929,1908,503474,"2016-01-07"
1914,1911,1920,1906,278044,"2016-01-08"
1900,1907,1911,1893,318936,"2016-01-11"
1905,1913,1915,1900,321724,"2016-01-12"
1911,1908,1914,1902,181734,"2016-01-13"
1908,1904,1913,1898,254414,"2016-01-14"
1904,1910,1912,1899,205602,"2016-01-15"
1910,1918,1922,1904,320392,"2016-01-18"
1916,1905,1918,1901,276730,"2016-01-19"
1904,1909,1915,1898,255460,"2016-01-20"
1907,1908,1909,1901,139306,"2016-01-21"
1908,1914,1920,1907,162684,"2016-01-22"
1916,1917,1921,1913,89432,"2016-01-25"
1917,1921,1927,1914,210658,"2016-01-26"
1924,1944,1947,1921,305628,"2016-01-27"
1940,1945,1950,1923,318386,"2016-01-28"
1939,1933,1948,1927,293574,"2016-01-29"
1935,1936,1943,1932,121076,"2016-02-01"
1937,1937,1941,1930,102084,"2016-02-02"
1937,1946,1948,1933,139872,"2016-02-03"
1949,1968,1971,1944,217014,"2016-02-04"
1966,1958,1966,1955,102596,"2016-02-05"
1962,1971,1972,1948,126430,"2016-02-15"
1969,1966,1981,1965,211096,"2016-02-16"
1965,1943,1966,1939,308132,"2016-02-17"
1948,1950,1954,1944,222422,"2016-02-18"
1950,1934,1956,1934,230160,"2016-02-19"
1660,1643,1664,1641,385484,"2016-02-22"
