2007/07/31,12780,12900,12435,12580,21556,2428
2007/08/01,12650,12650,12390,12450,4728,2294
2007/08/02,12410,12490,12300,12460,5116,2740
2007/08/03,12440,12560,12410,12495,4810,3026
2007/08/06,12420,12670,12420,12550,6480,3696
2007/08/07,12455,12570,12440,12515,3044,2952
2007/08/08,12540,12640,12540,12580,2124,3024
2007/08/09,12575,12795,12560,12770,4630,4452
2007/08/10,12710,12850,12620,12700,8224,4708
2007/08/13,12745,12780,12660,12685,2740,4122
2007/08/14,12665,12680,12525,12530,3132,3864
2007/08/15,12530,12600,12520,12565,2166,3908
2007/08/16,12595,12620,12510,12515,2528,3598
2007/08/17,12480,12555,12320,12495,3214,3608
2007/08/20,12520,12580,12505,12555,2410,3080
2007/08/21,12530,12550,12500,12530,1396,2970
2007/08/22,12495,12550,12485,12545,1132,2956
2007/08/23,12600,12600,12535,12545,1230,3060
2007/08/24,12520,12560,12510,12515,886,2914
2007/08/27,12525,12525,12450,12455,1808,3500
2007/08/28,12455,12475,12415,12445,1054,3344
2007/08/29,12440,12440,12370,12390,1640,3764
2007/08/30,12480,12480,12345,12360,2076,3840
2007/08/31,12390,12390,12250,12300,2210,3634
2007/09/03,12315,12380,12290,12360,1432,3922
2007/09/04,12360,12390,12325,12340,1698,3812
2007/09/05,12305,12340,12275,12320,1242,3766
2007/09/06,12310,12425,12310,12390,1842,3598
2007/09/07,12405,12455,12375,12405,1714,3566
2007/09/10,12410,12435,12330,12375,1308,3376
2007/09/11,12370,12420,12360,12370,1102,3188
2007/09/12,12370,12405,12330,12370,956,3126
2007/09/13,12410,12410,12370,12370,998,2976
2007/09/14,12350,12385,12350,12365,848,2858
2007/09/17,12280,12360,12280,12355,1036,2694
2007/09/18,12370,12390,12365,12375,1028,2448
2007/09/19,12380,12425,12355,12380,886,2324
2007/09/20,12365,12385,12355,12370,940,1976
2007/09/21,12390,12390,12355,12365,1330,1490
2007/09/24,12595,12600,12515,12530,5190,3734
2007/09/25,12500,12525,12465,12500,4356,3582
2007/09/26,12495,12515,12460,12490,4924,3536
2007/09/27,12520,12520,12470,12480,5062,3652
2007/09/28,12500,12520,12485,12520,3720,3740
2007/10/08,12520,12600,12500,12550,5346,3846
2007/10/09,12500,12545,12485,12515,4252,3828
2007/10/10,12530,12580,12505,12555,4242,4316
2007/10/11,12595,12595,12555,12585,6432,4600
2007/10/12,12600,12740,12595,12625,12472,6716
2007/10/15,12650,12685,12620,12670,8636,6928
2007/10/16,12700,12760,12680,12720,10532,7788
2007/10/17,12725,12780,12670,12675,8736,7078
2007/10/18,12635,12675,12630,12660,6272,6922
2007/10/19,12700,12700,12665,12680,6664,7064
2007/10/22,12625,12740,12625,12735,7644,7724
2007/10/23,12730,12850,12730,12800,9818,7998
2007/10/24,12780,12815,12755,12800,6554,8086
2007/10/25,12830,12835,12750,12820,6496,7648
2007/10/26,12850,12920,12825,12910,7954,8620
2007/10/29,12960,13105,12900,13090,7804,9458
2007/10/30,13090,13090,12930,13015,8684,8828
2007/10/31,12930,13155,12930,13095,7764,8990
2007/11/01,13185,13230,13050,13160,7112,9076
2007/11/02,13100,13375,13100,13365,8938,9024
2007/11/05,13400,13480,13355,13445,9622,7634
2007/11/06,13475,13640,13405,13630,8632,7440
2007/11/07,13685,13985,13680,13935,10520,8726
2007/11/08,13860,13930,13700,13725,13750,8144
2007/11/09,13750,13820,13600,13630,9364,7498
2007/11/12,13590,13640,13455,13480,9100,7966
2007/11/13,13455,13610,13320,13505,12468,8138
2007/11/14,13400,13430,13150,13390,8826,8212
2007/11/15,13455,13545,13330,13380,7176,7922
2007/11/16,13380,13480,13300,13365,8470,7360
2007/11/19,13455,13665,13380,13640,10168,8728
2007/11/20,13565,13590,13300,13310,9764,6114
2007/11/21,13455,13550,13300,13380,6310,5344
2007/11/22,13330,13465,13255,13430,5814,6246
2007/11/23,13415,13715,13350,13640,11346,9184
2007/11/26,13700,13955,13615,13890,11006,10346
2007/11/27,13800,13860,13700,13750,8148,9702
2007/11/28,13650,13695,13530,13565,7072,8298
2007/11/29,13465,13875,13465,13855,9372,7880
2007/11/30,13780,14235,13725,13900,8194,7702
2007/12/03,13840,13995,13780,13875,5944,6408
2007/12/04,13955,13955,13820,13855,2848,5450
2007/12/05,13840,13905,13810,13830,1650,5000
2007/12/06,13800,13870,13560,13660,2480,3972
2007/12/07,13700,13705,13600,13620,1342,3728
2007/12/10,13900,13900,13630,13680,5662,3878
2007/12/11,13650,13850,13650,13830,4676,3958
2007/12/12,13830,13910,13790,13840,4838,4090
2007/12/13,13980,14000,13830,13835,5140,4078
2007/12/14,13785,13815,13655,13695,4968,3994
2007/12/17,13695,13725,13550,13580,5966,4200
2007/12/18,13495,13630,13495,13590,4462,4790
2007/12/19,13600,13600,13460,13495,5316,4746
2007/12/20,13500,13590,13440,13575,4268,5068
2007/12/21,13555,13600,13500,13545,4118,5228
2007/12/24,13610,13665,13570,13615,5482,5684
2007/12/25,13630,13630,13520,13545,4050,5234
2007/12/26,13550,13635,13485,13630,6370,6574
2007/12/27,13650,13720,13630,13670,6540,7096
2007/12/28,13690,13695,13635,13665,4614,6956
2008/01/02,13685,13685,13605,13625,4280,6856
2008/01/03,13680,13825,13680,13750,8612,7708
2008/01/04,13775,13875,13740,13845,6522,7698
2008/01/07,13800,13880,13700,13830,10026,7816
2008/01/08,13800,13870,13755,13850,7462,7478
2008/01/09,13820,13950,13820,13915,8978,7610
2008/01/10,13900,13915,13835,13850,8680,7202
2008/01/11,13830,13915,13770,13900,10770,7174
2008/01/14,13880,14155,13840,14145,12436,8670
2008/01/15,14195,14420,14120,14180,16042,8446
2008/01/16,14120,14160,13930,13980,13644,7170
2008/01/17,13970,14095,13860,13920,12158,6458
2008/01/18,13870,13895,13785,13890,23020,5388
2008/01/21,13900,14100,13900,13950,11546,5672
2008/01/22,13850,13895,13700,13800,17512,5390
2008/01/23,13880,13980,13810,13900,23522,5110
2008/01/24,13830,13930,13800,13925,12622,4968
2008/01/25,13900,14035,13900,13945,9828,4668
2008/01/28,13980,13980,13850,13870,15516,4544
2008/01/29,13895,13930,13860,13895,15358,4610
2008/01/30,13930,13930,13870,13870,12284,4400
2008/01/31,13825,13880,13820,13870,15536,4114
2008/02/01,13870,13915,13865,13890,22424,4160
2008/02/04,13855,14030,13855,13980,21298,4174
2008/02/05,13965,14060,13950,14000,25582,4022
2008/02/13,14050,14195,14040,14070,26864,4388
2008/02/14,14120,14120,13945,13975,24740,4566
2008/02/15,13980,14030,13910,13930,25834,4192
2008/02/18,13890,13980,13865,13930,8900,4734
2008/02/19,13920,13970,13880,13955,7556,4604
2008/02/20,13990,14150,13950,13960,8670,4448
2008/02/21,13990,14075,13950,14045,6682,5086
2008/02/22,14000,14150,13990,14125,5156,5938
2008/02/25,14150,14320,14150,14215,8364,6628
2008/02/26,14300,14300,14065,14125,3370,5926
2008/02/27,14210,14280,14150,14280,11842,6724
2008/02/28,14250,14625,14250,14590,27026,11922
2008/02/29,14650,14760,14515,14540,23052,12246
2008/03/03,14605,14845,14460,14835,28902,14340
2008/03/04,14810,14925,14120,14540,26172,10834
2008/03/05,14300,14600,14260,14505,18640,10150
2008/03/06,14705,14750,14550,14630,18960,10100
2008/03/07,14600,14950,14560,14905,33900,14474
2008/03/10,14840,14895,14550,14650,19512,10110
2008/03/11,14750,14980,14690,14860,28018,14016
2008/03/12,14955,14955,14610,14680,17494,10304
2008/03/13,14765,14765,14500,14600,10190,8402
2008/03/14,14600,14650,14510,14550,9402,8224
2008/03/17,14530,14650,14460,14590,8208,8266
2008/03/18,14360,14470,14260,14320,12012,6282
2008/03/19,14410,14410,14295,14320,4020,6064
2008/03/20,14080,14150,13860,14065,4996,5104
2008/03/21,14055,14150,13905,13905,4062,4178
2008/03/24,13900,13900,13720,13770,3926,3784
2008/03/25,13750,13850,13750,13815,2296,3256
2008/03/26,13840,13885,13765,13775,1208,2738
2008/03/27,13900,13900,13790,13800,1374,2432
2008/03/28,13810,13830,13665,13690,1244,2304
2008/03/31,13680,13780,13675,13700,522,2042
2008/04/01,13605,13730,13605,13665,672,1582
2008/04/02,13710,13715,13680,13690,422,1202
2008/04/03,13770,13780,13725,13745,216,1002
2008/04/07,13610,13610,13580,13585,332,1892
2008/04/08,13620,13680,13590,13610,898,2128
2008/04/09,13610,13640,13600,13610,470,2084
2008/04/10,13660,13730,13625,13690,858,2254
2008/04/11,13665,13685,13640,13665,388,2240
2008/04/14,13615,13700,13615,13690,450,2116
2008/04/15,13700,13910,13700,13890,2466,2364
2008/04/16,13960,14080,13920,14065,2994,2764
2008/04/17,14080,14130,14025,14090,1634,2788
2008/04/18,14050,14175,14045,14075,1826,3006
2008/04/21,14100,14120,13965,13980,1500,2806
2008/04/22,13960,14225,13960,14190,3084,3328
2008/04/23,14280,14340,14210,14275,3024,3376
2008/04/24,14350,14350,14130,14185,1436,3144
2008/04/25,14150,14185,14060,14085,1408,3208
2008/04/28,14130,14250,14125,14230,1570,3392
2008/04/29,14200,14225,14105,14135,1192,3216
2008/04/30,14080,14200,14005,14200,1884,3334
2008/05/05,14230,14480,14230,14465,4374,4124
2008/05/06,14590,14590,14465,14475,3786,4118
2008/05/07,14515,14560,14410,14465,2862,4034
2008/05/08,14525,14550,14420,14495,4760,4402
2008/05/09,14510,14510,14335,14395,2730,3954
2008/05/12,14420,14620,14420,14585,3804,4428
2008/05/13,14550,14550,14460,14475,2548,4450
2008/05/14,14525,14680,14520,14665,2876,5056
2008/05/15,14580,14615,14535,14590,2094,4930
2008/05/16,14605,14690,14580,14585,2556,5246
2008/05/19,14650,14715,14430,14490,2912,4868
2008/05/20,14480,14490,14260,14260,4048,4248
2008/05/21,14170,14450,14170,14405,4100,4034
2008/05/22,14680,14680,14455,14550,3570,4024
2008/05/23,14430,14480,14360,14435,3050,3782
2008/05/26,14500,14630,14485,14620,3126,3980
2008/05/27,14660,15005,14625,14870,13444,6552
2008/05/28,14800,15175,14765,15125,22552,9548
2008/05/29,15160,15295,15055,15075,16014,9102
2008/05/30,14950,15110,14900,15000,9544,8058
2008/06/02,15030,15620,15020,15620,15226,11868
2008/06/03,15880,15980,15655,15865,28550,12730
2008/06/04,15830,16460,15830,16410,72078,16610
2008/06/05,16500,16575,16130,16340,102756,19408
2008/06/06,16570,16780,16050,16085,120164,19658
2008/06/10,16200,16615,16050,16560,102120,18834
2008/06/11,16525,16640,15810,16015,131168,16218
2008/06/12,16200,16400,15555,15555,130886,17760
2008/06/13,15520,15815,15355,15675,127446,15546
2008/06/16,15690,15950,15370,15780,141650,18122
2008/06/17,15700,16075,15600,15805,134634,19884
2008/06/18,15750,15920,15480,15640,109830,22128
2008/06/19,15740,15890,15580,15640,108034,23572
2008/06/20,15530,15540,15110,15110,13696,18088
2008/06/23,14760,15205,14750,14880,101954,13232
2008/06/24,14900,15120,14825,14925,85486,11544
2008/06/25,14900,15050,14830,14980,62442,10306
2008/06/26,14950,15530,14950,15520,83990,13320
2008/06/27,15700,15910,15485,15815,108088,13530
2008/06/30,15935,15970,15740,15855,80412,12668
2008/07/01,15790,15870,15660,15755,57836,12768
2008/07/02,15800,15825,15510,15600,60112,14354
2008/07/03,15680,15700,15110,15190,68452,12992
2008/07/04,15200,15260,15010,15170,47182,13988
2008/07/07,15150,15350,14970,15100,82548,17116
2008/07/08,14955,15070,14910,14980,39710,17552
2008/07/09,14910,14910,14555,14580,59690,18158
2008/07/10,14610,14640,14480,14600,48348,17792
2008/07/11,14760,14825,14610,14705,43394,16656
2008/07/14,14700,14850,14630,14675,47956,18642
2008/07/15,14600,14685,14450,14530,47622,19104
2008/07/16,14450,14530,14365,14510,33400,17614
2008/07/17,14500,14745,14480,14725,68424,18236
2008/07/18,14650,14690,14465,14590,43024,13884
2008/07/21,14545,14575,14090,14160,49808,15348
2008/07/22,14130,14160,14020,14100,33164,15230
2008/07/23,14000,14000,13800,13830,27290,13930
2008/07/24,13700,13975,13660,13920,31428,15336
2008/07/25,13860,13985,13785,13790,27028,13662
2008/07/28,13835,13835,13430,13460,40768,16174
2008/07/29,13495,13615,13455,13520,29900,14530
2008/07/30,13450,13450,13110,13195,29942,14134
2008/07/31,13375,13375,13035,13145,45012,14216
2008/08/01,13095,13150,12875,13000,25510,11774
2008/08/04,13040,13180,12955,13060,19462,11072
2008/08/05,12830,12875,12615,12700,14918,10764
2008/08/06,12780,13245,12710,12980,20240,9332
2008/08/07,12945,12945,12410,12615,8824,8584
2008/08/08,12600,12970,12330,12890,6916,6798
2008/08/11,12400,12810,12375,12620,33036,12722
2008/08/12,12580,12825,12540,12790,29478,13626
2008/08/13,12795,13205,12780,13205,14010,13188
2008/08/14,13500,13575,13255,13575,37082,12730
2008/08/15,13370,13505,13190,13280,98638,19198
2008/08/18,13500,13880,13370,13875,79024,17982
2008/08/19,13750,13920,13640,13755,82794,17944
2008/08/20,13815,13995,13700,13955,81554,17108
2008/08/21,14000,14295,13980,14240,69228,18194
2008/08/22,14400,14455,14115,14330,63190,18160
2008/08/25,14195,14210,13795,13840,95708,20554
2008/08/26,13860,13935,13460,13525,91208,17728
2008/08/27,13680,13690,13330,13455,75838,17414
2008/08/28,13490,13680,13390,13570,85674,16908
2008/08/29,13420,13680,13395,13530,56812,16392
2008/09/01,13500,13675,13390,13510,57922,16570
2008/09/02,13380,13380,12990,12990,31226,15714
2008/09/03,12825,12860,12635,12680,59490,13600
2008/09/04,12720,12795,12640,12740,57614,14170
2008/09/05,12600,12850,12550,12740,63166,15342
2008/09/08,12860,12970,12505,12525,91354,20724
2008/09/09,12460,12500,12235,12290,88624,19200
2008/09/10,12075,12440,12075,12435,87722,19490
2008/09/11,12435,12435,12220,12320,90880,19838
2008/09/12,12350,12655,12280,12655,127164,23084
2008/09/16,12100,12230,11970,11970,65236,18776
2008/09/17,12005,12055,11765,11845,82570,19360
2008/09/18,12050,12360,11550,11630,90400,19374
2008/09/19,11750,11750,11525,11660,70278,18586
2008/09/22,11960,12125,11900,12125,54910,21666
2008/09/23,12470,12470,12150,12165,71524,20222
2008/09/24,12100,12180,11845,12005,89262,21192
2008/09/25,11880,11935,11730,11840,65348,17386
2008/09/26,11750,11850,11550,11600,56626,18312
2008/10/06,11090,11120,11090,11090,6488,20132
2008/10/07,10540,10850,10540,10810,75260,22284
2008/10/08,10660,10810,10130,10130,101446,27474
2008/10/09,10200,10245,9870,9870,101426,27604
2008/10/10,9495,9520,9495,9495,4898,27854
2008/10/13,9025,9370,9025,9025,59450,26154
2008/10/14,9490,9510,8775,8915,193276,30730
2008/10/15,8545,8600,8545,8545,13952,29420
2008/10/16,8120,8120,8120,8120,1284,29298
2008/10/17,7920,8390,7715,8060,189878,33078
2008/10/20,8200,8400,7880,8400,200768,36216
2008/10/21,8400,8580,7785,7960,276344,30504
2008/10/22,7730,7915,7730,7730,82446,31068
2008/10/23,7420,7570,7420,7520,30880,27988
2008/10/24,7620,7745,7085,7085,262326,34480
2008/10/27,6890,7085,6890,6890,63098,32206
2008/10/28,6880,6980,6620,6700,134296,33856
2008/10/29,6815,6850,6435,6570,258590,32476
2008/10/30,6920,6920,6685,6920,179354,32250
2008/10/31,6495,6550,6495,6495,23110,31036
2008/11/03,6515,6730,6260,6560,357666,40510
2008/11/04,6250,6455,6250,6305,191654,37492
2008/11/05,6620,6630,6440,6465,221386,36586
2008/11/06,6290,6390,6190,6190,129360,36364
2008/11/07,5985,6020,5985,5985,39564,38996
2008/11/10,6000,6235,5920,6150,313298,50522
2008/11/11,5990,5995,5820,5890,249306,52264
2008/11/12,5785,6160,5760,6130,337472,54006
2008/11/13,6010,6275,6010,6275,124230,55272
2008/11/14,6465,6465,6465,6465,2220,54140
2008/11/17,6785,6785,6700,6785,24314,54940
2008/11/18,7115,7115,7115,7115,4580,27022
2008/11/19,7450,7450,6760,6810,518288,37668
2008/11/20,6695,6695,6625,6625,10490,35936
2008/11/21,6305,6350,6305,6305,33364,26062
2008/11/24,6210,6515,6195,6455,405896,34988
2008/11/25,6685,6685,6560,6685,130068,35252
2008/11/26,6600,6970,6595,6970,429766,49514
2008/11/27,7155,7155,6905,7060,449230,57730
2008/11/28,7140,7290,6740,7240,977920,73026
2008/12/01,7150,7395,7085,7395,510564,69842
2008/12/02,7200,7500,7015,7160,1061070,71806
2008/12/03,7200,7325,7090,7270,483790,59752
2008/12/04,7220,7260,7085,7200,210954,46844
2008/12/05,7150,7160,6880,7050,204238,42724
2008/12/08,6980,7320,6980,7320,12772,39666
2008/12/09,7560,7560,7560,7560,5938,34958
2008/12/10,7750,7750,7425,7680,53448,17604
2008/12/11,7650,7675,7550,7625,16206,12486
2008/12/12,7730,7970,7610,7745,10872,8534
2008/12/15,7300,7330,7250,7330,5166,42388
2008/12/16,7330,7660,7260,7580,582308,52734
2008/12/17,7585,7805,7530,7805,413436,56252
2008/12/18,7700,7725,7455,7580,598972,62528
2008/12/19,7370,7880,7360,7745,582866,60998
2008/12/22,7850,8030,7500,7535,879832,67334
2008/12/23,7450,7550,7325,7325,382276,64744
2008/12/24,7300,7520,7205,7380,835866,69952
2008/12/25,7250,7420,7250,7340,378778,63908
2008/12/26,7370,7490,7280,7370,453428,57092
2008/12/29,7650,7690,7320,7355,300650,51228
2008/12/30,7360,7425,7145,7195,386716,56098
2008/12/31,7180,7230,7030,7150,346152,46486
2009/01/05,7475,7475,7340,7475,165762,40994
2009/01/06,7500,7800,7440,7735,247954,33570
2009/01/07,7700,8000,7700,7860,250798,26868
2009/01/08,7505,7700,7505,7675,63132,22732
2009/01/09,7830,8010,7700,8010,30916,21884
2009/01/12,8000,8175,7890,7960,222844,49884
2009/01/13,7730,8080,7730,8070,204422,58238
2009/01/14,8200,8310,8120,8310,177776,58314
2009/01/15,8300,8550,8200,8345,436634,57974
2009/01/16,8470,8535,8300,8490,320734,53414
2009/01/19,8450,8650,8450,8610,278592,55872
2009/01/20,8575,8645,8525,8585,155534,47258
2009/01/21,8595,8625,8350,8395,243298,46408
2009/01/22,8490,8510,8190,8480,219596,43876
2009/01/23,8430,8780,8410,8780,198854,45422
2009/02/02,8800,8955,8720,8915,198850,50348
2009/02/03,8900,8935,8800,8905,204688,52940
2009/02/04,8940,9250,8910,9170,244542,55880
2009/02/05,9150,9275,9125,9165,214506,63916
2009/02/06,9195,9295,9120,9225,176202,59042
2009/02/09,9250,9380,9235,9295,200426,63522
2009/02/10,9250,9310,9025,9135,254172,63246
2009/02/11,8990,9040,8705,8705,213898,63478
2009/02/12,8615,8740,8505,8695,263404,51176
2009/02/13,8705,8870,8480,8665,473600,58620
2009/02/16,8700,8725,8305,8325,281018,66734
2009/02/17,8350,8480,8235,8250,339198,67204
2009/02/18,8085,8100,7930,7930,30210,59810
2009/02/19,7830,8015,7750,7885,358544,62466
2009/02/20,7980,8080,7805,7820,298424,69880
2009/02/23,7800,8265,7760,8220,376342,65464
2009/02/24,8100,8210,7960,8120,342578,60310
2009/02/25,8400,8450,8230,8355,269804,56322
2009/02/26,8460,8500,8210,8230,320946,57094
2009/02/27,8300,8375,8120,8140,313396,56584
2009/03/02,8100,8120,7905,7970,339220,59336
2009/03/03,7700,7840,7655,7740,311054,68268
2009/03/04,7770,7880,7720,7860,248306,67328
2009/03/05,8050,8050,7600,7610,371092,90178
2009/03/06,7560,7735,7505,7710,522592,82612
2009/03/09,7820,7910,7705,7845,424286,85926
2009/03/10,7860,8080,7860,8035,410732,79942
2009/03/11,8035,8035,7825,7885,340846,79238
2009/03/12,7840,8125,7765,8120,489062,85190
2009/03/13,8200,8250,8080,8090,443502,72720
2009/03/16,8030,8275,8030,8105,391080,70680
2009/03/17,8150,8350,8145,8265,441130,68228
2009/03/18,8280,8540,8280,8500,454376,71406
2009/03/19,8550,8625,8490,8560,411284,67176
2009/03/20,8650,8825,8620,8820,360002,64320
2009/03/23,8850,9170,8840,9170,171092,61012
2009/03/24,9215,9345,8610,9055,658744,59056
2009/03/25,9080,9200,8965,8980,454184,46662
2009/03/26,9060,9415,8935,9335,439708,46060
2009/03/27,9380,9515,9105,9270,460422,31572
2009/03/30,9120,9260,8935,9070,296304,37292
2009/03/31,9020,9330,8855,9275,587968,56558
2009/04/01,9290,9475,9240,9440,586586,75856
2009/04/02,9545,9550,9330,9510,572166,76232
2009/04/03,9560,9640,9500,9575,436402,73308
2009/04/07,9585,9750,9425,9610,553692,82044
2009/04/08,9420,9485,9125,9125,459630,109812
2009/04/09,9175,9285,9060,9180,992682,124916
2009/04/10,9270,9475,9260,9400,787560,113328
2009/04/13,9370,9405,9075,9115,783884,125976
2009/04/14,9105,9325,8885,9140,1016956,143508
2009/04/15,9070,9295,9010,9230,768096,141924
2009/04/16,9300,9520,9280,9420,827570,157004
2009/04/17,9405,9605,9360,9415,765896,130696
2009/04/20,9435,9575,9380,9510,558676,119118
2009/04/21,9310,9345,9050,9210,703074,107434
2009/04/22,9360,9640,9360,9590,837274,111890
2009/04/23,9610,9690,9480,9525,851458,101060
2009/04/24,9485,9580,9160,9210,759950,91776
2009/04/27,9245,9350,9150,9235,740426,95030
2009/04/28,9265,9440,9010,9125,876176,98964
2009/04/29,9140,9160,8820,8970,587998,96280
2009/04/30,9025,9140,8955,9065,571288,90166
2009/05/04,9280,9495,9280,9495,535150,109322
2009/05/05,9530,9530,9290,9300,469736,99088
2009/05/06,9310,9420,9285,9375,296528,93844
2009/05/07,9510,9810,9430,9565,737214,94096
2009/05/08,9595,9945,9520,9915,1000748,135160
2009/05/11,9900,9995,9690,9705,669916,103914
2009/05/12,9760,9840,9605,9650,419024,73854
2009/05/13,9745,9860,9730,9775,173194,59012
2009/05/14,9640,9690,9520,9670,59182,38484
2009/05/15,9760,9800,9560,9660,26068,29878
2009/05/18,9600,9690,9460,9665,399350,102554
2009/05/19,9810,9850,9675,9740,418986,103024
2009/05/20,9600,9655,9505,9515,406560,102550
2009/05/21,9560,9585,9435,9460,413072,98842
2009/05/22,9495,9570,9445,9485,344404,111330
2009/05/25,9550,9560,9270,9325,385938,125638
2009/05/26,9275,9410,9235,9310,424406,112686
2009/05/27,9400,9425,9315,9350,162848,104588
2009/06/01,9555,9845,9555,9695,366670,104458
2009/06/02,9750,9795,9650,9675,338550,103200
2009/06/03,9710,9870,9640,9840,441264,126338
2009/06/04,9690,9820,9670,9775,316550,110706
2009/06/05,9930,10070,9915,9990,341040,114086
2009/06/08,9920,10180,9915,10035,574648,126192
2009/06/09,10165,10165,9960,10095,474752,121902
2009/06/10,10210,10250,10100,10140,401168,115534
2009/06/11,10110,10190,10110,10145,210050,110896
2009/06/12,10205,10225,10015,10015,211344,105316
2009/06/15,10000,10050,9815,9885,274898,107286
2009/06/16,9800,9935,9785,9910,191930,103236
2009/06/17,9870,9930,9820,9915,170680,96614
2009/06/18,9920,10090,9915,10000,293364,97914
2009/06/19,10030,10105,9980,10035,170344,102600
2009/06/22,9880,9935,9845,9865,147124,102370
2009/06/23,9700,9730,9610,9675,230472,98572
2009/06/24,9700,9750,9670,9735,165364,99498
2009/06/25,9720,9845,9680,9835,192916,95722
2009/06/26,9915,10045,9900,10045,147176,97830
2009/06/29,9980,10045,9900,9930,176648,94058
2009/06/30,10045,10145,10005,10025,161436,87962
2009/07/01,9995,10040,9920,10035,120344,89580
2009/07/02,10025,10125,9975,10020,198026,85568
2009/07/03,9925,10215,9900,10175,264890,105302
2009/07/06,10175,10430,10150,10345,649390,117382
2009/07/07,10400,10525,10400,10495,400414,124360
2009/07/08,10400,10400,10270,10325,393284,113000
2009/07/09,10250,10375,10175,10315,374890,107000
2009/07/10,10340,10465,10260,10260,398130,99830
2009/07/13,10340,10345,10045,10050,326966,83212
2009/07/14,10065,10200,10055,10180,236128,82424
2009/07/15,10205,10245,10135,10245,195462,64004
2009/07/16,10310,10480,10285,10390,273950,76140
2009/07/17,10425,10465,10340,10355,174652,53612
2009/07/20,10430,10535,10405,10465,126586,45160
2009/07/21,10460,10500,10240,10260,62750,36770
2009/07/22,10210,10370,10210,10300,29392,30480
2009/07/23,10350,10430,10275,10415,33698,26964
2009/07/24,10450,10480,10380,10450,13416,23730
2009/07/27,10600,10775,10600,10735,194438,65306
2009/07/28,10680,10880,10645,10840,239670,77734
2009/07/29,10800,10965,10585,10640,275616,64482
2009/07/30,10585,10770,10470,10760,257250,62910
2009/07/31,10970,11210,10875,11160,317850,77924
2009/08/03,11260,11585,11235,11585,218544,81576
2009/08/04,11700,11735,11355,11500,225340,72226
2009/08/05,11600,11880,11545,11750,338884,86640
2009/08/06,11735,11840,11660,11770,252664,77606
2009/08/07,11700,11720,11330,11345,283966,69614
2009/08/10,11400,11620,11340,11495,251906,60392
2009/08/11,11450,11790,11400,11700,334750,68948
2009/08/12,11620,11775,11605,11630,304648,67714
2009/08/13,11780,11980,11715,11875,372240,75498
2009/08/14,11905,11960,11650,11745,235654,67678
2009/08/17,11450,11480,11190,11190,143356,55360
2009/08/18,11200,11400,11130,11365,240276,61360
2009/08/19,11550,11580,11050,11095,300682,64052
2009/08/20,11380,11380,10965,11245,339752,61660
2009/08/21,11100,11215,11025,11095,254476,58372
2009/08/24,11400,11480,11265,11350,178394,57280
2009/08/25,11250,11325,10985,11085,260084,66022
2009/08/26,10950,11210,10890,11090,239972,64658
2009/08/27,11050,11070,10855,10885,277018,76740
2009/08/28,11030,11080,10885,11000,291838,64724
2009/08/31,11030,11030,10635,10680,225168,69384
2009/09/01,10700,10700,10530,10590,160178,64476
2009/09/02,10420,10475,10070,10200,273124,65246
2009/09/03,10165,10395,10035,10340,316600,67052
2009/09/04,10390,10415,10165,10275,300948,66298
2009/09/07,10260,10480,10195,10345,325276,65676
2009/09/08,10300,10340,10125,10330,283164,65042
2009/09/09,10420,10575,10365,10405,251214,62334
2009/09/10,10450,10485,10330,10455,178036,61600
2009/09/11,10420,10565,10405,10480,236640,61148
2009/09/14,10050,10180,9975,9975,184906,68156
2009/09/15,10080,10100,9920,9985,239564,71880
2009/09/16,10125,10150,9980,10040,174918,70750
2009/09/17,10145,10150,9980,10005,215082,74256
2009/09/18,9980,9995,9760,9790,259786,88734
2009/09/21,9800,9880,9715,9760,221604,83370
2009/09/22,9700,9865,9665,9800,264180,80738
2009/09/23,9830,9900,9745,9755,267446,67580
2009/09/24,9700,9760,9600,9630,194152,64058
2009/09/25,9560,9575,9490,9520,115630,55744
2009/09/28,9480,9605,9460,9540,145184,55958
2009/09/29,9580,9620,9535,9585,58020,44792
2009/09/30,9580,9905,9565,9890,40580,35408
2009/10/09,10000,10170,9980,10080,97318,60074
2009/10/12,10160,10365,10120,10255,161572,64476
2009/10/13,10205,10255,10090,10135,210762,69332
2009/10/14,10155,10550,10155,10315,202580,74628
2009/10/15,10375,10430,10255,10270,147288,82616
2009/10/16,10370,10410,10220,10250,131290,79728
2009/10/19,10220,10525,10220,10455,197908,76722
2009/10/20,10540,10625,10420,10510,142428,68532
2009/10/21,10450,10475,10315,10425,151044,72272
2009/10/22,10630,10630,10475,10485,131734,66830
2009/10/23,10525,10785,10490,10780,163624,76528
2009/10/26,10725,10850,10665,10820,147382,68656
2009/10/27,10705,10785,10630,10735,152424,64924
2009/10/28,10750,10885,10680,10740,164002,67140
2009/10/29,10600,10620,10420,10455,182300,59456
2009/10/30,10650,10730,10610,10615,120166,55772
2009/11/02,10450,10575,10380,10570,114004,54102
2009/11/03,10630,10675,10450,10460,122976,64488
2009/11/04,10535,10565,10485,10545,122908,59416
2009/11/05,10565,10615,10530,10545,109848,57296
2009/11/06,10580,10795,10565,10790,232106,78304
2009/11/09,10755,10845,10750,10830,191290,71094
2009/11/10,10880,10955,10845,10865,156438,66682
2009/11/11,10910,11065,10870,10995,210984,72676
2009/11/12,11035,11280,11030,11255,248994,72272
2009/11/13,11130,11465,11085,11460,324170,80830
2009/11/16,11550,11640,11480,11505,212882,77598
2009/11/17,11600,11645,11485,11515,239000,79490
2009/11/18,11575,11730,11530,11675,250024,79316
2009/11/19,11700,11700,11550,11570,185198,78898
2009/11/20,11500,11795,11495,11770,304374,97034
2009/11/23,11800,11845,11700,11795,231510,76844
2009/11/24,11735,11850,11545,11560,287132,72826
2009/11/25,11560,11735,11560,11690,301346,69490
2009/11/26,11750,11820,11440,11480,335094,71294
2009/11/27,11400,11420,11015,11015,280690,59700
2009/11/30,11125,11340,10970,11095,366668,56016
2009/12/01,11170,11220,11010,11155,227084,38570
2009/12/02,11230,11295,11155,11210,66046,27998
2009/12/03,11770,11850,11645,11835,288748,46160
2009/12/04,11780,11845,11700,11785,236184,42360
2009/12/07,11755,11810,11380,11480,403670,61892
2009/12/08,11480,11670,11345,11560,495734,66224
2009/12/09,11400,11685,11300,11475,569424,83568
2009/12/10,11420,11470,11180,11265,464902,60344
2009/12/11,11290,11380,11250,11330,263314,52982
2009/12/14,11295,11580,11225,11555,434160,68188
2009/12/15,11570,11670,11525,11595,281182,60130
2009/12/16,11650,11800,11630,11780,287298,55782
2009/12/17,11900,11945,11715,11770,244318,54898
2009/12/18,11725,12090,11675,12075,596470,95418
2009/12/21,12120,12165,11900,11920,409184,74616
2009/12/22,11860,11940,11755,11865,320330,66724
2009/12/23,11940,12145,11880,12125,562652,108988
2009/12/24,12245,12250,12090,12170,394614,96442
2009/12/25,12170,12380,12170,12290,362454,101946
2009/12/28,12305,12425,12195,12295,362060,92590
2009/12/29,12280,12350,12125,12185,386604,92222
2009/12/30,12180,12325,12160,12315,286266,84020
2009/12/31,12360,12520,12330,12495,279576,85790
2010/01/04,12600,12695,12550,12635,190792,90050
2010/01/05,12720,12745,12620,12660,158990,84230
2010/01/06,12650,12700,12560,12605,257520,84866
2010/01/07,12705,12840,12000,12235,326148,66252
2010/01/08,12300,12365,12040,12175,251674,57566
2010/01/11,12310,12495,12310,12490,194252,63628
2010/01/12,12415,12445,12230,12255,179180,58786
2010/01/13,11995,11995,11740,11765,158518,52806
2010/01/14,11900,12150,11850,12065,334574,64460
2010/01/15,12035,12055,11770,11840,212622,57490
2010/01/18,11685,12040,11680,11985,378828,73890
2010/01/19,12030,12075,11920,12000,268256,74398
2010/01/20,12100,12205,12000,12100,353290,73472
2010/01/21,12100,12335,12065,12335,366340,81580
2010/01/22,12135,12315,11920,12070,429676,65192
2010/01/25,12030,12070,11880,11945,319172,67690
2010/01/26,12000,12050,11775,11775,279996,65778
2010/01/27,11835,11845,11535,11575,392762,79610
2010/01/28,11445,11520,11330,11450,346678,77622
2010/01/29,11425,11500,11360,11450,233502,70530
2010/02/01,11415,11495,11245,11375,279494,71662
2010/02/02,11500,11600,11150,11285,285564,75532
2010/02/03,11480,11500,11215,11475,350400,73476
2010/02/04,11370,11485,11330,11390,324340,74554
2010/02/05,11140,11310,11050,11285,262388,65524
2010/02/08,11300,11480,11285,11395,238000,64572
2010/02/09,11375,11550,11305,11520,215600,64720
2010/02/10,11580,11695,11520,11645,162576,53314
2010/02/11,11715,11780,11630,11690,103400,49270
2010/02/12,11715,11810,11625,11790,56974,45262
2010/02/22,12300,12320,12010,12095,71674,40434
2010/02/23,12075,12155,12015,12125,84224,48004
2010/02/24,12025,12160,12020,12060,84108,49434
2010/02/25,12055,12145,11835,11855,155272,55300
2010/02/26,11835,11945,11810,11890,100704,53354
2010/03/01,12010,12055,11835,11915,104138,55320
2010/03/02,11870,11910,11625,11640,165540,62790
2010/03/03,11720,11755,11655,11695,141562,71466
2010/03/04,11755,11810,11480,11520,221452,75936
2010/03/05,11525,11555,11445,11495,180914,81786
2010/03/08,11550,11685,11400,11620,323210,102354
2010/03/09,11580,11640,11520,11540,204934,107764
2010/03/10,11500,11660,11480,11535,262132,110308
2010/03/11,11550,11595,11250,11270,304614,118390
2010/03/12,11295,11370,11200,11345,300704,116204
2010/03/15,11330,11330,10920,10960,314430,128760
2010/03/16,10865,11000,10835,10920,359740,129098
2010/03/17,11000,11250,10950,11220,380610,117738
2010/03/18,11175,11305,11060,11100,368450,117884
2010/03/19,11095,11260,11065,11245,306790,107696
2010/03/22,11160,11370,11145,11335,317170,94830
2010/03/23,11400,11465,11285,11355,302550,88460
2010/03/24,11355,11435,11205,11275,310814,77556
2010/03/25,11250,11340,11225,11280,152376,62384
2010/03/26,11300,11345,11255,11320,62924,48722
2010/03/29,11620,11680,11540,11635,217654,76084
2010/03/30,11695,11700,11435,11500,249828,84378
2010/03/31,11500,11530,11355,11380,308014,95742
2010/04/01,11415,11520,11405,11430,192020,88506
2010/04/02,11500,11580,11475,11565,207342,89796
2010/04/06,11660,11875,11610,11775,296042,92684
2010/04/07,11800,11835,11760,11785,161752,90524
2010/04/08,11730,11740,11635,11665,155486,93124
2010/04/09,11700,11780,11685,11775,161048,89986
2010/04/12,11820,11855,11695,11740,225410,93746
2010/04/13,11700,11750,11660,11750,185732,87612
2010/04/14,11780,11935,11755,11890,343244,106608
2010/04/15,11950,11965,11860,11880,238140,96124
2010/04/16,11900,11905,11780,11850,180048,91172
2010/04/19,11650,11710,11510,11515,183310,87708
2010/04/20,11580,11675,11575,11665,146390,81450
2010/04/21,11680,11695,11590,11670,152690,81054
2010/04/22,11630,11640,11530,11535,180872,92440
2010/04/23,11545,11615,11535,11565,140780,88176
2010/04/26,11635,11700,11605,11620,114808,90242
2010/04/27,11590,11595,11385,11435,213308,100476
2010/04/28,11250,11440,11250,11370,198384,94822
2010/04/29,11415,11470,11330,11360,199492,103222
2010/04/30,11450,11470,11350,11450,176418,93700
2010/05/04,11400,11495,11370,11445,170382,95198
2010/05/05,11250,11410,11250,11410,149206,96736
2010/05/06,11400,11440,11330,11345,132880,100064
2010/05/07,11255,11260,11000,11005,254012,107822
2010/05/10,11100,11120,10965,11120,222712,105798
2010/05/11,11100,11125,10885,10895,241300,112214
2010/05/12,10900,10950,10750,10805,372728,112142
2010/05/13,10820,10895,10700,10885,363508,103712
2010/05/14,10820,10830,10660,10690,410414,101034
2010/05/17,10500,10545,10210,10210,249100,93638
2010/05/18,10210,10320,10050,10305,371532,91838
2010/05/19,10010,10350,9970,10200,379424,89976
2010/05/20,10270,10415,10265,10350,338454,95398
2010/05/21,10200,10260,10110,10235,272510,92374
2010/05/24,10260,10460,10260,10445,275842,96788
2010/05/25,10340,10405,10205,10215,294920,100192
2010/05/26,10280,10390,10280,10375,223216,97760
2010/05/27,10400,10475,10325,10465,213392,105278
2010/05/28,10580,10580,10420,10440,201886,100508
2010/05/31,10400,10510,10365,10425,218638,99022
2010/06/01,10405,10435,10220,10235,295724,102670
2010/06/02,10220,10235,9860,10015,457822,110038
2010/06/03,10100,10130,9975,10040,315100,105210
2010/06/04,9990,9995,9825,9870,341326,114290
2010/06/07,9420,9500,9415,9415,57830,113840
2010/06/08,9400,9455,9280,9445,391336,111736
2010/06/09,9440,9610,9390,9600,392226,101006
2010/06/10,9580,9675,9525,9595,316376,96406
2010/06/11,9670,9745,9655,9720,203510,92392
2010/06/17,9850,9880,9525,9565,284950,111572
2010/06/18,9560,9585,9345,9350,531668,136240
2010/06/21,9430,9855,9355,9770,929864,131822
2010/06/22,9625,9730,9605,9650,717320,136884
2010/06/23,9580,9740,9475,9615,938634,147076
2010/06/24,9625,9865,9620,9805,990786,168138
2010/06/25,9840,9845,9675,9715,803316,152320
2010/06/28,9780,9945,9775,9790,845690,148236
2010/06/29,9700,9775,9475,9510,826810,148348
2010/06/30,9400,9505,9375,9485,633084,151308
2010/07/01,9445,9475,9205,9215,870064,182396
2010/07/02,9205,9410,9170,9385,1080018,168806
2010/07/05,9370,9450,9280,9400,825508,178644
2010/07/06,9300,9365,9210,9365,928788,189062
2010/07/07,9355,9400,9235,9260,808648,207094
2010/07/08,9410,9445,9305,9325,777578,208670
2010/07/09,9350,9410,9300,9395,765598,210200
2010/07/12,9415,9530,9360,9370,851288,198926
2010/07/13,9385,9415,9270,9305,963294,203848
2010/07/14,9410,9425,9315,9330,783326,192972
2010/07/15,9300,9330,9140,9205,1180906,204538
2010/07/16,9250,9280,9115,9180,846540,212914
2010/07/19,9080,9210,9060,9175,673940,205520
2010/07/20,9180,9345,9180,9335,581670,186948
2010/07/21,9345,9385,9310,9350,472560,177260
2010/07/22,9310,9545,9310,9540,973978,196610
2010/07/23,9650,9770,9630,9730,737446,161646
2010/07/26,9750,9820,9710,9805,555454,150692
2010/07/27,9800,9810,9670,9705,648410,138952
2010/07/28,9650,9835,9640,9790,568066,133704
2010/07/29,9830,9830,9695,9805,455080,113086
2010/07/30,9815,9880,9760,9850,175586,94176
2010/08/02,10400,10535,10380,10505,590258,131806
2010/08/03,10650,10660,10480,10485,688366,138440
2010/08/04,10510,10570,10415,10525,656388,144132
2010/08/05,10560,10595,10330,10365,347590,154012
2010/08/06,10345,10465,10330,10435,543228,143720
2010/08/09,10440,10610,10420,10600,536368,154276
2010/08/10,10580,10695,10495,10535,727110,144996
2010/08/11,10500,10585,10375,10385,655252,150972
2010/08/12,10295,10325,10190,10220,713604,152112
2010/08/13,10235,10400,10235,10395,584168,154350
2010/08/16,10350,10590,10280,10540,874740,184464
2010/08/17,10540,10650,10500,10625,911482,193498
2010/08/18,10685,10720,10550,10585,757604,192378
2010/08/19,10620,10735,10570,10715,981318,209864
2010/08/20,10650,10670,10410,10415,838558,182400
2010/08/23,10415,10430,10280,10325,695534,189420
2010/08/24,10275,10325,10205,10240,649236,190024
2010/08/25,10220,10355,10180,10345,794008,200198
2010/08/26,10405,10520,10395,10510,735500,188036
2010/08/27,10510,10525,10390,10465,653728,191836
2010/08/30,10550,10655,10535,10545,561620,178406
2010/08/31,10470,10480,10255,10260,589234,192746
2010/09/01,10260,10425,10250,10375,715386,186184
2010/09/02,10490,10605,10390,10590,846254,230326
2010/09/03,10630,10650,10460,10520,961328,207946
2010/09/06,10515,10790,10490,10735,1181806,258932
2010/09/07,10705,10755,10625,10700,894044,259574
2010/09/08,10710,10855,10665,10810,1251826,295420
2010/09/09,10880,10890,10250,10475,1256618,213516
2010/09/10,10515,10565,10445,10525,883730,208536
2010/09/13,10615,10650,10550,10620,734972,222144
2010/09/14,10600,10680,10510,10555,727994,217464
2010/09/15,10560,10625,10430,10445,713952,217298
2010/09/16,10435,10490,10340,10400,603592,203502
2010/09/17,10415,10485,10380,10460,442496,188456
2010/09/20,10500,10620,10475,10545,407264,188526
2010/09/21,10575,10580,10400,10445,301974,161844
2010/09/27,10620,10745,10565,10700,478964,182148
2010/09/28,10680,10780,10595,10685,386806,178730
2010/09/29,10725,10780,10585,10740,444472,171236
2010/09/30,10775,10855,10630,10830,462264,168448
2010/10/08,10920,11130,10850,11060,326950,174048
2010/10/11,11300,11565,11235,11490,663610,200016
2010/10/12,11350,11435,11280,11330,613938,196656
2010/10/13,11410,11515,11360,11435,552698,190428
2010/10/14,11555,11665,11450,11535,734444,197752
2010/10/15,11450,11480,11335,11415,655926,202280
2010/10/18,11300,11300,11170,11185,545510,191072
2010/10/19,11305,11415,11190,11285,164878,194198
2010/10/20,10900,11170,10900,11140,434824,188002
2010/10/21,11290,11325,11170,11210,431408,187808
2010/10/22,11200,11480,11150,11430,642334,215304
2010/10/25,11500,11650,11490,11600,370922,217800
2010/10/26,11600,11630,11400,11535,533898,204482
2010/10/27,11595,11630,11200,11320,568232,183372
2010/10/28,11390,11475,11330,11460,250550,182006
2010/10/29,11420,11715,11330,11590,877884,189312
2010/11/01,11690,11835,11685,11730,457926,196550
2010/11/02,11790,11815,11620,11665,360262,182684
2010/11/03,11750,11800,11610,11650,380032,175644
2010/11/04,11735,11940,11640,11875,544344,179032
2010/11/05,11995,12310,11995,12260,436198,174678
2010/11/08,12200,12680,12070,12270,564716,150378
2010/11/09,12160,12960,12130,12960,574790,134038
2010/11/10,12960,13300,12630,12730,566116,109606
2010/11/11,14000,14020,13300,13300,1062088,153762
2010/11/12,13130,13150,12895,12895,31496,151230
2010/11/15,12295,12740,12295,12295,626052,106514
2010/11/16,12405,12705,12015,12055,1204966,133992
2010/11/17,11755,11870,11755,11755,258298,120402
2010/11/18,11895,12320,11710,12220,1493806,137368
2010/11/19,12445,12475,11930,12210,494736,120816
2010/11/22,12015,12330,12015,12115,888520,127392
2010/11/23,12120,12205,11610,11610,643172,123938
2010/11/24,11620,11790,11435,11765,989566,121926
2010/11/25,11905,11970,11650,11655,802424,118204
2010/11/26,11680,11695,11220,11300,675554,108580
2010/11/29,11250,11580,11250,11510,740320,106054
2010/11/30,11550,11560,11145,11375,790308,101274
2010/12/01,11340,11560,11275,11555,518328,106790
2010/12/02,11740,11830,11670,11710,460390,107748
2010/12/03,11725,11900,11660,11775,546758,112114
2010/12/06,11880,11960,11765,11800,381330,119564
2010/12/07,11750,11760,11465,11700,548912,121014
2010/12/08,11520,11760,11400,11640,1140578,153782
2010/12/09,11820,11920,11745,11795,810076,127920
2010/12/10,11730,11865,11660,11865,481250,134710
2010/12/13,11880,12440,11825,12370,611186,159478
2010/12/14,12360,12455,12220,12395,246252,173416
2010/12/15,12350,12395,12155,12310,797160,202434
2010/12/16,12360,12545,12240,12245,792406,190656
2010/12/17,12260,12435,12230,12350,675262,185492
2010/12/20,12455,12630,12125,12235,838406,182866
2010/12/21,12310,12400,12190,12345,698374,174956
2010/12/22,12420,12480,12250,12290,701094,167002
2010/12/23,12350,12690,12330,12650,676320,209682
2010/12/24,12740,12770,12470,12660,625500,182216
2010/12/27,12550,12740,12480,12725,617824,194152
2010/12/28,12730,12790,12580,12595,510006,184136
2010/12/29,12610,12650,12340,12425,453776,169904
2010/12/30,12400,12570,12355,12545,430418,171434
2010/12/31,12430,12530,12350,12370,368210,156484
2011/01/04,12510,12735,12440,12665,404558,180850
2011/01/05,12530,12710,12525,12610,359372,178290
2011/01/06,12700,12845,12700,12730,414116,201524
2011/01/07,12600,12670,12075,12255,440432,191624
2011/01/10,12365,12385,12180,12220,351536,195658
2011/01/11,12305,12320,12080,12210,319034,199696
2011/01/12,12310,12390,12120,12270,447266,201464
2011/01/13,12365,12475,12285,12300,419170,188576
2011/01/14,12245,12365,12185,12320,361532,197936
2011/01/17,12355,12385,12095,12130,408182,202374
2011/01/18,12095,12130,11940,12040,426406,201462
2011/01/19,12080,12230,12060,12215,331522,196404
2011/01/20,12110,12340,12105,12150,448074,198182
2011/01/21,12010,12135,11920,11920,400424,206200
2011/01/24,11980,12380,11950,12195,572076,199356
2011/01/25,12100,12160,11700,11735,500762,199014
2011/01/26,11660,11735,11485,11705,440192,185214
2011/01/27,11765,11890,11610,11670,425992,189232
2011/01/28,11560,11820,11485,11730,517766,181216
2011/01/31,11850,11950,11810,11820,294112,174144
2011/02/01,11910,12045,11910,12005,183784,173338
2011/02/09,11920,12110,11860,12010,107182,182412
2011/02/10,12000,12390,11990,12370,487736,210762
2011/02/11,12400,12455,12265,12355,491726,205526
2011/02/14,12365,12505,12225,12460,195148,220724
2011/02/15,12440,12500,12340,12365,430806,209654
2011/02/16,12300,12350,12175,12350,457264,219608
2011/02/17,12355,12490,12220,12240,545082,222384
2011/02/18,12390,12395,12115,12125,569920,225744
2011/02/21,12200,12250,12020,12235,469202,252740
2011/02/22,12360,12445,11455,11975,764852,237470
2011/02/23,11750,11835,11600,11640,500280,222638
2011/02/24,11795,11825,11490,11590,470308,218114
2011/02/25,11600,11740,11480,11675,493078,217182
2011/02/28,11770,11860,11680,11850,365450,212128
2011/03/01,11835,11870,11720,11790,347186,217252
2011/03/02,11820,11925,11785,11875,336400,202510
2011/03/03,11910,12150,11830,11900,487398,200470
2011/03/04,11960,12055,11795,11930,366268,194928
2011/03/07,11980,12115,11955,12095,362538,185874
2011/03/08,11995,12025,11750,11880,419794,173238
2011/03/09,11920,11950,11860,11910,215624,162316
2011/03/10,11830,11860,11630,11675,271920,161650
2011/03/11,11605,11680,11510,11585,245638,145452
2011/03/14,11590,11895,11285,11500,325454,120456
2011/03/15,11500,11575,11320,11385,284036,125578
2011/03/16,11380,11430,11170,11425,244740,116572
2011/03/17,11370,11450,11315,11340,187584,119804
2011/03/18,11510,11565,11430,11475,145496,117194
2011/03/21,11550,11570,11340,11395,155350,124138
2011/03/22,11380,11490,11290,11450,137260,113192
2011/03/23,11490,11575,11470,11575,70354,109044
2011/03/24,11590,11605,11450,11475,41934,103920
2011/03/25,11510,11545,11420,11485,34630,99886
2011/03/28,11500,11510,11250,11300,47614,83582
2011/03/29,11765,11810,11690,11740,228576,121112
2011/03/30,11760,11795,11580,11695,404154,126644
2011/03/31,11680,11775,11615,11695,293600,129188
2011/04/01,11800,11810,11430,11485,374894,157452
2011/04/06,11505,11620,11485,11605,263136,150232
2011/04/07,11610,11695,11605,11635,249710,160342
2011/04/08,11650,11855,11640,11840,327238,171378
2011/04/11,11910,12085,11890,11925,474670,169618
2011/04/12,11800,12110,11780,12000,788324,217010
2011/04/13,11905,12215,11860,12190,1183366,287806
2011/04/14,12140,12195,11920,11940,894368,229382
2011/04/15,11995,11995,11755,11800,661460,206704
2011/04/18,11780,11920,11760,11860,516258,208042
2011/04/19,11860,11870,11620,11650,470616,208986
2011/04/20,11705,11780,11665,11775,328452,195208
2011/04/21,11820,11940,11820,11890,390180,199116
2011/04/22,11950,12015,11835,11945,506102,198372
2011/04/25,12000,12065,11905,11930,649506,213016
2011/04/26,11845,11910,11805,11825,418814,219690
2011/04/27,11875,11890,11710,11740,386638,225756
2011/04/28,11810,11915,11780,11870,362310,206000
2011/04/29,11845,11875,11745,11760,251692,192888
2011/05/03,11775,11790,11615,11735,254466,199548
2011/05/04,11685,11715,11570,11595,328344,198808
2011/05/05,11510,11550,11410,11460,312582,204410
2011/05/06,11100,11150,10920,10930,444006,216292
2011/05/09,10955,11090,10935,11070,463386,218844
2011/05/10,11070,11175,11015,11145,466420,206692
2011/05/11,11200,11285,11055,11055,437300,221616
2011/05/12,10900,10960,10605,10605,489888,253900
2011/05/13,10645,10845,10535,10800,1018126,231476
2011/05/16,10700,10735,10575,10625,784744,244144
2011/05/17,10600,10750,10530,10745,735540,221052
2011/05/18,10775,10820,10680,10690,418962,222202
2011/05/19,10805,10820,10535,10550,696020,268858
2011/05/20,10505,10615,10455,10590,670264,239446
2011/05/23,10560,10630,10360,10385,646998,260188
2011/05/24,10415,10480,10360,10430,521822,260996
2011/05/25,10450,10540,10395,10485,602722,258350
2011/05/26,10575,10755,10555,10715,683778,263870
2011/05/27,10700,10740,10635,10725,459228,253994
2011/05/30,10725,10760,10615,10625,506840,253964
2011/05/31,10640,10705,10580,10685,575290,257620
2011/06/01,10730,10775,10645,10665,498108,264134
2011/06/02,10565,10570,10410,10475,611536,277284
2011/06/03,10515,10655,10495,10625,549118,282396
2011/06/07,10560,10765,10530,10710,693976,297028
2011/06/08,10700,10840,10635,10765,1172316,329632
2011/06/09,10815,10870,10630,10645,743110,297512
2011/06/10,10670,10715,10540,10595,649746,275190
2011/06/13,10545,10680,10525,10610,605444,252410
2011/06/14,10610,10695,10580,10670,612476,262690
2011/06/15,10740,10785,10690,10755,508910,279134
2011/06/16,10655,10705,10590,10605,673598,250050
2011/06/17,10620,10665,10565,10610,491506,253190
2011/06/20,10600,10610,10380,10415,847428,301098
2011/06/21,10470,10480,10330,10470,740024,274176
2011/06/22,10430,10510,10395,10445,570908,273866
2011/06/23,10435,10470,10310,10405,734884,272854
2011/06/24,10340,10395,10270,10385,684232,274080
2011/06/27,10330,10415,10280,10305,786006,276294
2011/06/28,10370,10450,10360,10400,547350,273730
2011/06/29,10475,10485,10410,10460,341926,254504
2011/06/30,10520,10600,10465,10600,361748,252740
2011/07/01,10570,10670,10560,10660,387592,263632
2011/07/04,10745,11150,10700,11060,261352,249648
2011/07/05,11030,11170,10970,11110,803044,270174
2011/07/06,11180,11205,11040,11070,574592,241744
2011/07/07,11080,11185,11035,11095,510702,242194
2011/07/08,11185,11260,11140,11145,457128,226272
2011/07/11,11080,11350,11045,11270,651722,262384
2011/07/12,11255,11320,11050,11200,627504,241936
2011/07/13,11315,11360,11210,11285,497892,225002
2011/07/14,11285,11305,11195,11245,400730,209954
2011/07/15,11195,11305,11140,11250,283878,198704
2011/07/18,11325,11330,11180,11185,142856,175934
2011/07/19,11830,11865,11760,11830,476694,200772
2011/07/20,11880,11930,11705,11735,539840,215354
2011/07/21,11760,11770,11625,11685,521436,218546
2011/07/22,11710,11890,11710,11890,572136,231494
2011/07/25,11880,11945,11815,11835,490782,228080
2011/07/26,11860,12210,11840,12180,1009894,311068
2011/07/27,12190,12260,12130,12185,475272,274562
2011/07/28,12110,12235,12105,12145,606558,276828
2011/07/29,12175,12225,12075,12095,405842,260436
2011/08/01,12200,12275,12130,12180,381398,253494
2011/08/02,12100,12180,12080,12145,329640,274110
2011/08/03,12130,12170,12040,12060,445828,280332
2011/08/04,12010,12035,11745,11795,620132,266874
2011/08/05,11500,11500,11255,11255,243590,238498
2011/08/08,11005,11170,10855,11005,794302,231052
2011/08/09,10490,10750,10490,10660,794226,236736
2011/08/10,10800,10965,10750,10845,811074,249668
2011/08/11,10690,10955,10690,10955,741456,255334
2011/08/12,11055,11190,10970,10995,811372,236806
2011/08/15,11150,11220,11050,11050,681000,259590
2011/08/16,11080,11145,10600,10760,929440,257284
2011/08/17,10780,10990,10730,10935,1249442,254926
2011/08/18,10955,11000,10770,10790,1032706,266142
2011/08/19,10500,10750,10450,10695,1554476,290992
2011/08/22,10700,10780,10550,10560,1146614,305408
2011/08/23,10650,10890,10635,10865,1191888,285834
2011/08/24,10900,10930,10810,10860,963398,300130
2011/08/25,10875,10945,10790,10860,905116,272166
2011/08/26,10880,10915,10825,10895,657272,262972
2011/08/29,10915,10950,10835,10900,451772,264706
2011/08/30,10980,11120,10950,11055,740514,260218
2011/08/31,11080,11115,11025,11065,416612,269600
2011/09/01,11075,11080,10810,10815,821460,315612
2011/09/02,10830,10870,10760,10820,610980,294134
2011/09/05,10710,10880,10710,10750,687010,300166
2011/09/06,10750,10825,10610,10770,877098,285236
2011/09/07,10820,10950,10785,10945,618942,278502
2011/09/08,11020,11040,10865,10900,540984,270146
2011/09/09,10910,10955,10830,10895,618020,280056
2011/09/13,10900,10925,10735,10845,625868,281920
2011/09/14,10890,10900,10675,10715,766452,322954
2011/09/15,10750,10790,10685,10705,608352,323182
2011/09/16,10740,10770,10640,10755,832846,287802
2011/09/19,10690,10690,10175,10180,1276154,400850
2011/09/20,10180,10240,10095,10145,943282,356782
2011/09/21,10130,10210,9875,10165,1472898,353740
2011/09/22,9900,9945,9565,9645,1246774,371410
2011/09/23,9365,9650,9265,9440,1821382,296996
2011/09/26,9460,9630,8985,9130,2269718,325142
2011/09/27,9535,9625,9365,9560,1614058,275132
2011/09/28,9550,9620,9175,9400,1837482,255120
2011/09/29,9000,9290,8955,9285,1300538,231766
2011/09/30,9355,9490,9225,9485,966926,202062
2011/10/10,9500,9580,9340,9360,735588,230944
2011/10/11,9500,9615,9310,9355,1190394,282454
2011/10/12,9330,9465,9160,9385,1519228,268118
2011/10/13,9350,9395,9210,9250,1422488,289954
2011/10/14,9200,9420,9175,9410,1208644,262980
2011/10/17,9485,9495,9380,9405,961518,260522
2011/10/18,9345,9375,9090,9155,1279182,280640
2011/10/19,9275,9300,9000,9085,1270970,288146
2011/10/20,8900,8900,8705,8705,489466,301012
2011/10/21,8610,8750,8470,8510,1647910,302892
2011/10/24,8655,9055,8510,9010,1477946,224868
2011/10/25,9110,9185,9005,9185,907232,217706
2011/10/26,9150,9500,9100,9395,1519808,219988
2011/10/27,9370,9515,9325,9450,1106186,205752
2011/10/28,9655,9870,9505,9545,1097962,200318
2011/10/31,9540,9570,9260,9325,1173884,197274
2011/11/01,9320,9625,9280,9385,1523868,192664
2011/11/02,9280,9665,9245,9660,1970044,252068
2011/11/03,9615,9665,9455,9495,1517050,214798
2011/11/04,9630,9825,9600,9780,1355430,201678
2011/11/07,9760,9775,9520,9610,1152192,201674
2011/11/08,9700,9720,9565,9640,853074,178426
2011/11/09,9715,9780,9490,9535,480010,150936
2011/11/10,9800,9825,9690,9690,126384,169176
2011/11/11,9720,9735,9450,9570,1898730,227472
2011/11/14,9795,10035,9680,10010,1537874,214690
2011/11/15,9910,9970,9855,9920,1322242,227172
2011/11/16,10005,10110,9610,9610,1790806,279302
2011/11/17,9700,9810,9520,9685,2321272,254086
2011/11/18,9250,9490,9250,9465,1953412,267124
2011/11/21,9390,9500,9340,9400,1213778,259490
2011/11/22,9360,9485,9355,9450,1049090,258110
2011/11/23,9440,9475,9240,9265,1321324,351890
2011/11/24,9270,9495,9120,9435,1718412,275666
2011/11/25,9385,9440,9295,9365,1193356,244994
2011/11/28,9500,9685,9500,9630,1272756,259186
2011/11/29,9600,9640,9505,9595,1175648,257120
2011/11/30,9650,9650,9420,9480,1239686,261862
2011/12/01,9980,9995,9730,9770,1027190,251452
2011/12/02,9740,9755,9660,9730,816942,229286
2011/12/05,9765,9785,9700,9745,730796,238950
2011/12/06,9700,9710,9580,9670,879076,245090
2011/12/07,9710,9820,9650,9805,1154084,307712
2011/12/08,9770,9800,9685,9710,1068832,295746
2011/12/09,9600,9670,9495,9500,1256916,346092
2011/12/12,9575,9575,9310,9320,1201708,405138
2011/12/13,9275,9395,9215,9365,1017060,337132
2011/12/14,9340,9385,9290,9305,865704,339626
2011/12/15,9020,9220,9020,9145,1225922,336508
2011/12/16,9195,9315,9160,9315,800420,323482
2011/12/19,9270,9295,9130,9250,934614,324462
2011/12/20,9265,9295,9190,9285,872744,311850
2011/12/21,9400,9400,9310,9350,670478,301640
2011/12/22,9330,9405,9290,9385,734038,297036
2011/12/23,9380,9500,9370,9495,611546,285448
2011/12/26,9500,9500,9325,9350,662762,308254
2011/12/27,9330,9460,9325,9375,619156,288892
2011/12/28,9405,9475,9385,9440,611562,289012
2011/12/29,9360,9475,9350,9455,582348,281116
2011/12/30,9500,9610,9475,9605,719906,267298
2012/01/04,9705,9725,9595,9620,514366,262388
2012/01/05,9630,9795,9615,9735,903976,281996
2012/01/06,9695,9740,9635,9725,721244,265880
2012/01/09,9685,9820,9680,9810,648510,300394
2012/01/10,9820,9845,9690,9785,638160,281184
2012/01/11,9790,9795,9685,9755,674648,287014
2012/01/12,9735,9830,9710,9760,689450,262208
2012/01/13,9730,9805,9720,9780,580928,253560
2012/01/16,9710,9745,9650,9665,710484,250200
2012/01/17,9700,9970,9670,9885,993026,251724
2012/01/18,9885,10060,9850,9980,962650,268788
2012/01/19,10020,10060,9905,9985,540948,236088
2012/01/20,10000,10170,9920,10135,606530,218488
2012/01/30,10085,10355,10065,10210,632874,255528
2012/01/31,10285,10310,10185,10295,620966,297072
2012/02/01,10280,10295,10210,10240,512548,285238
2012/02/02,10250,10325,10150,10240,749486,288952
2012/02/03,10210,10310,10160,10305,535448,308770
2012/02/06,10390,10455,10335,10365,577688,315414
2012/02/07,10385,10420,10240,10285,631274,310032
2012/02/08,10340,10465,10315,10450,631956,319536
2012/02/09,10405,10425,10265,10290,699108,324154
2012/02/10,10330,10340,10220,10225,601784,319456
2012/02/13,10240,10270,10180,10235,513038,299934
2012/02/14,10235,10285,10180,10190,425002,299548
2012/02/15,10220,10265,10125,10170,681638,296576
2012/02/16,10160,10160,9935,9985,770378,272280
2012/02/17,10080,10105,10005,10085,495240,277318
2012/02/20,10200,10235,10125,10140,474496,280544
2012/02/21,10130,10280,10120,10275,579840,289516
2012/02/22,10310,10330,10235,10265,394674,272084
2012/02/23,10250,10265,10180,10240,431912,256334
2012/02/24,10280,10310,10220,10275,450354,258364
2012/02/27,10350,10425,10305,10380,541166,293904
2012/02/28,10360,10395,10325,10395,390310,266910
2012/02/29,10360,10395,10325,10385,326608,262376
2012/03/01,10310,10505,10295,10370,743854,262346
2012/03/02,10435,10545,10425,10525,633646,280720
2012/03/05,10520,10535,10440,10465,425638,262778
2012/03/06,10475,10580,10465,10500,736860,276348
2012/03/07,10380,10450,10320,10330,581684,272608
2012/03/08,10375,10395,10310,10325,437850,262718
2012/03/09,10370,10535,10355,10530,521228,256206
2012/03/12,10540,10580,10500,10575,403382,247694
2012/03/13,10600,10720,10555,10700,390724,253300
2012/03/14,10740,10745,10595,10635,333336,205868
2012/03/15,10675,10715,10580,10665,212352,184532
2012/03/16,11055,11105,10830,10870,966282,254014
2012/03/19,10900,10955,10785,10840,653220,253858
2012/03/20,10870,10890,10740,10805,736968,256952
2012/03/21,10750,10845,10745,10840,603676,281086
2012/03/22,10855,10910,10770,10790,925472,307730
2012/03/23,10800,10820,10685,10765,717318,289090
2012/03/26,10830,10890,10790,10845,634832,323134
2012/03/27,10900,10970,10885,10935,561312,311886
2012/03/28,10900,10915,10805,10810,476998,301948
2012/03/29,10755,10790,10610,10660,682030,310948
2012/03/30,10660,10695,10600,10615,530878,291702
2012/04/05,10570,10685,10485,10670,645872,297280
2012/04/06,10705,10780,10660,10775,721292,283166
2012/04/09,10720,10740,10580,10585,732724,282590
2012/04/10,10615,10640,10515,10575,808434,284214
2012/04/11,10450,10510,10410,10485,645878,296386
2012/04/12,10520,10565,10490,10555,449092,292810
2012/04/13,10605,10615,10490,10495,496944,269572
2012/04/16,10400,10505,10390,10490,426742,264884
2012/04/17,10500,10530,10445,10445,369784,266364
2012/04/18,10510,10590,10460,10565,552722,246578
2012/04/19,10500,10540,10500,10535,354960,254584
2012/04/20,10530,10650,10505,10615,593712,242354
2012/04/23,10630,10630,10550,10555,427762,246210
2012/04/24,10560,10570,10430,10455,726028,246372
2012/04/25,10460,10475,10380,10390,463048,266512
2012/04/26,10415,10485,10375,10475,341610,227318
2012/04/27,10505,10505,10380,10390,375046,230324
2012/05/02,10430,10495,10420,10455,349600,230460
2012/05/03,10440,10440,10305,10320,549426,272388
2012/05/04,10250,10315,10250,10310,327656,253850
2012/05/07,10150,10190,9955,10055,712436,280084
2012/05/08,10055,10095,10010,10015,445818,280064
2012/05/09,9965,10040,9945,10010,591050,282038
2012/05/10,10050,10065,9980,10040,453458,275676
2012/05/11,10010,10035,9850,9890,561834,282032
2012/05/14,9975,9975,9765,9860,669178,289786
2012/05/15,9780,9800,9670,9790,586698,260312
2012/05/16,9725,9765,9640,9650,448998,266850
2012/05/17,9700,9815,9685,9780,386430,256268
2012/05/18,9740,9750,9640,9680,524428,250938
2012/05/21,9750,9845,9740,9830,343396,254506
2012/05/22,9850,9895,9815,9850,387870,246094
2012/05/23,9700,9740,9645,9715,455594,264032
2012/05/24,9700,9760,9635,9740,457242,259178
2012/05/25,9750,9795,9690,9785,374068,256866
2012/05/28,9810,9890,9780,9875,408720,251676
2012/05/29,9835,9965,9825,9950,377036,240936
2012/05/30,9900,9935,9850,9890,522242,246094
2012/05/31,9750,9765,9685,9720,483430,254446
2012/06/01,9680,9735,9665,9690,392780,245706
2012/06/04,9450,9490,9310,9310,354178,294062
2012/06/05,9315,9435,9310,9355,597734,254906
2012/06/06,9365,9440,9125,9180,887150,296324
2012/06/07,9275,9330,9110,9190,1185120,313904
2012/06/08,9160,9200,9065,9135,902102,274050
2012/06/11,9295,9500,9280,9360,798774,225830
2012/06/12,9155,9240,9130,9225,609306,257920
2012/06/13,9230,9345,9215,9325,634476,259492
2012/06/14,9300,9400,9230,9280,715194,263776
2012/06/15,9320,9405,9260,9400,894248,239946
2012/06/18,9450,9520,9400,9435,566182,253662
2012/06/19,9420,9510,9400,9445,460624,229404
2012/06/20,9500,9575,9435,9555,524308,240002
2012/06/21,9400,9435,9355,9405,521310,235308
2012/06/25,9350,9530,9300,9445,612050,269202
2012/06/26,9460,9520,9385,9405,493868,241708
2012/06/27,9420,9485,9415,9455,389822,252548
2012/06/28,9540,9625,9520,9615,508918,264636
2012/06/29,9580,9735,9550,9710,602654,222010
2012/07/02,9900,9945,9810,9830,515444,241418
2012/07/03,9835,9995,9790,9995,578906,253450
2012/07/04,10020,10130,9985,10000,602770,234310
2012/07/05,10005,10085,9940,10085,577740,251118
2012/07/06,10060,10160,10030,10135,575904,256448
2012/07/09,10050,10205,10045,10100,514792,238536
2012/07/10,10100,10150,9965,9975,646674,238964
2012/07/11,9970,9995,9900,9950,402296,211176
2012/07/12,9960,10025,9945,9965,335526,211364
2012/07/13,9990,10095,9930,10075,400952,170546
2012/07/16,10080,10245,10050,10180,199958,136484
2012/07/17,10300,10300,10050,10085,763704,218536
2012/07/18,10095,10140,10005,10050,682966,226212
2012/07/19,10120,10235,10090,10215,544314,224696
2012/07/20,10255,10275,10070,10100,495384,211296
2012/07/23,10030,10050,9750,9750,602246,185902
2012/07/24,9600,9785,9585,9715,497584,182882
2012/07/25,9660,9775,9505,9505,651972,219872
2012/07/26,9555,9645,9505,9580,693876,204672
2012/07/27,9640,9750,9585,9745,594142,182246
2012/07/30,9770,9820,9615,9675,786876,216788
2012/07/31,9680,9750,9635,9735,720162,194712
2012/08/01,9670,9830,9640,9690,770486,190512
2012/08/02,9680,9770,9640,9690,639690,187674
2012/08/03,9620,9750,9610,9745,518752,217612
2012/08/06,9870,9890,9805,9865,556038,219104
2012/08/07,9875,9970,9860,9955,529848,204762
2012/08/08,9980,9990,9875,9890,521824,209022
2012/08/09,9935,10060,9925,10045,576342,225244
2012/08/10,10025,10075,9940,9970,588654,210632
2012/08/13,10000,10035,9880,9925,655584,210898
2012/08/14,9935,10075,9840,10010,1201466,263990
2012/08/15,10000,10040,9920,9970,811248,221674
2012/08/16,10035,10100,9990,10015,744296,251458
2012/08/17,10085,10155,10055,10125,660578,278078
2012/08/20,10155,10155,10035,10055,511012,278882
2012/08/21,10080,10115,10020,10090,624868,256318
2012/08/22,10095,10120,9920,9950,633742,288146
2012/08/23,9980,10080,9955,10040,692292,226298
2012/08/24,9985,9990,9890,9915,661176,237666
2012/08/27,9985,10065,9965,10005,538158,213606
2012/08/28,9950,9965,9825,9910,742760,250088
2012/08/29,9915,9970,9855,9935,575860,225706
2012/08/30,9910,10050,9870,10025,584128,226008
2012/08/31,10000,10130,9980,10090,611976,229640
2012/09/03,10100,10220,10090,10200,425268,231070
2012/09/04,10230,10330,10160,10195,658884,241354
2012/09/05,10170,10190,10110,10170,377944,229922
2012/09/06,10210,10270,10180,10235,443528,217094
2012/09/07,10180,10275,10180,10220,465276,204122
2012/09/10,10290,10370,10255,10365,398622,241958
2012/09/11,10345,10390,10305,10380,301836,231672
2012/09/12,10400,10445,10365,10430,265330,232538
2012/09/13,10430,10440,10345,10365,232184,212120
2012/09/14,10530,10800,10530,10800,513432,271746
2012/09/17,10810,11120,10790,10980,986082,296838
2012/09/18,10830,10980,10805,10860,520158,269152
2012/09/19,10890,10910,10790,10890,439044,277012
2012/09/20,10760,10795,10665,10680,492774,264014
2012/09/21,10770,10880,10720,10760,595522,285218
2012/09/24,10700,10750,10635,10645,418876,260810
2012/09/25,10680,10710,10565,10635,389276,242086
2012/09/26,10590,10675,10570,10620,309004,228328
2012/09/27,10605,10680,10520,10640,332836,192052
2012/09/28,10700,10715,10625,10625,176574,165264
2012/10/08,10565,10590,10345,10345,326746,175846
2012/10/09,10390,10520,10365,10435,573504,206376
2012/10/10,10460,10490,10405,10425,357220,198730
2012/10/11,10350,10420,10305,10365,394102,205580
2012/10/12,10420,10550,10350,10380,643100,198992
2012/10/15,10250,10320,10165,10190,474772,210906
2012/10/16,10230,10260,10140,10210,426028,189662
2012/10/17,10240,10280,10160,10210,375328,194546
2012/10/18,10230,10320,10220,10300,322290,192338
2012/10/19,10300,10315,10215,10220,311342,205714
2012/10/22,10150,10240,10110,10215,271582,210728
2012/10/23,10205,10310,10185,10225,524940,216400
2012/10/24,10190,10390,10155,10385,595618,250036
2012/10/25,10370,10380,10295,10335,356738,222396
2012/10/26,10330,10375,10245,10270,396036,205664
2012/10/29,10280,10295,9905,9955,872456,245640
2012/10/30,9975,10080,9945,10055,433834,189714
2012/10/31,10060,10135,10035,10110,313462,174832
2012/11/01,10090,10200,10070,10190,200968,146382
2012/11/02,9850,10020,9850,9985,609484,186536
2012/11/05,9920,10020,9890,9960,557412,197488
2012/11/06,10000,10085,9910,10015,774144,199474
2012/11/07,10095,10115,9985,10055,515054,164922
2012/11/08,9920,10055,9920,10025,474970,187916
2012/11/09,10060,10065,9950,9985,550796,195548
2012/11/12,9980,10025,9845,9870,625368,216578
2012/11/13,9855,9900,9775,9865,579118,229444
2012/11/14,9880,9925,9815,9905,445936,198638
2012/11/15,9900,9940,9855,9860,399440,204114
2012/11/16,9830,9855,9745,9750,545912,255508
2012/11/19,9820,9845,9750,9830,409262,238364
2012/11/20,9880,9880,9815,9825,326374,225698
2012/11/21,9800,9810,9695,9795,683914,251164
2012/11/22,9815,9855,9795,9825,272374,222140
2012/11/23,9805,9880,9785,9880,322694,216644
2012/11/26,9875,9990,9855,9960,470424,247618
2012/11/27,9970,9990,9915,9940,353794,246518
2012/11/28,9930,9960,9885,9890,321834,234692
2012/11/29,9910,9980,9875,9935,527174,239252
2012/11/30,9975,10045,9935,10040,529980,234604
2012/12/03,10130,10405,10100,10350,831892,263726
2012/12/04,10340,10380,10240,10310,610534,258666
2012/12/05,10300,10385,10270,10325,426062,255204
2012/12/06,10300,10485,10280,10355,749958,233450
2012/12/07,10300,10375,10235,10370,708432,237794
2012/12/10,10390,10610,10370,10575,896876,298584
2012/12/11,10550,10575,10505,10535,386804,259468
2012/12/12,10560,10600,10425,10490,518752,249438
2012/12/13,10500,10520,10370,10400,588560,254168
2012/12/14,10380,10530,10370,10520,391252,233768
2012/12/17,10530,10705,10465,10655,702404,288198
2012/12/18,10650,10700,10560,10600,526390,281640
2012/12/19,10620,10660,10570,10655,447668,293862
2012/12/20,10630,10690,10505,10585,499242,278358
2012/12/21,10555,10640,10490,10505,482040,281950
2012/12/24,10500,10585,10455,10555,323470,271938
2012/12/25,10575,10700,10530,10645,435772,279762
2012/12/26,10655,10720,10600,10630,430016,285700
2012/12/27,10660,10775,10625,10675,720500,281030
2012/12/28,10685,10740,10655,10730,325278,270776
2012/12/31,10740,10885,10710,10850,330772,259596
2013/01/04,10900,10950,10830,10880,232104,265934
2013/01/07,10895,11180,10880,10930,597098,275556
2013/01/08,10965,10985,10750,10755,532374,262246
2013/01/09,10770,10795,10660,10715,448678,242294
2013/01/10,10760,10775,10690,10735,263232,226166
2013/01/11,10790,10790,10570,10570,474256,212364
2013/01/14,10620,10725,10555,10650,455536,210338
2013/01/15,10650,10770,10590,10645,889802,217000
2013/01/16,10630,10735,10580,10635,746406,220850
2013/01/17,10670,10685,10620,10650,281162,208866
2013/01/18,10715,10785,10680,10780,456838,210174
2013/01/21,10755,10775,10700,10710,200854,199132
2013/01/22,10725,10765,10705,10755,253650,200704
2013/01/23,10780,10800,10740,10770,196750,207252
2013/01/24,10745,10750,10635,10700,368240,208878
2013/01/25,10705,10780,10705,10740,185574,193400
2013/01/28,10750,10890,10735,10885,338786,212468
2013/01/29,10880,10995,10875,10990,298434,227198
2013/01/30,11035,11045,10960,11020,253078,218326
2013/01/31,11050,11095,11005,11065,237872,214000
2013/02/01,11070,11145,11035,11140,305562,231966
2013/02/04,11195,11540,11150,11360,702822,252290
2013/02/05,11300,11415,11290,11355,449686,215174
2013/02/06,11360,11465,11295,11335,331212,151070
2013/02/07,11360,11400,11270,11365,86590,122728
2013/02/08,11555,11650,11520,11585,243256,163420
2013/02/18,11550,11560,11310,11315,299910,174716
2013/02/19,11295,11330,11210,11235,372058,201838
2013/02/20,11280,11360,11225,11290,552496,221618
2013/02/21,11165,11235,10870,11015,957500,239780
2013/02/22,10995,11080,10975,11020,460240,229726
2013/02/25,11000,11125,10900,11025,678686,236926
2013/02/26,10905,10995,10835,10845,695596,264618
2013/02/27,10910,10930,10735,10790,717588,247752
2013/02/28,10850,10980,10820,10975,525488,232444
2013/03/01,10900,10950,10760,10930,813598,255762
2013/03/04,10880,10960,10695,10780,1193788,304044
2013/03/05,10820,10880,10780,10860,649544,264546
2013/03/06,10870,10920,10755,10785,682932,294872
2013/03/07,10780,10780,10540,10565,1006328,297700
2013/03/08,10615,10635,10465,10540,646420,274700
2013/03/11,10530,10595,10520,10550,335256,268316
2013/03/12,10570,10590,10310,10345,715134,293830
2013/03/13,10355,10420,10230,10370,644554,281898
2013/03/14,10340,10380,10230,10365,630220,284804
2013/03/15,10400,10655,10400,10565,648228,259452
2013/03/18,10500,10540,10285,10415,682194,263178
2013/03/19,10500,10670,10470,10665,960128,320888
2013/03/20,10580,10690,10570,10655,722362,321042
2013/03/21,10700,10730,10615,10630,761496,318630
2013/03/22,10600,10660,10530,10575,733358,297452
2013/03/25,10690,10690,10485,10490,657988,325140
2013/03/26,10495,10510,10360,10435,692802,328066
2013/03/27,10485,10505,10410,10435,717168,335344
2013/03/28,10455,10460,10315,10360,668874,343280
2013/03/29,10300,10500,10300,10435,785834,332404
2013/04/01,10400,10440,10180,10240,915724,395412
2013/04/02,10265,10290,10165,10290,775376,370490
2013/04/03,10290,10345,10255,10260,473650,344358
2013/04/08,10150,10240,10080,10235,565586,358390
2013/04/09,10260,10260,10160,10215,588406,375346
2013/04/10,10245,10290,10205,10245,616016,399142
2013/04/11,10245,10365,10205,10210,944374,409476
2013/04/12,10210,10220,10100,10115,883896,410994
2013/04/15,9995,10015,9805,9860,822424,423932
2013/04/16,9750,9930,9665,9860,662970,378924
2013/04/17,9875,9920,9740,9790,707154,381344
2013/04/18,9600,9685,9470,9675,1029850,413920
2013/04/19,9720,9885,9665,9860,718486,378816
2013/04/22,9900,9900,9740,9765,766684,387676
2013/04/23,9775,9835,9645,9675,877624,404898
2013/04/24,9715,9850,9680,9790,575262,363472
2013/04/25,9870,9975,9810,9945,647236,358830
2013/04/26,10020,10045,9890,9895,531512,343952
2013/05/02,9700,9840,9640,9795,413132,372664
2013/05/03,9890,10025,9870,9955,608378,376456
2013/05/06,10160,10185,10045,10090,514094,379332
2013/05/07,10055,10125,9990,10010,576946,374794
2013/05/08,10020,10155,10015,10155,415722,382098
2013/05/09,10135,10230,10130,10175,621524,386572
2013/05/10,10185,10260,10110,10250,605936,378270
2013/05/13,10235,10285,10185,10195,597724,388084
2013/05/14,10200,10225,10095,10130,601064,394174
2013/05/15,10080,10135,10010,10010,525554,385806
2013/05/16,10030,10055,9960,10035,786796,401096
2013/05/17,10065,10205,10035,10185,440278,389138
2013/05/20,10225,10225,10150,10170,370516,369340
2013/05/21,10215,10355,10195,10355,803622,402162
2013/05/22,10345,10450,10315,10430,545570,395518
2013/05/23,10375,10375,10130,10155,780906,370444
2013/05/24,10220,10335,10205,10320,656000,368488
2013/05/27,10265,10305,10195,10235,519248,371766
2013/05/28,10265,10285,10170,10270,561378,380386
2013/05/29,10290,10415,10265,10285,577986,366962
2013/05/30,10250,10275,10100,10270,590354,370232
2013/05/31,10320,10365,10270,10300,480408,347790
2013/06/03,10300,10350,10230,10335,576480,353158
2013/06/04,10370,10435,10345,10380,564056,358852
2013/06/05,10385,10560,10385,10540,803902,389624
2013/06/06,10500,10580,10435,10505,885686,379296
2013/06/07,10535,10765,10530,10760,787666,437436
2013/06/13,10700,10755,10515,10555,725226,350544
2013/06/14,10590,10715,10560,10690,703602,364276
2013/06/17,10730,10835,10690,10785,723350,414768
2013/06/18,10800,10805,10665,10680,581144,366082
2013/06/19,10710,10740,10650,10695,491328,357998
2013/06/20,10650,10650,10490,10545,611416,364640
2013/06/21,10405,10620,10350,10525,775264,341892
2013/06/24,10485,10520,10315,10330,475402,329482
2013/06/25,10390,10475,10315,10455,564140,336240
2013/06/26,10460,10500,10340,10345,480068,298292
2013/06/27,10375,10440,10355,10440,256202,284294
2013/06/28,10440,10485,10390,10405,188036,241618
2013/07/01,10375,10455,10320,10440,126840,219638
2013/07/02,10495,10595,10455,10590,118742,207942
2013/07/03,10670,10690,10610,10660,114066,187024
2013/07/04,10345,10405,10285,10345,496894,255704
2013/07/05,10355,10360,10275,10290,390850,260312
2013/07/08,10350,10380,10230,10250,588902,288094
2013/07/09,10275,10375,10220,10320,573662,299828
2013/07/10,10340,10445,10330,10425,771058,332524
2013/07/11,10500,10740,10475,10595,926566,359312
2013/07/12,10555,10590,10510,10535,413044,349728
2013/07/15,10555,10670,10530,10555,541348,348236
2013/07/16,10585,10625,10425,10505,866222,344262
2013/07/17,10515,10620,10460,10475,714348,352416
2013/07/18,10500,10615,10470,10610,596708,367424
2013/07/19,10675,10725,10640,10660,542954,376110
2013/07/22,10695,10750,10650,10690,459346,372342
2013/07/23,10655,10725,10640,10715,391142,379532
2013/07/24,10740,10840,10725,10830,803824,383626
2013/07/25,10750,10805,10740,10760,424404,357054
2013/07/26,10790,10810,10675,10720,522736,332180
2013/07/29,10685,10720,10605,10645,521598,318152
2013/07/30,10655,10695,10635,10655,346666,322866
2013/07/31,10610,10775,10560,10765,737138,334570
2013/08/01,10800,10910,10770,10855,691552,338366
2013/08/02,10925,10945,10820,10850,487792,343940
2013/08/05,10830,10930,10815,10910,420680,349856
2013/08/06,10880,10985,10870,10955,565412,358722
2013/08/07,10915,10960,10830,10865,499716,343988
2013/08/08,10850,10920,10790,10805,696802,318322
2013/08/09,10810,10860,10725,10750,632474,310216
2013/08/12,10800,10820,10670,10735,633956,328736
2013/08/13,10740,10895,10720,10890,880416,413904
2013/08/14,10880,10915,10575,10630,844292,332354
2013/08/15,10680,10710,10625,10655,750522,336290
2013/08/16,10665,10730,10600,10655,611368,344640
2013/08/19,10675,10715,10570,10570,556360,363804
2013/08/20,10550,10650,10535,10595,516204,381752
2013/08/21,10580,10680,10575,10635,490668,389732
2013/08/22,10595,10650,10550,10650,549566,380264
2013/08/23,10670,10680,10570,10615,363500,342232
2013/08/26,10700,10830,10675,10790,559810,331886
2013/08/27,10790,10960,10755,10945,796554,377464
2013/08/28,11050,11300,10995,11030,1579084,381758
2013/08/29,11020,11090,10885,10975,928584,347676
2013/08/30,10900,10920,10780,10840,657834,331114
2013/09/02,10800,10900,10785,10820,487308,317140
2013/09/03,10845,10915,10800,10860,595222,337638
2013/09/04,10890,10890,10800,10835,377294,336574
2013/09/05,10805,10990,10800,10970,949154,443800
2013/09/06,10960,11050,10925,10975,767260,400788
2013/09/09,11100,11100,11010,11070,408114,402144
2013/09/10,11010,11115,10925,10965,761502,358512
2013/09/11,10925,10985,10855,10930,513976,352042
2013/09/12,10930,11005,10900,10930,439860,369278
2013/09/13,10960,11055,10905,10920,898558,382578
2013/09/16,10940,10940,10760,10765,529664,387350
2013/09/17,10740,10795,10705,10730,413506,389600
2013/09/18,10695,10780,10690,10740,287778,369436
2013/09/23,10700,10775,10625,10775,472322,391792
2013/09/24,10750,10835,10725,10760,492952,384622
2013/09/25,10770,10815,10730,10760,380758,396306
2013/09/26,10740,10875,10650,10875,532910,393144
2013/09/27,10865,10990,10840,10980,511068,364848
2013/09/30,10905,10990,10900,10960,405502,250214
2013/10/08,10950,11175,10950,11140,384476,286540
2013/10/09,11140,11215,11115,11150,509042,317344
2013/10/10,11120,11225,11115,11210,519466,355024
2013/10/11,11250,11335,11230,11325,747420,408536
2013/10/14,11320,11495,11320,11485,591740,442010
2013/10/15,11510,11535,11310,11330,557900,393656
2013/10/16,11320,11410,11275,11335,740766,419352
2013/10/17,11415,11420,11260,11325,564344,402944
2013/10/18,11325,11405,11285,11395,495578,404116
2013/10/21,11390,11490,11275,11340,605100,356906
2013/10/22,11330,11330,11195,11230,614522,348516
2013/10/23,11240,11280,11190,11250,420194,323324
2013/10/24,11230,11320,11155,11310,475518,340226
2013/10/25,11320,11325,11165,11180,548746,285018
2013/10/28,11240,11295,11180,11290,402184,303206
2013/10/29,11310,11470,11280,11470,620152,358172
2013/10/30,11460,11515,11415,11500,552238,357042
2013/10/31,11470,11530,11360,11385,720452,334912
2013/11/01,11380,11490,11355,11480,413024,323422
2013/11/04,11450,11450,11330,11395,572708,321642
2013/11/05,11400,11430,11355,11410,370966,330740
2013/11/06,11380,11395,11280,11290,459844,295720
2013/11/07,11300,11330,11240,11280,427308,249482
2013/11/08,11260,11305,11220,11230,351086,230064
2013/11/11,11240,11290,11215,11280,285622,240048
2013/11/12,11290,11415,11255,11390,255296,234870
2013/11/13,11340,11430,11340,11425,197908,234886
2013/11/14,11425,11495,11405,11410,169180,209708
2013/11/15,10915,10955,10865,10875,342810,263430
2013/11/18,10875,10950,10870,10900,346962,269254
2013/11/19,10875,10900,10785,10820,414410,259262
2013/11/20,10830,10905,10795,10890,445518,241754
2013/11/21,10875,10925,10865,10900,337054,230754
2013/11/22,10945,11010,10885,10890,613348,255712
2013/11/25,10890,10985,10875,10975,390960,289740
2013/11/26,11000,11130,10975,11100,872050,349734
2013/11/27,11080,11160,11065,11155,495752,381798
2013/11/28,11130,11175,11115,11155,464334,379174
2013/11/29,11165,11185,11105,11175,360228,382172
2013/12/02,11190,11245,11155,11240,451026,407122
2013/12/03,11250,11260,11170,11225,430944,389688
2013/12/04,11260,11315,11225,11300,478456,416056
2013/12/05,11305,11310,11265,11275,227156,395800
2013/12/06,11280,11295,11210,11295,321512,384988
2013/12/09,11295,11365,11285,11360,344272,417014
2013/12/10,11355,11355,11250,11280,301150,384508
2013/12/11,11300,11300,11175,11190,267980,366496
2013/12/12,11180,11225,11145,11190,247224,357686
2013/12/13,11170,11225,11130,11205,374484,358720
2013/12/16,11210,11215,11105,11135,355726,348828
2013/12/17,11150,11235,11130,11175,430402,345008
2013/12/18,11185,11190,11050,11070,406064,324762
2013/12/19,11065,11095,11005,11005,317116,314220
2013/12/20,11030,11085,10985,11070,308446,305282
2013/12/23,11090,11105,11005,11010,305732,292798
2013/12/24,11010,11015,10895,10960,413502,328824
2013/12/25,10980,11105,10970,11100,420920,299580
2013/12/26,11100,11185,11090,11180,354640,309226
2013/12/27,11180,11200,11120,11200,296994,281992
2013/12/30,11205,11235,11150,11205,285606,278208
2013/12/31,11190,11210,11100,11100,303708,276784
2014/01/02,11080,11095,11015,11095,312716,296964
2014/01/03,11020,11085,10980,11070,509252,333672
2014/01/06,11050,11085,11000,11050,463416,358794
2014/01/07,11060,11060,10915,10945,571064,403602
2014/01/08,10960,10990,10880,10960,435354,399356
2014/01/09,10930,11375,10905,11130,831628,337344
2014/01/10,11100,11125,10945,10965,531594,332872
2014/01/13,10975,10995,10855,10860,487656,377012
2014/01/14,10845,10990,10835,10990,537716,374934
2014/01/15,10990,11045,10945,11030,372360,368424
2014/01/16,11060,11095,11020,11050,318174,352136
2014/01/17,11040,11080,10950,11060,348636,356800
2014/01/20,11055,11150,11045,11110,320456,369478
2014/01/21,11100,11115,10935,10950,403126,347576
2014/01/22,10955,10980,10880,10940,392330,348808
2014/01/23,10955,10995,10925,10995,263216,361424
2014/01/24,10980,11025,10950,10955,260530,342938
2014/01/27,10935,10975,10900,10975,199304,331520
2014/01/28,10955,11010,10945,10990,241266,322062
2014/01/29,10990,11045,10970,11045,163776,281570
2014/01/30,11035,11070,10935,10955,159936,262078
2014/02/07,10965,11005,10920,10935,161170,276310
2014/02/10,10955,10965,10790,10835,524776,345440
2014/02/11,10835,10860,10730,10745,368066,380320
2014/02/12,10765,10805,10730,10765,286766,393958
2014/02/13,10735,10775,10690,10705,305826,415432
2014/02/14,10700,10700,10630,10635,267720,409046
2014/02/17,10605,10775,10590,10655,398838,399456
2014/02/18,10650,10665,10495,10510,390628,443618
2014/02/19,10570,10615,10505,10600,350980,440976
2014/02/20,10625,10710,10615,10710,447684,424564
2014/02/21,10725,10785,10680,10745,401278,424208
2014/02/24,10745,10780,10635,10775,469260,411886
2014/02/25,10795,10880,10765,10825,363000,385518
2014/02/26,10800,10845,10745,10785,310758,380060
2014/02/27,10785,10825,10720,10825,276716,372322
2014/02/28,10835,10840,10745,10765,253700,346354
2014/03/03,10820,10835,10665,10670,322598,315010
2014/03/04,10680,10715,10635,10705,207590,306576
2014/03/05,10710,10745,10610,10620,313710,310676
2014/03/06,10600,10600,10500,10525,272164,261734
2014/03/07,10290,10335,10225,10300,268686,295994
2014/03/10,10155,10240,9995,10145,647936,387488
2014/03/11,10130,10345,10075,10235,542938,361396
2014/03/12,10130,10285,10100,10270,518080,396044
2014/03/13,10260,10310,10225,10270,332670,375586
2014/03/14,10250,10320,10170,10295,727380,394786
2014/03/17,10310,10345,10245,10325,391802,418680
2014/03/18,10305,10490,10290,10485,516632,405226
2014/03/19,10490,10500,10305,10305,440130,368440
2014/03/20,10340,10360,10280,10350,376734,394698
2014/03/21,10350,10400,10290,10380,443280,384264
2014/03/24,10370,10580,10355,10525,419558,400518
2014/03/25,10520,10660,10485,10620,550302,357462
2014/03/26,10620,10720,10575,10715,465936,380630
2014/03/27,10710,10710,10615,10665,414506,333620
2014/03/28,10670,10770,10625,10755,377964,361354
2014/03/31,10750,10765,10695,10710,294864,325772
2014/04/01,10700,10850,10655,10845,437958,372944
2014/04/02,10835,10865,10790,10815,366370,396814
2014/04/03,10800,10910,10765,10895,459938,431688
2014/04/04,10905,10980,10890,10970,308782,454060
2014/04/08,10955,10970,10840,10885,291416,427388
2014/04/09,10900,10930,10810,10895,351664,437798
2014/04/10,10900,10940,10785,10790,353866,423092
2014/04/11,10780,10820,10745,10795,246532,415238
2014/04/14,10805,10935,10770,10875,396980,404794
2014/04/15,10870,10970,10835,10920,336782,418656
2014/04/16,10900,10935,10870,10895,242466,414378
2014/04/17,10900,11015,10875,10975,419694,411396
2014/04/18,10980,11040,10925,11025,424730,398166
2014/04/21,11020,11055,10955,11025,386194,413262
2014/04/22,11015,11180,10985,11155,542426,441002
2014/04/23,11140,11165,11065,11135,366046,428832
2014/04/24,11120,11155,11065,11125,362302,422296
2014/04/25,11125,11145,10935,10940,489428,406700
2014/04/28,10925,10940,10865,10895,282570,393484
2014/04/29,10890,10955,10840,10925,359294,413036
2014/04/30,10920,10950,10870,10915,314582,402554
2014/05/05,10915,11085,10885,11075,452940,444228
2014/05/06,11070,11150,11040,11145,416608,441456
2014/05/07,11145,11320,11130,11300,562844,469510
2014/05/08,11300,11340,11210,11250,390540,434270
2014/05/09,11260,11280,11190,11230,325654,449318
2014/05/12,11205,11275,11110,11140,425242,423224
2014/05/13,11140,11215,11120,11180,279196,436962
2014/05/14,11210,11240,11130,11180,266768,438694
2014/05/15,11180,11205,11090,11100,324448,442570
2014/05/16,11090,11090,10975,11030,377104,466210
2014/05/19,11030,11055,10960,10985,311374,444504
2014/05/20,10980,11055,10965,11055,241392,461412
2014/05/21,11050,11305,11045,11225,682278,480574
2014/05/22,11245,11350,11220,11340,454722,485280
2014/05/23,11350,11410,11280,11390,464082,475020
2014/05/26,11385,11385,11275,11315,358712,495420
2014/05/27,11300,11325,11130,11130,516746,501752
2014/05/28,11100,11185,11070,11180,243334,495958
2014/05/29,11155,11325,11135,11290,491366,528748
2014/05/30,11305,11315,11205,11285,310664,512104
2014/06/03,11290,11420,11255,11405,345894,519356
2014/06/04,11395,11490,11370,11420,404730,509744
2014/06/05,11430,11515,11380,11490,411420,521756
2014/06/06,11500,11555,11460,11475,332418,511704
2014/06/09,11475,11590,11425,11580,285570,517842
2014/06/10,11630,11735,11575,11725,560032,518524
2014/06/11,11730,11795,11705,11775,406448,521228
2014/06/12,11765,11875,11720,11835,367644,530470
2014/06/13,11880,11995,11865,11955,423240,517872
2014/06/16,11935,12055,11855,12010,452888,521478
2014/06/17,11990,12020,11790,11820,480866,519862
2014/06/18,11830,11960,11760,11785,718088,492906
2014/06/19,11790,11830,11735,11765,389244,489114
2014/06/20,11770,11925,11755,11920,430022,504814
2014/06/23,11920,11925,11665,11685,515644,499524
2014/06/24,11635,11745,11635,11740,331150,494592
2014/06/25,11760,11800,11665,11755,442832,519476
2014/06/26,11775,11780,11680,11695,302458,493758
2014/06/27,11695,11845,11680,11825,393250,503880
2014/06/30,11820,11950,11790,11915,361678,506732
2014/07/01,11915,11975,11850,11950,270288,490532
2014/07/02,11930,11970,11725,11925,478540,474074
2014/07/03,11905,12060,11880,11945,557104,476266
2014/07/04,11955,12050,11890,12050,387522,478874
2014/07/07,12045,12205,12025,12160,517862,487476
2014/07/08,12150,12195,12065,12150,340892,477324
2014/07/09,12145,12150,11880,11930,606694,465096
2014/07/10,11900,11920,11810,11845,348302,459762
2014/07/11,11870,11920,11805,11875,335446,466318
2014/07/14,11790,11885,11755,11850,280790,466906
2014/07/15,11855,11885,11770,11820,254698,455766
2014/07/16,11810,11890,11730,11885,395752,420714
2014/07/17,11880,11930,11745,11745,472484,434114
2014/07/18,11760,11770,11420,11540,656302,366674
2014/07/21,11510,11570,11450,11535,204578,349392
2014/07/22,11560,11630,11505,11540,193298,339246
2014/07/23,11630,11670,11525,11640,180884,332454
2014/07/24,11270,11320,11185,11195,428644,426290
2014/07/25,11200,11270,11125,11260,440080,421504
2014/07/28,11260,11400,11250,11370,392278,431220
2014/07/29,11370,11415,11315,11390,396216,445396
2014/07/30,11370,11435,11320,11345,384748,463464
2014/07/31,11320,11340,11260,11320,336728,472338
2014/08/01,11280,11335,11240,11280,355322,484714
2014/08/04,11280,11300,11210,11245,324288,478978
2014/08/05,11250,11340,10955,11000,922078,480026
2014/08/06,11000,11065,10970,11055,414258,377698
2014/08/07,11040,11055,10940,10970,472638,304784
2014/08/08,10990,10995,10860,10945,449098,267408
2014/08/11,10970,11100,10930,10945,262250,256204
2014/08/12,10940,10945,10810,10810,342690,289968
2014/08/13,10800,10835,10750,10805,329330,301808
2014/08/14,10780,10860,10760,10845,357878,302534
2014/08/15,10805,10935,10785,10930,455126,300164
2014/08/18,10930,10975,10875,10910,363708,291724
2014/08/19,10875,10970,10875,10950,214124,285880
2014/08/20,10930,10940,10795,10850,497644,321270
2014/08/21,10890,10995,10870,10990,339400,278868
2014/08/22,10980,11010,10920,10950,330846,276204
2014/08/25,10950,10950,10835,10905,342098,291694
2014/08/26,10905,10935,10805,10860,323934,299042
2014/08/27,10860,10880,10800,10820,307032,300270
2014/08/28,10800,10835,10760,10795,321230,315802
2014/08/29,10795,10820,10705,10730,470780,348914
2014/09/01,10745,10775,10720,10760,225550,355790
2014/09/02,10755,10925,10745,10900,452614,333728
2014/09/03,10850,10910,10825,10840,329702,345062
2014/09/04,10880,10960,10870,10925,384764,361450
2014/09/05,10905,10925,10765,10820,441976,381086
2014/09/09,10805,10810,10580,10655,597996,473422
2014/09/10,10655,10715,10580,10580,359384,480822
2014/09/11,10580,10625,10515,10600,421264,477652
2014/09/12,10620,10635,10410,10510,453888,486812
2014/09/15,10480,10615,10450,10595,418768,475448
2014/09/16,10605,10655,10520,10565,396986,481140
2014/09/17,10620,10640,10470,10495,444966,522616
2014/09/18,10475,10480,10330,10365,473462,528636
2014/09/19,10320,10415,10310,10325,400412,519914
2014/09/22,10300,10305,10025,10125,604952,511506
2014/09/23,10100,10190,9835,9950,991916,523576
2014/09/24,9955,10095,9900,10060,594370,493330
2014/09/25,10080,10380,9985,10120,779882,518488
2014/09/26,10095,10200,10045,10160,508616,515380
2014/09/29,10195,10365,10155,10355,471378,496902
2014/09/30,10355,10450,10315,10390,424468,459216
2014/10/08,10215,10265,9950,10005,724452,454634
2014/10/09,10020,10070,9930,9975,643372,504526
2014/10/10,9835,9840,9600,9600,873328,594562
2014/10/13,9580,9775,9560,9615,609806,540508
2014/10/14,9655,9770,9615,9745,565104,492984
2014/10/15,9560,9815,9460,9795,955962,435478
2014/10/16,9730,9785,9570,9720,902146,427232
2014/10/17,9825,9850,9610,9640,731768,446764
2014/10/20,9650,9760,9590,9610,539024,442894
2014/10/21,9590,9675,9490,9665,918996,431146
2014/10/22,9710,9775,9670,9730,500554,410520
2014/10/23,9650,9815,9635,9810,527912,394152
2014/10/24,9870,9975,9840,9930,644338,352720
2014/10/27,9920,9990,9850,9850,557614,362968
2014/10/28,9910,10110,9880,10055,789756,347514
2014/10/29,10085,10160,10045,10160,631346,334106
2014/10/30,10160,10235,10120,10225,574882,351688
2014/10/31,10180,10280,10110,10230,839340,334054
2014/11/03,10210,10260,10140,10160,631838,335362
2014/11/04,10090,10170,10040,10095,816046,348674
2014/11/05,10090,10115,9910,9920,717242,334604
2014/11/06,9975,10095,9965,10085,555062,314926
2014/11/07,10085,10160,10040,10135,525544,305526
2014/11/10,10160,10315,10160,10285,555148,309294
2014/11/11,10225,10245,10025,10045,713318,335148
2014/11/12,10050,10160,10035,10140,551356,343032
2014/11/13,10120,10170,10030,10135,660960,359632
2014/11/14,9975,10085,9935,10005,616170,353326
2014/11/17,10050,10095,9880,9905,551380,345524
2014/11/18,9910,9925,9815,9860,458184,347886
2014/11/19,9820,9990,9795,9880,716324,303952
2014/11/20,9850,9905,9805,9830,479200,288200
2014/11/21,9900,9905,9840,9875,358686,292182
2014/11/24,9965,9970,9775,9850,551790,301022
2014/11/25,9840,9930,9810,9900,280816,295204
2014/11/26,9860,9930,9850,9910,183022,296254
2014/11/27,9900,9950,9865,9920,153018,284350
2014/11/28,9730,9810,9545,9610,350330,262102
2014/12/01,8470,8520,8445,8445,412964,351098
2014/12/02,8670,8735,8545,8550,628898,349398
2014/12/03,8530,8585,8445,8510,551404,375388
2014/12/04,8510,8615,8490,8540,558628,369914
2014/12/05,8520,8520,8335,8505,732956,369792
2014/12/08,8470,8520,8290,8305,743438,388490
2014/12/09,8200,8230,8065,8075,649850,390204
2014/12/10,8105,8195,8010,8145,765140,398614
2014/12/11,8050,8155,8020,8145,606802,418254
2014/12/12,8050,8250,8045,8240,756212,408520
2014/12/15,8165,8490,8105,8425,1296736,434700
2014/12/16,8335,8395,8220,8300,946150,442740
2014/12/17,8320,8410,8180,8335,1588922,497300
2014/12/18,8400,8540,8380,8465,1362216,519932
2014/12/19,8435,8480,8385,8425,733992,489502
2014/12/22,8530,8670,8450,8460,1251354,524536
2014/12/23,8405,8475,8315,8320,828610,487314
2014/12/24,8365,8430,8245,8405,1008342,466704
2014/12/25,8390,8470,8290,8305,811326,479906
2014/12/26,8305,8355,8190,8195,970836,502178
2014/12/29,8185,8300,8180,8260,660262,477086
2014/12/30,8240,8530,8220,8325,1298712,444288
2014/12/31,8360,8600,8345,8585,868452,403184
2015/01/05,8540,8540,8265,8330,779082,402742
2015/01/06,8300,8500,8225,8445,1168312,506026
2015/01/07,8380,8475,8285,8380,1345648,543988
2015/01/08,8445,8460,8285,8290,938734,521644
2015/01/09,8300,8315,8055,8095,1701760,558858
2015/01/12,8055,8095,7945,8030,1125148,550808
2015/01/13,7950,8055,7920,8005,1059444,548806
2015/01/14,8025,8150,8025,8125,1379548,591678
2015/01/15,8230,8365,8170,8360,1444956,601982
2015/01/16,8300,8385,8250,8340,1044956,576324
2015/01/19,8400,8510,8350,8490,992862,585118
2015/01/20,8455,8465,8305,8345,805830,585556
2015/01/21,8330,8490,8300,8450,945896,595038
2015/01/22,8500,8545,8365,8400,1106476,619714
2015/01/23,8400,8410,8305,8360,743546,620920
2015/01/26,8300,8320,8110,8135,902156,593982
2015/01/27,8185,8245,8160,8190,621704,565850
2015/01/28,8220,8270,8150,8270,615710,567848
2015/01/29,8205,8310,8200,8295,611108,588744
2015/01/30,8305,8315,8165,8165,621016,585274
2015/02/02,8300,8420,8260,8375,887414,611610
2015/02/03,8435,8635,8435,8630,1135554,616988
2015/02/04,8730,8850,8610,8615,1392350,536306
2015/02/05,8485,8580,8480,8545,732686,565020
2015/02/06,8650,8860,8635,8850,1311966,555284
2015/02/09,8800,8820,8715,8805,833018,556174
2015/02/10,8765,8880,8755,8860,825678,594322
2015/02/11,8810,8945,8795,8910,878898,634858
2015/02/12,8890,8955,8845,8945,754240,618950
2015/02/13,9000,9205,8990,9155,1326618,572348
2015/02/16,9175,9245,9120,9225,668340,503252
2015/02/17,9230,9310,9155,9270,482938,457040
2015/02/25,9015,9285,9015,9250,579678,468912
2015/02/26,9340,9500,9285,9490,806708,570006
2015/02/27,9430,9455,9330,9405,827950,504824
2015/03/02,9560,9710,9470,9645,1266814,514240
2015/03/03,9700,9715,9490,9515,1163208,442638
2015/03/04,9525,9595,9435,9540,952588,449146
2015/03/05,9440,9510,9285,9370,1178868,403184
2015/03/06,9380,9380,9275,9350,600714,420522
2015/03/09,9275,9340,9160,9310,882212,400038
2015/03/10,9305,9365,9260,9305,900402,381598
2015/03/11,9250,9285,9120,9125,891356,366864
2015/03/12,9130,9490,9130,9485,1229520,352868
2015/03/13,9450,9465,9340,9425,761066,334830
2015/03/16,9275,9370,9185,9325,778730,308044
2015/03/17,9330,9480,9310,9465,858800,304606
2015/03/18,9405,9465,9225,9240,945792,283500
2015/03/19,8990,9080,8855,8890,711632,338418
2015/03/20,8955,9010,8855,8895,729456,349612
2015/03/23,9030,9285,9025,9285,966652,376988
2015/03/24,9495,9615,9440,9565,1191982,413824
2015/03/25,9545,9635,9495,9525,1106536,441416
2015/03/26,9680,9720,9550,9675,1127056,451592
2015/03/27,9625,9685,9510,9675,949380,471492
2015/03/30,9590,9715,9555,9715,904790,498938
2015/03/31,9740,9805,9650,9650,1184812,481116
2015/04/01,9620,9785,9555,9775,981790,491932
2015/04/02,9900,9935,9805,9875,1002908,484498
2015/04/03,9850,9850,9470,9515,1429202,481258
2015/04/07,9645,9675,9480,9515,951034,488366
2015/04/08,9550,9680,9455,9580,1348240,454404
2015/04/09,9480,9530,9380,9460,1008978,465456
2015/04/10,9450,9505,9360,9430,756874,460646
2015/04/13,9460,9565,9395,9465,790776,441744
2015/04/14,9470,9520,9355,9390,1052610,435012
2015/04/15,9450,9460,9325,9385,715116,421006
2015/04/16,9480,9760,9455,9645,1304228,389250
2015/04/17,9660,9780,9630,9665,795356,376424
2015/04/20,9730,9845,9705,9810,755154,370004
2015/04/21,9855,9910,9810,9870,766316,386228
2015/04/22,9810,9840,9705,9715,677438,375214
2015/04/23,9720,9950,9720,9880,1147078,431750
2015/04/24,9980,10100,9955,10095,1118568,491872
2015/04/27,10120,10400,10050,10370,1255114,510500
2015/04/28,10365,10385,10220,10280,665514,458658
2015/04/29,10290,10305,10055,10115,937934,407502
2015/04/30,10190,10330,10160,10290,716452,398828
2015/05/04,10310,10385,10175,10235,799930,407198
2015/05/05,10230,10245,10130,10165,694146,420352
2015/05/06,10280,10310,9970,10005,1283080,420798
2015/05/07,9910,9955,9795,9805,818468,399034
2015/05/08,9720,9810,9690,9745,745540,371868
2015/05/11,9805,9830,9670,9680,577998,399728
2015/05/12,9655,9710,9580,9605,912250,422060
2015/05/13,9700,9780,9630,9680,804682,430178
2015/05/14,9600,9730,9550,9725,844182,454968
2015/05/15,9705,9740,9615,9630,821274,469096
2015/05/18,9620,9655,9460,9460,838540,492282
2015/05/19,9425,9455,9310,9315,886224,509174
2015/05/20,9190,9385,9165,9365,1067326,471952
2015/05/21,9370,9595,9315,9510,1173148,468306
2015/05/22,9620,9645,9495,9640,1003380,478932
2015/05/25,9575,9610,9500,9560,847984,481730
2015/05/26,9655,9700,9370,9400,1236368,521240
2015/05/27,9365,9430,9330,9410,730382,487576
2015/05/28,9430,9440,9250,9345,881822,506958
2015/05/29,9385,9400,9310,9355,513858,497372
2015/06/01,9480,9485,9305,9380,679014,497792
2015/06/02,9395,9430,9265,9415,730604,509860
2015/06/03,9470,9480,9355,9430,812408,521582
2015/06/04,9380,9535,9320,9465,940012,516910
2015/06/05,9410,9500,9390,9455,741334,510202
2015/06/08,9475,9485,9315,9350,568616,518206
2015/06/09,9340,9390,9305,9355,377540,521486
2015/06/10,9430,9640,9410,9635,882290,541152
2015/06/11,9590,9755,9580,9700,963926,535260
2015/06/12,9650,9685,9555,9585,762826,486596
2015/06/15,9580,9735,9565,9725,605660,513566
2015/06/16,9745,9855,9620,9690,934930,483880
2015/06/17,9655,9700,9500,9505,834782,495688
2015/06/18,9510,9555,9445,9500,555652,464584
2015/06/19,9520,9675,9520,9570,831752,484886
2015/06/23,9590,9625,9445,9565,588038,481886
2015/06/24,9600,9715,9575,9685,705944,496784
2015/06/25,9655,9700,9625,9685,435574,508190
2015/06/26,9685,9920,9680,9870,1059966,580046
2015/06/29,9865,9885,9510,9785,1275490,546538
2015/06/30,9730,9875,9665,9855,987974,554654
2015/07/01,9865,9995,9835,9915,785576,537446
2015/07/02,9850,9915,9810,9915,619352,536312
2015/07/03,9880,9960,9800,9900,1018180,478530
2015/07/06,9820,9850,9555,9635,1157054,460958
2015/07/07,9515,9560,9325,9325,917928,465556
2015/07/08,9055,9180,8885,8885,791374,411950
2015/07/09,9135,9610,9110,9515,1070770,343690
2015/07/10,9535,9755,9465,9550,856314,344544
2015/07/13,9515,9560,9390,9480,621488,380462
2015/07/14,9500,9630,9425,9445,650584,362940
2015/07/15,9570,9605,9450,9485,585200,361984
2015/07/16,9420,9425,9265,9315,693942,358580
2015/07/17,9285,9345,9220,9290,500810,365276
2015/07/20,9295,9370,9210,9330,521088,360372
2015/07/21,9305,9315,9195,9270,503300,372848
2015/07/22,9270,9410,9240,9400,749768,370268
2015/07/23,9340,9425,9320,9365,560050,354426
2015/07/24,9325,9330,9100,9110,761236,328746
2015/07/27,9090,9100,8835,8835,683066,314136
2015/07/28,8600,8860,8600,8860,742356,277636
2015/07/29,8920,9075,8910,8965,606616,278838
2015/07/30,9050,9120,8905,8920,460166,268898
2015/07/31,8885,8940,8850,8910,340486,266040
2015/08/03,8805,8885,8610,8750,571302,279472
2015/08/04,8095,8380,8085,8365,758844,365862
2015/08/05,8380,8490,8315,8480,733438,349772
2015/08/06,8405,8455,8305,8380,861970,385976
2015/08/07,8330,8510,8270,8495,896740,397508
2015/08/10,8450,8590,8395,8590,780982,422446
2015/08/11,8625,8810,8625,8810,1228036,409136
2015/08/12,8790,8880,8720,8870,1061996,416456
2015/08/13,8895,8920,8755,8885,910750,422034
2015/08/14,8800,8915,8785,8875,812658,447552
2015/08/17,8860,8875,8650,8680,997086,426500
2015/08/18,8655,8675,8475,8535,1023460,412236
2015/08/19,8565,8625,8515,8550,852906,427996
2015/08/20,8425,8475,8350,8460,809264,434264
2015/08/21,8495,8525,8420,8460,716152,430124
2015/08/24,8300,8300,8140,8155,1042544,444318
2015/08/25,8070,8335,8040,8270,1162484,448018
2015/08/26,8335,8350,8210,8255,790224,448282
2015/08/27,8295,8520,8290,8515,1031358,474944
2015/08/28,8755,8755,8635,8655,819400,395906
2015/08/31,8655,8680,8530,8555,781986,407470
2015/09/01,8660,8735,8610,8625,704624,408086
2015/09/02,8505,8610,8475,8610,445662,407536
2015/09/07,8590,8685,8510,8510,611760,425086
2015/09/08,8495,8540,8380,8460,892116,448110
2015/09/09,8575,8670,8550,8580,1085748,413416
2015/09/10,8515,8685,8445,8680,1064994,452864
2015/09/11,8720,8795,8620,8640,1266668,456624
2015/09/14,8640,8710,8525,8530,792222,464912
2015/09/15,8530,8565,8430,8510,835622,470368
2015/09/16,8570,8590,8435,8535,882912,455902
2015/09/17,8630,8635,8455,8455,900066,474322
2015/09/18,8475,8525,8365,8375,1032110,505886
2015/09/21,8310,8485,8300,8475,767744,469870
2015/09/22,8460,8470,8360,8420,674178,439544
2015/09/23,8440,8520,8390,8515,996838,455596
2015/09/24,8445,8485,8405,8460,631180,438422
2015/09/25,8500,8505,8340,8345,779346,462524
2015/09/28,8350,8365,8235,8250,644404,463966
2015/09/29,8210,8240,8110,8230,643004,410446
2015/09/30,8230,8310,8195,8300,445568,400268
2015/10/08,8445,8480,8370,8410,462038,381392
2015/10/09,8490,8730,8455,8665,932116,365570
2015/10/12,8645,8680,8605,8630,461448,378396
2015/10/13,8530,8605,8515,8595,464530,375776
2015/10/14,8540,8590,8435,8450,576534,372352
2015/10/15,8455,8495,8420,8450,558098,367252
2015/10/16,8485,8490,8380,8395,545592,368908
2015/10/19,8400,8410,8325,8350,419002,389186
2015/10/20,8325,8420,8305,8395,478972,395992
2015/10/21,8380,8380,8315,8340,431966,382766
2015/10/22,8370,8535,8360,8435,827884,404132
2015/10/23,8435,8475,8315,8375,776318,377954
2015/10/26,8335,8360,8230,8240,738192,421592
2015/10/27,8210,8330,8190,8300,745458,403800
2015/10/28,8295,8315,8245,8280,539474,411712
2015/10/29,8380,8390,8265,8285,496372,431106
2015/10/30,8285,8285,8170,8245,548120,441454
2015/11/02,8230,8315,8220,8285,456500,431514
2015/11/03,8270,8290,8205,8215,538360,428926
2015/11/04,8270,8345,8235,8300,663848,449920
2015/11/05,8245,8260,7995,8010,1337040,571680
2015/11/06,8000,8130,7955,8100,1085524,571406
2015/11/09,8070,8120,8010,8040,623460,565366
2015/11/10,8030,8035,7930,8025,805580,527706
2015/11/11,8005,8065,7970,8045,557614,495466
2015/11/12,8025,8085,8010,8035,505510,464110
2015/11/13,8005,8030,7810,7860,1006050,452350
2015/11/16,7860,7925,7805,7845,552460,451804
2015/11/17,7865,7935,7760,7895,913630,443174
2015/11/18,7880,7890,7750,7775,882910,454912
2015/11/19,7760,7820,7695,7710,763510,456296
2015/11/20,7735,7775,7500,7565,1313040,435114
2015/11/23,7590,7705,7485,7690,1028126,402160
2015/11/24,7710,7920,7690,7920,720276,369426
2015/11/25,8010,8060,7935,8000,774738,298170
2015/11/26,8010,8290,7985,8125,744486,247984
2015/11/27,7435,7530,7310,7375,642276,277080
2015/11/30,7350,7445,7235,7440,852068,340684
2015/12/01,7445,7540,7395,7505,782062,340652
2015/12/02,7535,7595,7425,7445,638304,351822
2015/12/03,7390,7440,7265,7440,804346,376732
2015/12/04,7490,7505,7400,7405,725298,377824
2015/12/07,7325,7475,7290,7470,666402,393996
2015/12/08,7350,7360,7080,7145,1062600,377280
2015/12/09,7210,7300,7180,7295,623370,362956
2015/12/10,7260,7435,7235,7420,943958,403226
2015/12/11,7395,7475,7320,7470,754894,412904
2015/12/14,7390,7530,7345,7525,819318,436672
2015/12/15,7555,7580,7415,7455,734604,417090
2015/12/16,7465,7520,7395,7505,658964,447172
2015/12/17,7475,7615,7445,7465,908036,455188
2015/12/18,7430,7650,7415,7650,967714,524322
2015/12/21,7640,7720,7580,7710,870848,484704
2015/12/22,7710,7825,7680,7820,885864,508286
2015/12/23,7805,7870,7705,7865,979014,546152
2015/12/24,7885,7915,7815,7845,1113814,532518
2015/12/25,7860,7895,7780,7885,738778,530546
2015/12/28,7865,7885,7775,7790,855016,523832
2015/12/29,7760,7920,7730,7885,882248,532868
2015/12/30,7925,8025,7895,8000,1087368,552014
2015/12/31,7980,8130,7965,8040,1189100,528958
2016/01/04,8075,8095,7960,8030,1096256,550526
2016/01/05,8010,8145,7980,8050,1025808,554896
2016/01/06,8020,8070,7940,7970,1148230,563010
2016/01/07,7905,7955,7810,7895,957560,555754
2016/01/08,7910,7940,7840,7905,860966,525926
2016/01/11,7865,7875,7760,7850,1024802,528074
2016/01/12,7790,7885,7745,7875,1227180,567334
2016/01/13,7875,7890,7710,7800,1360308,599752
2016/01/14,7780,7835,7740,7795,953256,589678
2016/01/15,7815,7845,7755,7820,936456,582720
2016/01/18,7765,8045,7740,8035,1492578,602266
2016/01/19,8010,8280,8005,8275,1361454,666698
2016/01/20,8205,8240,8155,8210,1044442,632580
2016/01/21,8210,8285,8155,8200,1145412,708754
2016/01/22,8280,8340,8195,8225,1014620,719390
2016/01/25,8260,8270,8160,8205,777508,780750
2016/01/26,8160,8350,8150,8350,1059276,799540
2016/01/27,8370,8500,8355,8470,1345184,809298
2016/01/28,8465,8485,8390,8415,879260,769850
2016/01/29,8425,8425,8310,8410,970698,771166
2016/02/01,8425,8475,8360,8380,918766,751336
2016/02/02,8375,8490,8340,8465,1007642,751282
2016/02/03,8425,8515,8410,8490,794146,733810
2016/02/04,8540,8710,8520,8700,894438,674854
2016/02/05,8645,8695,8590,8685,646356,626344
