2007/10/29,8350,8424,8350,8424,2098,1652
2007/10/30,8700,8700,8550,8572,18646,4286
2007/10/31,8502,8554,8500,8516,5142,3774
2007/11/01,8700,8700,8550,8598,3222,3526
2007/11/02,8550,8564,8520,8540,3304,3362
2007/11/05,8550,8628,8550,8600,4428,3640
2007/11/06,8596,8670,8596,8666,3726,3388
2007/11/07,8730,8878,8730,8816,4184,2866
2007/11/08,8760,8898,8760,8860,4490,2754
2007/11/09,8860,8948,8860,8910,4764,2498
2007/11/12,8910,8930,8820,8836,2406,2174
2007/11/13,8780,8970,8762,8948,2842,2144
2007/11/14,8950,8960,8872,8900,3498,2736
2007/11/15,8944,8970,8882,8900,3364,2696
2007/11/16,8900,8900,8702,8724,3674,2396
2007/11/19,8748,8798,8658,8722,8460,2264
2007/11/20,8688,8688,8360,8420,7378,2054
2007/11/21,8500,8692,8490,8690,7118,1904
2007/11/22,8620,8776,8620,8736,5548,1982
2007/11/23,8760,8776,8648,8710,11516,2026
2007/11/26,8770,8866,8764,8804,11676,2220
2007/11/27,8760,8760,8670,8700,9636,2124
2007/11/28,8632,8656,8550,8550,14248,2616
2007/11/29,8576,8600,8400,8522,14088,2746
2007/11/30,8500,8546,8460,8500,6076,2598
2007/12/03,8500,8600,8498,8510,4508,2550
2007/12/04,8510,8600,8510,8570,7216,2628
2007/12/05,8586,8636,8530,8576,12412,2720
2007/12/06,8552,8552,8472,8480,13278,2646
2007/12/07,8520,8560,8428,8558,13962,3156
2007/12/10,8532,8566,8492,8522,14402,3176
2007/12/11,8502,8608,8502,8576,18592,3410
2007/12/12,8588,8588,8500,8518,15662,3478
2007/12/13,8592,8874,8560,8710,15740,3196
2007/12/14,8650,8728,8650,8712,14406,3228
2007/12/17,8748,8798,8722,8786,7196,3380
2007/12/18,8786,8786,8680,8680,17510,3294
2007/12/19,8650,8816,8650,8786,15608,3430
2007/12/20,8808,8808,8742,8750,17482,4086
2007/12/21,8752,8840,8710,8818,15848,4060
2007/12/24,8798,9034,8770,8996,18810,6008
2007/12/25,9044,9044,8956,9016,17068,6036
2007/12/26,9040,9248,9020,9246,22664,7570
2007/12/27,9258,9486,9258,9300,18712,8474
2007/12/28,9300,9410,9208,9298,18694,10338
2008/01/02,9300,9360,9244,9296,25098,12690
2008/01/03,9380,9536,9380,9424,27024,14354
2008/01/04,9450,9496,9410,9434,26854,15132
2008/01/07,9420,9514,9404,9448,27720,15470
2008/01/08,9470,9504,9408,9470,30842,15558
2008/01/09,9530,9580,9450,9576,24082,15894
2008/01/10,9510,9670,9510,9630,27232,15974
2008/01/11,9630,9880,9630,9842,28108,16468
2008/01/14,9988,10128,9950,10128,12548,17116
2008/01/15,10280,10296,10080,10252,25506,17176
2008/01/16,10244,10248,9968,10070,23040,18388
2008/01/17,10020,10246,9968,10244,23590,19464
2008/01/18,10180,10198,9882,9930,24966,17994
2008/01/21,9950,10036,9902,9970,25542,18400
2008/01/22,9700,9716,9576,9576,19906,21906
2008/01/23,9604,9648,9438,9484,31688,22320
2008/01/24,9138,9380,9138,9362,24582,27550
2008/01/25,9474,9628,9474,9586,17282,28350
2008/01/28,9580,9638,9526,9562,31636,28078
2008/01/29,9658,9720,9606,9716,31976,29174
2008/01/30,9748,9800,9718,9730,18052,29332
2008/01/31,9726,9836,9690,9758,33588,29854
2008/02/01,9848,9888,9790,9798,38786,31232
2008/02/04,9860,9962,9750,9918,34740,31130
2008/02/05,10050,10228,10002,10228,8466,30904
2008/02/13,10150,10348,10150,10268,46260,34142
2008/02/14,10300,10482,10300,10442,45904,34804
2008/02/15,10610,10818,10610,10718,49080,31976
2008/02/18,10748,11088,10718,10810,46376,40214
2008/02/19,10868,10918,10580,10820,51256,40190
2008/02/20,10858,10940,10750,10860,51094,38346
2008/02/21,10960,11120,10912,11076,64452,41742
2008/02/22,11030,11120,10930,11054,54214,41778
2008/02/25,11288,11506,11210,11506,16668,43080
2008/02/26,11560,11850,11150,11352,28214,43192
2008/02/27,11580,11940,11580,11756,29760,42746
2008/02/28,11798,11880,11600,11680,34502,42852
2008/02/29,11900,12152,11762,12152,64338,37602
2008/03/03,12320,12512,12320,12512,5144,36474
2008/03/04,12992,12992,11996,12510,39488,32902
2008/03/05,12098,12200,12094,12094,7682,31992
2008/03/06,12100,12388,11700,12166,61410,30192
2008/03/07,11648,11850,11648,11648,6220,30258
2008/03/10,11194,11194,11194,11194,150,30226
2008/03/11,11028,11426,11028,11296,47680,27400
2008/03/12,11360,11418,10808,10970,52028,23174
2008/03/13,11120,11418,10900,11270,44768,20858
2008/03/14,11250,11350,11100,11236,46522,19786
2008/03/17,10786,10890,10786,10786,24682,19490
2008/03/18,10378,10378,10378,10378,704,18904
2008/03/19,10000,10444,10000,10180,53456,15968
2008/03/20,9774,9996,9774,9898,6648,16854
2008/03/21,9770,9946,9752,9830,10332,16218
2008/03/24,9900,10260,9900,10252,45132,16420
2008/03/25,10458,10576,10082,10380,59214,14892
2008/03/26,10750,10750,10452,10676,55876,14894
2008/03/27,10626,10708,10522,10544,61882,14930
2008/03/28,10618,10630,10478,10530,25212,14846
2008/03/31,10456,10500,10190,10454,53102,14492
2008/04/01,9868,9868,9868,9868,80,14446
2008/04/02,9802,10060,9802,9928,24798,13098
2008/04/03,10180,10202,10000,10016,22576,12308
2008/04/07,10068,10348,10068,10300,4928,12218
2008/04/08,10250,10342,10240,10280,5288,10062
2008/04/09,10180,10378,10180,10342,3122,9624
2008/04/10,10510,10650,10504,10530,2058,9314
2008/04/11,10550,10550,10470,10474,1244,8664
2008/04/14,10460,10850,10366,10628,1148,8362
2008/04/15,10690,11000,10612,10800,1260,7952
2008/04/16,10776,10790,10500,10700,452,7724
2008/04/17,10540,10766,10540,10680,526,7364
2008/04/18,10764,10764,10632,10660,1060,6350
2008/04/21,10794,10794,10280,10296,5878,6974
2008/04/22,10158,10426,10158,10380,3928,6724
2008/04/23,10600,10700,10552,10700,3160,6346
2008/04/24,10602,10640,10510,10524,32122,6418
2008/04/25,10282,10368,10282,10308,22140,6234
2008/04/28,10274,10434,10274,10412,25080,6326
2008/04/29,10276,10278,10018,10160,29806,7468
2008/04/30,10150,10200,10064,10170,5140,6808
2008/05/05,10182,10216,10120,10170,54676,6736
2008/05/06,10210,10348,10188,10298,48256,6718
2008/05/07,10290,10366,10160,10170,46890,7756
2008/05/08,10270,10350,10226,10308,37232,8092
2008/05/09,10408,10408,10246,10272,43872,8118
2008/05/12,10408,10780,10408,10720,44138,9572
2008/05/13,10678,10700,10582,10610,46130,9908
2008/05/14,10740,10840,10662,10790,18718,9296
2008/05/15,10720,10738,10402,10600,17608,9632
2008/05/16,10580,10650,10504,10592,43282,10030
2008/05/19,10688,10710,10522,10538,26932,9712
2008/05/20,10400,10496,10380,10440,3510,9910
2008/05/21,10000,10488,10000,10452,10128,10194
2008/05/22,10600,10880,10460,10492,13100,9992
2008/05/23,10400,10466,10256,10466,9188,9880
2008/05/26,10600,10710,10508,10590,14006,9572
2008/05/27,10648,10848,10582,10686,15980,10730
2008/05/28,10558,10648,10490,10580,17662,10074
2008/05/29,10586,10650,10540,10562,12532,9710
2008/05/30,10400,10440,10258,10304,10692,11228
2008/06/02,10450,10478,10382,10410,7024,11094
2008/06/03,10382,10460,10382,10420,7214,11030
2008/06/04,10366,10426,10350,10372,8598,11328
2008/06/05,10420,10456,10360,10412,6754,11232
2008/06/06,10700,10800,10586,10624,11764,9674
2008/06/10,10700,10750,10674,10690,14060,10222
2008/06/11,10602,10930,10578,10832,8074,9832
2008/06/12,11000,11180,10812,10932,10846,10540
2008/06/13,11000,11230,10892,11068,14374,15002
2008/06/16,11198,11254,11044,11084,13942,16694
2008/06/17,10980,10980,10722,10798,18130,15252
2008/06/18,10822,10968,10774,10774,15640,15424
2008/06/19,10790,10838,10690,10720,12290,16406
2008/06/20,10600,10652,10490,10510,16026,14792
2008/06/23,10430,10588,10420,10508,9996,15134
2008/06/24,10502,10518,10374,10430,6350,15856
2008/06/25,10400,10444,10352,10408,8712,16974
2008/06/26,10468,10670,10468,10650,14996,19086
2008/06/27,10860,10860,10666,10688,17080,18492
2008/06/30,10700,10820,10680,10718,31920,18168
2008/07/01,10726,10856,10726,10856,20264,17956
2008/07/02,10900,10938,10792,10826,6586,17908
2008/07/03,10858,10896,10420,10560,17596,17364
2008/07/04,10610,10648,10490,10600,8246,17102
2008/07/07,10500,10564,10424,10534,18636,16996
2008/07/08,10334,10484,10326,10468,18052,15666
2008/07/09,10460,10526,10400,10460,17958,15552
2008/07/10,10510,10520,10402,10480,19046,15316
2008/07/11,10560,10560,10474,10510,9508,16338
2008/07/14,10400,10420,10332,10414,14140,15214
2008/07/15,10396,10456,10362,10430,8838,14944
2008/07/16,10326,10382,10300,10328,14946,15136
2008/07/17,10376,10410,10270,10280,16846,15826
2008/07/18,10208,10208,9920,9930,13998,16352
2008/07/21,9780,9780,9558,9558,3888,15822
2008/07/22,9400,9488,9320,9478,10912,14244
2008/07/23,9430,9474,8960,8998,12068,14156
2008/07/24,8998,9180,8800,9086,17186,12332
2008/07/25,9110,9216,9058,9202,15240,11876
2008/07/28,9250,9326,9158,9210,8982,11636
2008/07/29,9100,9148,8774,8774,12004,12364
2008/07/30,8796,8830,8600,8640,19594,12698
2008/07/31,8736,8878,8690,8830,20504,10140
2008/08/01,8700,8710,8532,8600,17058,8432
2008/08/04,8360,8398,8178,8178,3824,7490
2008/08/05,7960,7998,7814,7814,202,7442
2008/08/06,7750,8110,7710,7806,8122,5520
2008/08/07,7684,7840,7602,7752,1702,5354
2008/08/08,7710,7752,7510,7530,1386,4808
2008/08/11,7600,7600,7410,7410,17306,8220
2008/08/12,7460,7660,7390,7558,26344,11038
2008/08/13,7576,7788,7576,7760,18044,11662
2008/08/14,8058,8058,7594,7740,21076,10528
2008/08/15,7550,7556,7422,7422,8648,10706
2008/08/18,7568,7694,7488,7594,14938,11518
2008/08/19,7598,7706,7472,7580,19078,11848
2008/08/20,7670,7976,7640,7850,19238,13182
2008/08/21,7850,8046,7800,7930,26346,16590
2008/08/22,8080,8150,7880,7904,21258,17728
2008/08/25,7906,7938,7748,7768,20310,17742
2008/08/26,7650,7650,7410,7410,20756,16946
2008/08/27,7466,7532,7214,7300,49810,20894
2008/08/28,7220,7242,7096,7198,42116,22574
2008/08/29,7130,7476,7038,7446,69690,21046
2008/09/01,7446,7570,7380,7538,56226,21546
2008/09/02,7300,7420,7220,7340,65118,21732
2008/09/03,7392,7452,7318,7390,64768,21342
2008/09/04,7302,7380,7278,7356,46154,22086
2008/09/05,7200,7264,7150,7226,24748,20522
2008/09/08,7300,7320,7130,7138,32492,21956
2008/09/09,7090,7128,6870,6870,36572,23156
2008/09/10,6802,6926,6702,6888,73414,22280
2008/09/11,6820,6900,6720,6752,66180,24912
2008/09/12,6754,6868,6668,6774,97426,29172
2008/09/16,6404,6430,6404,6404,2742,28336
2008/09/17,6174,6280,6084,6084,50172,35654
2008/09/18,6150,6198,5816,5818,168028,46672
2008/09/19,5952,5994,5844,5892,152772,48974
2008/09/22,6196,6200,6130,6200,43616,42956
2008/09/23,6498,6498,6364,6458,114166,38078
2008/09/24,6402,6440,6234,6432,155136,36852
2008/09/25,6314,6600,6260,6554,219678,38076
2008/09/26,6488,6564,6434,6552,189318,29568
2008/10/06,6174,6174,6174,6174,230,29404
2008/10/07,5868,5868,5868,5868,744,28878
2008/10/08,5576,5730,5576,5576,58242,30906
2008/10/09,5696,5696,5468,5576,94930,30096
2008/10/10,5274,5276,5274,5274,2356,29554
2008/10/13,5012,5188,5012,5132,58334,30778
2008/10/14,5350,5350,5242,5268,54520,30408
2008/10/15,5034,5058,5034,5034,6548,29232
2008/10/16,4784,4794,4784,4784,3788,29978
2008/10/17,4950,5018,4616,4902,121816,30622
2008/10/20,4968,5090,4896,5088,64466,35806
2008/10/21,5080,5100,4774,4802,79440,34722
2008/10/22,4662,4790,4658,4658,33304,33800
2008/10/23,4502,4694,4502,4668,8814,32694
2008/10/24,4788,4788,4416,4418,105350,32896
2008/10/27,4342,4526,4322,4322,63344,33480
2008/10/28,4462,4544,4300,4474,118948,36328
2008/10/29,4420,4466,4332,4362,75204,34026
2008/10/30,4604,4606,4460,4606,68484,35136
2008/10/31,4412,4618,4376,4554,96834,35082
2008/11/03,4600,4736,4578,4736,33718,33502
2008/11/04,4720,4834,4648,4774,118248,35914
2008/11/05,4928,4964,4852,4868,74580,34970
2008/11/06,4700,4770,4682,4690,50444,34106
2008/11/07,4702,4702,4550,4698,79238,33392
2008/11/10,4800,4860,4760,4860,33282,34732
2008/11/11,4782,4904,4722,4758,192930,37684
2008/11/12,4680,4724,4578,4602,96762,37822
2008/11/13,4496,4496,4406,4406,43918,38400
2008/11/14,4460,4536,4350,4396,185218,47450
2008/11/17,4350,4528,4332,4440,165082,42370
2008/11/18,4430,4502,4388,4394,123764,39334
2008/11/19,4410,4462,4410,4458,52898,38220
2008/11/20,4334,4406,4334,4356,55598,36412
2008/11/21,4202,4288,4152,4260,31732,34086
2008/11/24,4268,4328,4240,4290,34314,32446
2008/11/25,4412,4476,4410,4442,37456,28706
2008/11/26,4450,4580,4422,4574,41650,25370
2008/11/27,4578,4640,4522,4540,34526,23080
2008/11/28,4586,4620,4508,4570,20370,21444
2008/12/01,4766,4892,4712,4850,80374,36592
2008/12/02,4700,4736,4632,4646,63850,35248
2008/12/03,4650,4718,4612,4696,60502,35892
2008/12/04,4690,4760,4564,4616,87768,37268
2008/12/05,4472,4548,4440,4440,22772,34396
2008/12/08,4400,4674,4390,4674,69474,39190
2008/12/09,4620,4676,4576,4592,71758,37678
2008/12/10,4650,4820,4630,4788,106204,47042
2008/12/11,4788,4866,4750,4838,119140,53168
2008/12/12,4872,4968,4568,4690,175158,52230
2008/12/15,4784,4900,4772,4872,152840,56232
2008/12/16,4740,4804,4672,4710,89030,52574
2008/12/17,4760,4796,4738,4758,75726,51548
2008/12/18,4624,4690,4624,4632,53638,49660
2008/12/19,4606,4716,4596,4716,57626,47398
2008/12/22,4780,4906,4752,4906,77552,52196
2008/12/23,4880,4884,4796,4802,73504,48158
2008/12/24,4860,4910,4840,4890,60782,49402
2008/12/25,4882,5118,4870,5086,182728,70760
2008/12/26,5102,5166,5020,5046,311152,89654
2008/12/29,5298,5298,5104,5140,251700,84932
2008/12/30,5100,5188,5046,5070,183502,78604
2008/12/31,5078,5088,4934,5004,161136,70260
2009/01/05,5120,5240,5086,5220,213996,72844
2009/01/06,5260,5430,5210,5430,120076,79888
2009/01/07,5622,5622,5412,5474,140236,74334
2009/01/08,5300,5426,5300,5366,121320,72878
2009/01/09,5382,5550,5382,5528,171052,76862
2009/01/12,5550,5718,5550,5558,132846,76852
2009/01/13,5372,5372,5372,5372,6096,73298
2009/01/14,5372,5456,5292,5406,212854,74534
2009/01/15,5280,5308,5192,5204,109320,71922
2009/01/16,5264,5320,5240,5246,102580,72728
2009/01/19,5280,5298,5202,5224,72070,68182
2009/01/20,5228,5246,5156,5180,75168,66302
2009/01/21,5158,5242,5112,5212,88446,66722
2009/01/22,5274,5274,5152,5224,61880,65112
2009/01/23,5170,5200,5162,5180,32982,62820
2009/02/02,5088,5118,4964,4972,43142,64526
2009/02/03,4950,5154,4938,5140,111604,69314
2009/02/04,5126,5246,5124,5220,86886,68764
2009/02/05,5190,5258,5104,5148,136382,68722
2009/02/06,5202,5312,5202,5270,138482,72988
2009/02/09,5260,5528,5260,5528,157654,73968
2009/02/10,5548,5586,5450,5532,164300,80136
2009/02/11,5460,5532,5248,5336,188514,69086
2009/02/12,5360,5388,5262,5352,115508,66784
2009/02/13,5388,5466,5360,5462,100872,68126
2009/02/16,5468,5514,5322,5452,206220,70820
2009/02/17,5416,5492,5374,5376,153472,68366
2009/02/18,5166,5200,5166,5166,6804,65366
2009/02/19,5058,5154,5006,5014,139902,59690
2009/02/20,5064,5154,5042,5118,100116,56800
2009/02/23,5100,5240,5068,5226,95810,57714
2009/02/24,5130,5188,5022,5086,100726,53700
2009/02/25,5198,5250,5148,5168,56828,52642
2009/02/26,5250,5276,5140,5148,74496,47298
2009/02/27,5160,5166,5050,5114,59848,45370
2009/03/02,5110,5184,5088,5120,49510,44220
2009/03/03,4960,5072,4960,5064,33980,40762
2009/03/04,5072,5122,5048,5120,23288,37196
2009/03/05,5210,5226,5100,5100,20260,31968
2009/03/06,5088,5148,5070,5144,12424,29940
2009/03/09,5226,5288,5182,5230,133066,62630
2009/03/10,5230,5380,5210,5342,201366,80200
2009/03/11,5340,5354,5244,5252,133530,86360
2009/03/12,5176,5216,5154,5170,100190,87150
2009/03/13,5220,5246,5136,5156,113712,91854
2009/03/16,5146,5226,5126,5190,110758,89750
2009/03/17,5220,5278,5220,5252,95596,91894
2009/03/18,5272,5282,5242,5244,99420,94462
2009/03/19,5280,5354,5274,5346,143974,103642
2009/03/20,5370,5440,5350,5404,143614,115976
2009/03/23,5478,5618,5444,5550,195138,121872
2009/03/24,5520,5560,5414,5420,101472,118262
2009/03/25,5458,5464,5366,5370,99466,119768
2009/03/26,5410,5524,5380,5504,192566,132584
2009/03/27,5494,5582,5402,5428,203414,125904
2009/03/30,5400,5432,5354,5382,122544,120978
2009/03/31,5380,5500,5360,5470,202000,126242
2009/04/01,5510,5650,5510,5584,252010,139462
2009/04/02,5650,5700,5628,5700,240632,150988
2009/04/03,5790,5798,5688,5720,238780,149440
2009/04/07,5738,5882,5704,5874,230026,155592
2009/04/08,5850,5850,5708,5716,251200,143288
2009/04/09,5800,5866,5782,5860,228672,141358
2009/04/10,5888,5996,5866,5978,227724,146358
2009/04/13,5970,6240,5946,6158,427780,161520
2009/04/14,6200,6264,6126,6242,478258,170314
2009/04/15,6380,6500,6322,6490,379292,176180
2009/04/16,6490,6546,6422,6446,360848,172500
2009/04/17,6440,6478,6280,6474,470686,167266
2009/04/20,6448,6570,6420,6444,543614,164324
2009/04/21,6280,6312,6170,6170,301882,145210
2009/04/22,6300,6394,6204,6240,485710,148860
2009/04/23,6276,6350,6228,6336,629878,153526
2009/04/24,6400,6458,6250,6254,604946,151778
2009/04/27,6200,6228,6042,6042,309446,138062
2009/04/28,6102,6136,5990,6042,465378,129960
2009/04/29,6052,6120,5972,6118,358680,126080
2009/04/30,6200,6338,6178,6338,348308,114828
2009/05/04,6582,6582,6574,6582,10726,111410
2009/05/05,6628,6706,6604,6656,495490,120942
2009/05/06,6646,6826,6610,6824,566616,139484
2009/05/07,6900,6950,6808,6816,613114,143786
2009/05/08,6868,6946,6788,6936,584244,146924
2009/05/11,6930,6930,6736,6760,496794,133162
2009/05/12,6840,7002,6804,6972,506134,145712
2009/05/13,7030,7086,6962,7026,575070,144068
2009/05/14,6892,6900,6810,6826,362264,127662
2009/05/15,6890,6944,6790,6818,415888,125108
2009/05/18,6580,6630,6532,6552,195664,103912
2009/05/19,6666,6790,6626,6766,364316,112198
2009/05/20,6720,6810,6700,6702,408708,108174
2009/05/21,6696,6774,6656,6662,301400,101034
2009/05/22,6650,6754,6632,6694,321128,102212
2009/05/25,6708,6732,6644,6666,244646,102988
2009/05/26,6666,6678,6514,6530,286966,100508
2009/05/27,6600,6622,6546,6584,229336,85828
2009/06/01,6800,6960,6782,6926,163722,68068
2009/06/02,7026,7026,6892,6906,108796,70080
2009/06/03,6920,6948,6866,6920,101282,68606
2009/06/04,6646,6792,6646,6790,75282,70156
2009/06/05,6890,6936,6830,6840,49574,68196
2009/06/08,6808,6850,6742,6748,41608,65114
2009/06/09,6788,6788,6678,6748,58858,66978
2009/06/10,6798,6798,6600,6620,112636,83772
2009/06/11,6600,6606,6520,6568,86956,84308
2009/06/12,6566,6620,6524,6544,64780,76608
2009/06/15,6280,6280,6176,6240,306630,123892
2009/06/16,6240,6298,6214,6290,231684,119296
2009/06/17,6262,6294,6246,6276,209784,129036
2009/06/18,6286,6286,6138,6156,327478,153926
2009/06/19,6180,6188,6128,6154,294210,157344
2009/06/22,6080,6132,6052,6078,296196,166500
2009/06/23,6016,6048,5948,6030,463190,187300
2009/06/24,6040,6046,5976,6006,389276,190048
2009/06/25,6000,6160,5974,6142,798562,194082
2009/06/26,6180,6216,6148,6202,488778,200396
2009/06/29,6140,6174,6060,6060,523470,207104
2009/06/30,6100,6140,6080,6106,388610,205646
2009/07/01,6070,6156,6066,6146,364748,215144
2009/07/02,6160,6168,5986,5988,559490,258648
2009/07/03,5958,5972,5760,5806,708912,265416
2009/07/06,5812,5842,5754,5782,621500,258432
2009/07/07,5794,5834,5734,5772,615494,268502
2009/07/08,5636,5636,5494,5518,541326,271690
2009/07/09,5498,5580,5496,5562,547654,269528
2009/07/10,5570,5636,5488,5576,788510,283678
2009/07/13,5614,5614,5520,5522,543458,274000
2009/07/14,5580,5622,5550,5616,574458,276840
2009/07/15,5610,5730,5610,5728,653368,270906
2009/07/16,5720,5738,5654,5698,622070,264274
2009/07/17,5680,5752,5662,5728,552998,270020
2009/07/20,5800,5842,5782,5836,575274,275106
2009/07/21,5818,5860,5766,5776,523596,279778
2009/07/22,5752,5790,5708,5716,591434,281658
2009/07/23,5742,5770,5722,5748,431572,269966
2009/07/24,5768,5776,5650,5666,446772,278010
2009/07/27,5636,5676,5602,5630,428266,282408
2009/07/28,5630,5830,5624,5818,777920,296042
2009/07/29,5800,5846,5718,5756,583682,270828
2009/07/30,5760,5798,5720,5770,351284,275326
2009/07/31,5900,5944,5854,5894,357846,251304
2009/08/03,5980,6106,5946,6104,373984,205492
2009/08/04,6200,6244,6076,6136,252058,186114
2009/08/05,6190,6204,6120,6134,183566,184626
2009/08/06,6138,6150,6020,6048,164256,177088
2009/08/07,6000,6146,5998,6098,200120,164022
2009/08/10,6382,6658,6382,6646,849442,252376
2009/08/11,6598,6644,6524,6608,729346,254966
2009/08/12,6696,6766,6578,6590,884224,251212
2009/08/13,6700,6748,6636,6672,684258,229024
2009/08/14,6654,6698,6508,6548,669586,226038
2009/08/17,6402,6426,6260,6284,618504,200668
2009/08/18,6350,6386,6308,6370,498354,202470
2009/08/19,6394,6452,6116,6242,861330,188822
2009/08/20,6308,6434,6256,6414,859102,208336
2009/08/21,6348,6414,6292,6316,778004,222156
2009/08/24,6462,6568,6462,6552,590036,224766
2009/08/25,6542,6564,6468,6518,597586,222870
2009/08/26,6498,6548,6478,6526,451188,234242
2009/08/27,6516,6536,6450,6464,403666,231018
2009/08/28,6516,6554,6482,6510,372476,235636
2009/08/31,6548,6548,6264,6290,503648,222182
2009/09/01,6270,6300,6200,6252,386786,216514
2009/09/02,6150,6170,6010,6022,381492,207836
2009/09/03,6024,6096,5988,6082,426576,206430
2009/09/04,6052,6146,6006,6072,531350,201458
2009/09/07,6002,6046,5920,5930,461530,211854
2009/09/08,5922,6008,5896,6002,339720,202750
2009/09/09,6050,6100,6008,6050,368668,203772
2009/09/10,6014,6096,6010,6070,504048,220478
2009/09/11,6038,6078,5948,5956,361282,226902
2009/09/14,5800,5840,5726,5754,424610,224434
2009/09/15,5790,5834,5790,5812,267348,215264
2009/09/16,5984,5996,5888,5984,451854,199156
2009/09/17,6000,6036,5964,6030,421946,202152
2009/09/18,6010,6054,5968,5976,477132,199386
2009/09/21,5980,6022,5954,5988,307902,195848
2009/09/22,5946,5958,5866,5888,308568,199364
2009/09/23,5924,5942,5868,5882,367130,185602
2009/09/24,5870,5894,5782,5802,407400,177146
2009/09/25,5804,5838,5796,5822,193852,165472
2009/09/28,5850,5858,5634,5726,241414,149068
2009/09/29,5730,5752,5642,5746,260320,143776
2009/09/30,5730,5786,5710,5784,162952,141282
2009/10/09,5872,5918,5814,5862,147488,142860
2009/10/12,5978,6010,5946,6006,224464,158850
2009/10/13,6020,6054,5970,5988,235170,152098
2009/10/14,6002,6050,5986,6042,183308,155848
2009/10/15,6034,6064,6000,6014,165514,153616
2009/10/16,6040,6138,6036,6134,261646,161918
2009/10/19,6120,6196,6100,6170,180426,169418
2009/10/20,6218,6232,6122,6136,154932,165218
2009/10/21,6140,6142,6060,6084,190802,170676
2009/10/22,6170,6192,6102,6104,164178,160862
2009/10/23,6160,6280,6142,6272,267140,171650
2009/10/26,6228,6282,6202,6262,268846,170540
2009/10/27,6166,6178,6126,6144,199514,163206
2009/10/28,6104,6182,6088,6102,226962,165758
2009/10/29,6016,6054,6002,6026,173496,166818
2009/10/30,6102,6144,6076,6080,158840,164608
2009/11/02,5950,6068,5950,6062,155574,169058
2009/11/03,6100,6118,6062,6068,137430,170322
2009/11/04,6128,6140,6096,6120,129980,165914
2009/11/05,6120,6158,6102,6130,181072,169268
2009/11/06,6120,6206,6112,6206,177986,179924
2009/11/09,6192,6224,6158,6206,158466,178362
2009/11/10,6250,6256,6160,6170,185146,160444
2009/11/11,6200,6234,6182,6216,167126,148108
2009/11/12,6230,6296,6230,6268,170790,151006
2009/11/13,6234,6262,6218,6256,127102,145692
2009/11/16,6290,6414,6286,6360,210220,143596
2009/11/17,6450,6452,6382,6392,149486,129212
2009/11/18,6450,6496,6426,6476,148142,124690
2009/11/19,6476,6520,6442,6502,155404,114872
2009/11/20,6506,6526,6458,6496,95128,111668
2009/11/23,6550,6662,6532,6662,67518,109844
2009/11/24,6588,6634,6488,6510,93318,102940
2009/11/25,6546,6668,6546,6660,78586,96356
2009/11/26,6690,6760,6660,6684,70498,84088
2009/11/27,6746,6746,6492,6526,248800,104112
2009/11/30,6650,6772,6650,6756,305094,108146
2009/12/01,6758,6778,6706,6768,199466,106292
2009/12/02,6800,6854,6720,6828,298630,118272
2009/12/03,6780,6864,6774,6836,364884,136384
2009/12/04,6788,6948,6776,6944,473254,157132
2009/12/07,6930,7182,6930,7096,530860,156880
2009/12/08,7130,7150,7034,7108,381042,161724
2009/12/09,7020,7020,6880,6892,415756,149746
2009/12/10,6864,6926,6760,6860,387550,147794
2009/12/11,6884,6946,6878,6884,347404,155926
2009/12/14,6884,6914,6714,6876,401714,154322
2009/12/15,6920,6942,6866,6898,289964,159394
2009/12/16,6890,7056,6890,7014,387574,174180
2009/12/17,7060,7154,7012,7030,593566,182752
2009/12/18,6888,6994,6872,6958,501208,182716
2009/12/21,6978,7020,6844,6864,517190,197872
2009/12/22,6830,6884,6780,6784,387658,191992
2009/12/23,6798,6824,6732,6816,482166,190524
2009/12/24,6836,6908,6802,6908,430076,207010
2009/12/25,6916,6946,6864,6890,418898,216272
2009/12/28,6910,7018,6890,7016,484398,213688
2009/12/29,7100,7116,7012,7026,557638,249384
2009/12/30,7008,7098,7008,7050,521426,249342
2009/12/31,7060,7280,7060,7276,899204,349022
2010/01/04,7300,7368,7244,7302,641592,302644
2010/01/05,7320,7388,7288,7344,726722,329262
2010/01/06,7314,7466,7304,7376,758566,345622
2010/01/07,7420,7464,7030,7134,971910,284252
2010/01/08,7130,7150,6914,7036,857686,264762
2010/01/11,7124,7204,7120,7124,697064,279150
2010/01/12,7022,7100,7008,7034,495840,286586
2010/01/13,6800,6880,6736,6794,544822,263236
2010/01/14,6880,6918,6844,6888,472570,248218
2010/01/15,6860,6944,6786,6842,586250,255726
2010/01/18,6790,6862,6750,6820,581646,308022
2010/01/19,6850,6892,6810,6846,434246,297188
2010/01/20,6888,6894,6698,6702,622982,292092
2010/01/21,6688,6830,6662,6818,694602,280430
2010/01/22,6752,6826,6658,6808,786590,278932
2010/01/25,6790,6868,6774,6818,800640,313968
2010/01/26,6826,6846,6706,6706,765770,306826
2010/01/27,6750,6774,6690,6750,665180,289686
2010/01/28,6682,6720,6618,6704,631430,276574
2010/01/29,6700,6772,6640,6646,720468,304518
2010/02/01,6662,6682,6554,6556,575700,286032
2010/02/02,6644,6644,6534,6558,459570,282612
2010/02/03,6686,6724,6636,6720,470116,285022
2010/02/04,6662,6694,6608,6648,447720,289572
2010/02/05,6582,6728,6572,6684,529578,295658
2010/02/08,6740,6796,6732,6784,469572,322866
2010/02/09,6802,6814,6748,6776,351342,310254
2010/02/10,6800,6826,6730,6766,437428,306356
2010/02/11,6800,6856,6800,6820,233452,296490
2010/02/12,6820,6842,6750,6782,165296,291972
2010/02/22,6900,6972,6846,6932,451592,319766
2010/02/23,6938,7018,6920,7016,405170,343624
2010/02/24,6962,6988,6938,6956,309294,333394
2010/02/25,7000,7006,6858,6900,391872,311078
2010/02/26,6900,6924,6844,6864,301028,321734
2010/03/01,7000,7002,6904,6922,344422,330956
2010/03/02,6918,6976,6888,6888,429384,296070
2010/03/03,6912,6986,6912,6968,377554,305024
2010/03/04,6960,6970,6880,6884,332544,285390
2010/03/05,6900,7038,6860,7018,621786,339764
2010/03/08,7008,7048,6972,7030,505750,332682
2010/03/09,7016,7104,7010,7092,802350,397838
2010/03/10,7050,7086,7032,7046,521414,392456
2010/03/11,7086,7098,6890,6954,658346,326030
2010/03/12,6922,6956,6888,6904,332210,302502
2010/03/15,6880,6912,6794,6854,406324,284250
2010/03/16,6820,6858,6810,6844,295900,275790
2010/03/17,6868,6924,6866,6888,328958,257322
2010/03/18,6904,6906,6822,6850,310792,263592
2010/03/19,6858,6896,6840,6880,246002,255378
2010/03/22,6866,6940,6862,6902,325718,271096
2010/03/23,6950,6950,6892,6896,260026,279040
2010/03/24,6900,6922,6852,6888,276752,259436
2010/03/25,6870,6918,6868,6892,222262,244646
2010/03/26,6876,6884,6838,6860,219374,241436
2010/03/29,6862,6918,6854,6886,209610,238774
2010/03/30,6910,6940,6782,6894,710442,263684
2010/03/31,6878,6916,6844,6850,352710,251396
2010/04/01,6848,6866,6796,6848,260424,249370
2010/04/02,6880,6888,6852,6880,119946,236064
2010/04/06,6882,6892,6854,6868,165454,237858
2010/04/07,6888,6994,6886,6968,368764,232740
2010/04/08,6960,7032,6952,6970,371606,235302
2010/04/09,6976,7024,6966,6998,196430,233034
2010/04/12,7030,7056,7000,7024,214918,227520
2010/04/13,7000,7002,6940,6990,169844,224886
2010/04/14,7002,7024,6982,6984,158738,224276
2010/04/15,7010,7010,6966,6980,115490,208920
2010/04/16,6990,7008,6974,6988,92242,200254
2010/04/19,6948,6964,6874,6888,108318,190578
2010/04/20,6914,6930,6874,6902,86630,192746
2010/04/21,6900,6934,6888,6924,94194,175666
2010/04/22,6920,6926,6892,6906,56206,164508
2010/04/23,6920,6976,6910,6964,90340,149666
2010/04/26,6982,7016,6978,7000,73960,141490
2010/04/27,6992,7046,6970,7026,87486,135838
2010/04/28,6970,6976,6920,6954,61844,128442
2010/04/29,6920,6960,6912,6920,35190,125988
2010/04/30,6932,6950,6900,6948,27922,120142
2010/05/04,6930,6942,6896,6910,150550,175340
2010/05/05,6866,6930,6848,6924,198134,174306
2010/05/06,6938,6944,6856,6862,222380,185280
2010/05/07,6820,6820,6702,6704,281486,176634
2010/05/10,6770,6806,6750,6800,186498,175374
2010/05/11,6788,6800,6736,6744,180538,184418
2010/05/12,6760,6810,6752,6778,150800,172720
2010/05/13,6788,6792,6678,6734,351938,197800
2010/05/14,6700,6728,6650,6656,238106,211834
2010/05/17,6600,6630,6468,6504,318098,208854
2010/05/18,6520,6602,6488,6590,224778,192152
2010/05/19,6538,6614,6520,6570,166954,193458
2010/05/20,6610,6680,6610,6630,229444,186232
2010/05/21,6612,6690,6592,6686,226228,189766
2010/05/24,6670,6698,6660,6686,160074,192098
2010/05/25,6670,6672,6598,6604,174476,201464
2010/05/26,6628,6650,6570,6646,207376,198828
2010/05/27,6660,6668,6628,6666,152232,190052
2010/05/28,6696,6698,6644,6666,109560,186062
2010/05/31,6640,6640,6578,6584,144520,194780
2010/06/01,6582,6634,6550,6576,179462,197784
2010/06/02,6576,6630,6560,6630,153340,196058
2010/06/03,6634,6640,6580,6610,157660,199752
2010/06/04,6612,6654,6602,6630,136752,197410
2010/06/07,6506,6506,6412,6442,231388,215636
2010/06/08,6452,6462,6430,6448,108440,206920
2010/06/09,6448,6454,6320,6408,368822,198508
2010/06/10,6398,6420,6362,6362,204852,198894
2010/06/11,6380,6404,6350,6362,140584,200028
2010/06/17,6450,6456,6402,6410,127908,197098
2010/06/18,6412,6448,6412,6432,91582,191910
2010/06/21,6450,6534,6450,6518,140140,188058
2010/06/22,6492,6506,6476,6492,67516,185882
2010/06/23,6460,6498,6436,6496,99350,182302
2010/06/24,6496,6522,6478,6502,126994,184720
2010/06/25,6474,6512,6474,6494,110612,184888
2010/06/28,6496,6540,6472,6474,138942,194652
2010/06/29,6460,6472,6368,6388,170608,213128
2010/06/30,6330,6352,6308,6336,116036,226396
2010/07/01,6328,6358,6270,6284,98128,226896
2010/07/02,6272,6312,6232,6292,180388,230718
2010/07/05,6284,6292,6252,6256,104640,230036
2010/07/06,6188,6232,6152,6220,230026,238228
2010/07/07,6226,6232,6194,6220,113232,235176
2010/07/08,6312,6312,6272,6284,121204,217078
2010/07/09,6300,6352,6284,6344,118472,202092
2010/07/12,6378,6378,6312,6324,92658,196800
2010/07/13,6346,6398,6316,6348,219290,201818
2010/07/14,6380,6410,6376,6406,194362,214072
2010/07/15,6412,6426,6386,6398,153356,210402
2010/07/16,6460,6544,6454,6538,252244,223160
2010/07/19,6520,6538,6504,6536,121930,219458
2010/07/20,6518,6538,6478,6526,179894,217634
2010/07/21,6546,6554,6506,6516,121618,206068
2010/07/22,6500,6612,6500,6594,223734,224458
2010/07/23,6636,6642,6608,6628,157178,221572
2010/07/26,6600,6696,6600,6674,186174,233090
2010/07/27,6654,6660,6556,6566,227402,217908
2010/07/28,6582,6628,6570,6624,121330,210274
2010/07/29,6660,6748,6640,6720,273924,232622
2010/07/30,6744,6788,6728,6740,211170,236766
2010/08/02,6800,6946,6800,6910,259290,246036
2010/08/03,6930,6948,6864,6900,284814,240496
2010/08/04,6978,6978,6916,6940,274154,249102
2010/08/05,7000,7024,6854,6858,85526,246506
2010/08/06,6890,7068,6872,7058,566646,291704
2010/08/09,7058,7220,7026,7184,655522,258168
2010/08/10,7142,7170,7062,7084,402010,238270
2010/08/11,7094,7136,7044,7056,302568,216552
2010/08/12,7046,7130,7014,7070,316612,215928
2010/08/13,7090,7248,7086,7234,301338,210902
2010/08/16,7280,7378,7266,7290,406428,225318
2010/08/17,7250,7268,7208,7266,306798,226466
2010/08/18,7298,7322,7144,7176,412662,230440
2010/08/19,7178,7200,7102,7188,331236,237258
2010/08/20,7060,7082,6942,6958,256308,213178
2010/08/23,6988,7026,6948,6978,220246,206010
2010/08/24,6950,7020,6930,6950,171650,202634
2010/08/25,6974,6996,6874,6898,160404,202044
2010/08/26,6916,6964,6902,6958,138504,198084
2010/08/27,6980,7034,6976,7020,128556,184524
2010/08/30,7100,7130,7068,7110,91604,165328
2010/08/31,7056,7056,6962,6964,62258,161432
2010/09/01,6944,7034,6934,6962,73062,154266
2010/09/02,6992,7026,6974,7022,57264,146978
2010/09/03,7012,7120,7012,7110,62678,137614
2010/09/06,7156,7180,7130,7132,42622,133650
2010/09/07,7152,7214,7108,7214,54316,130226
2010/09/08,7230,7278,7184,7192,37264,122890
2010/09/09,7220,7242,6866,7098,55908,116538
2010/09/10,7130,7166,7098,7160,23210,111862
2010/09/13,7110,7222,7100,7216,32986,107884
2010/09/14,7204,7238,7140,7158,31002,103768
2010/09/15,7176,7204,7150,7170,18522,101354
2010/09/16,7368,7388,7260,7316,328380,109230
2010/09/17,7340,7348,7292,7326,214936,109204
2010/09/20,7438,7668,7438,7602,358074,115908
2010/09/21,7596,7604,7510,7596,230110,109884
2010/09/27,7860,7970,7740,7794,207854,109370
2010/09/28,7720,7848,7720,7830,168424,115408
2010/09/29,7748,7780,7604,7684,190706,102862
2010/09/30,7680,7750,7600,7746,141196,100746
2010/10/08,7740,7860,7672,7752,242122,121954
2010/10/11,8184,8184,8184,8184,9564,118652
2010/10/12,8146,8210,8028,8162,281168,132146
2010/10/13,8202,8252,8142,8214,241704,143474
2010/10/14,8250,8362,8228,8302,365070,161658
2010/10/15,8338,8340,8236,8314,271774,159414
2010/10/18,8188,8226,8076,8118,255500,152948
2010/10/19,8180,8290,8138,8192,98910,144864
2010/10/20,8064,8176,8010,8130,265842,143788
2010/10/21,8346,8428,8250,8294,410276,144696
2010/10/22,8288,8370,8272,8328,253268,152450
2010/10/25,8370,8642,8366,8550,327574,157334
2010/10/26,8550,8562,8438,8468,228106,145680
2010/10/27,8556,8576,8076,8320,208040,135186
2010/10/28,8402,8480,8340,8480,151602,123676
2010/10/29,8410,8450,8282,8318,167230,111704
2010/11/01,8356,8474,8356,8424,83516,108200
2010/11/02,8460,8516,8392,8436,86204,104994
2010/11/03,8450,8490,8360,8396,71924,98952
2010/11/04,8490,8714,8432,8692,79474,90062
2010/11/05,8800,9000,8790,9000,39684,88828
2010/11/08,9266,9688,9186,9466,646260,158014
2010/11/09,9420,9706,9380,9574,715358,169758
2010/11/10,9650,9772,9526,9556,642002,165450
2010/11/11,9620,9718,9512,9574,553812,189812
2010/11/12,9574,9600,9154,9154,458192,150842
2010/11/15,9034,9262,8806,9044,700560,140144
2010/11/16,9128,9176,8934,8954,558954,141342
2010/11/17,8592,8630,8592,8592,83740,130298
2010/11/18,8660,8732,8352,8656,555788,123414
2010/11/19,8820,8860,8610,8830,232894,148520
2010/11/22,8560,8682,8538,8558,401660,141210
2010/11/23,8600,8640,8410,8448,473372,133882
2010/11/24,8522,8660,8510,8658,357452,131646
2010/11/25,8650,8808,8650,8688,356416,122880
2010/11/26,8732,8746,8494,8626,527458,138318
2010/11/29,8600,8776,8540,8776,414928,167390
2010/11/30,8750,8850,8624,8844,435758,166504
2010/12/01,8804,9010,8792,8984,595126,192878
2010/12/02,9106,9156,9052,9066,313958,192328
2010/12/03,9046,9134,9026,9084,302122,178210
2010/12/06,9150,9240,9080,9230,388348,195246
2010/12/07,9202,9354,9178,9352,514188,217504
2010/12/08,9190,9260,9060,9072,431526,187692
2010/12/09,9238,9284,9158,9210,366354,188032
2010/12/10,9188,9218,9132,9196,269338,186894
2010/12/13,9150,9450,9150,9414,319524,211606
2010/12/14,9450,9490,9380,9464,99156,209248
2010/12/15,9412,9556,9334,9350,398414,200094
2010/12/16,9376,9406,9318,9352,228882,199746
2010/12/17,9352,9450,9338,9400,241226,188230
2010/12/20,9452,9514,9204,9340,332634,176984
2010/12/21,9440,9482,9370,9466,279556,177328
2010/12/22,9520,9530,9410,9444,202356,171354
2010/12/23,9488,9676,9472,9648,283236,174010
2010/12/24,9698,9706,9526,9656,219074,163776
2010/12/27,9600,9766,9576,9734,315972,166406
2010/12/28,9800,9890,9766,9814,256362,160038
2010/12/29,9796,9820,9640,9672,250426,153228
2010/12/30,9638,9776,9582,9770,212312,154752
2010/12/31,9708,9830,9682,9786,167614,152554
2011/01/04,9820,9952,9798,9924,219102,171810
2011/01/05,9800,9860,9754,9794,183922,163598
2011/01/06,9880,10118,9880,10088,255552,180714
2011/01/07,9960,10080,9758,9852,416438,174940
2011/01/10,9920,9934,9762,9814,262514,176136
2011/01/11,9870,9916,9810,9890,193388,169788
2011/01/12,9886,9942,9672,9718,463450,189226
2011/01/13,9900,9988,9780,9790,277382,173460
2011/01/14,9766,9852,9744,9836,192084,163812
2011/01/17,9800,9832,9710,9764,237124,164740
2011/01/18,9722,9780,9644,9720,204972,157104
2011/01/19,9760,9860,9734,9856,182388,158842
2011/01/20,9800,9890,9770,9834,211524,160294
2011/01/21,9770,9884,9770,9856,227258,166266
2011/01/24,9898,10160,9898,10008,320304,186228
2011/01/25,9968,9988,9792,9794,220190,178036
2011/01/26,9688,9688,9306,9586,243932,158542
2011/01/27,9712,9758,9622,9674,174380,162010
2011/01/28,9622,9724,9622,9682,128198,153958
2011/01/31,9708,9876,9706,9856,108334,147058
2011/02/01,9920,9942,9858,9908,87282,141880
2011/02/09,10010,10134,9900,10130,67548,159024
2011/02/10,10236,10296,10164,10198,176780,154778
2011/02/11,10076,10200,10076,10160,158712,156268
2011/02/14,10184,10214,10060,10182,54700,161566
2011/02/15,10088,10126,10026,10038,140688,164112
2011/02/16,9880,9896,9752,9848,203074,166912
2011/02/17,9880,9924,9686,9688,210282,177622
2011/02/18,9848,9860,9652,9654,185922,171130
2011/02/21,9620,9682,9566,9644,151608,172818
2011/02/22,9746,9788,9572,9732,255262,179398
2011/02/23,9300,9366,9128,9316,209838,158012
2011/02/24,9364,9408,9060,9180,198346,144418
2011/02/25,9224,9346,9214,9330,135158,133062
2011/02/28,9442,9478,9406,9456,132556,132004
2011/03/01,9438,9460,9330,9428,195288,135156
2011/03/02,9428,9606,9410,9578,221646,145736
2011/03/03,9578,9666,9506,9510,138464,138362
2011/03/04,9580,9638,9530,9632,136878,134614
2011/03/07,9620,9688,9592,9648,124746,129106
2011/03/08,9590,9594,9430,9490,132114,126952
2011/03/09,9500,9516,9376,9388,158240,118978
2011/03/10,9270,9312,9204,9230,129600,116298
2011/03/11,9270,9288,9152,9168,167212,116424
2011/03/14,9060,9156,8958,8988,157598,121432
2011/03/15,9000,9086,8962,9058,153728,123980
2011/03/16,8822,8970,8784,8948,139850,117246
2011/03/17,8900,9050,8882,9026,128816,115500
2011/03/18,9120,9198,9104,9178,102986,110326
2011/03/21,9270,9312,9212,9276,148786,111530
2011/03/22,9240,9254,9152,9160,153062,120396
2011/03/23,9178,9258,9162,9240,177608,126882
2011/03/24,9180,9210,8968,8978,326874,141528
2011/03/25,9080,9184,9058,9110,244796,126466
2011/03/28,9128,9206,9008,9124,256426,111338
2011/03/29,9090,9098,9000,9082,223488,104486
2011/03/30,9120,9214,9102,9184,168428,102844
2011/03/31,9200,9228,9136,9180,148004,99070
2011/04/01,9300,9306,9252,9260,117110,95524
2011/04/06,9284,9370,9244,9360,108660,97386
2011/04/07,9340,9374,9270,9294,125262,106656
2011/04/08,9250,9404,9246,9398,164060,101496
2011/04/11,9454,9560,9454,9488,130752,94230
2011/04/12,9500,9530,9360,9370,97584,115784
2011/04/13,9282,9292,9212,9284,94102,113414
2011/04/14,9250,9300,9162,9164,136508,114248
2011/04/15,9216,9238,9100,9108,128964,115820
2011/04/18,9094,9150,9040,9132,100670,121820
2011/04/19,9188,9200,9032,9056,131062,128576
2011/04/20,9108,9248,9102,9246,134362,130250
2011/04/21,9240,9280,9200,9240,139942,130042
2011/04/22,9280,9364,9250,9362,181450,143646
2011/04/25,9380,9398,9304,9320,168014,137058
2011/04/26,9264,9264,9166,9170,144850,131468
2011/04/27,9216,9242,9124,9142,163014,130842
2011/04/28,9180,9294,9172,9294,176846,137908
2011/04/29,9150,9164,9054,9070,200766,135974
2011/05/03,9170,9192,9136,9186,114712,132708
2011/05/04,9140,9140,9046,9086,140850,141456
2011/05/05,9046,9104,8974,9084,189884,142684
2011/05/06,8860,8930,8822,8832,251428,152888
2011/05/09,8884,8930,8870,8908,136148,148062
2011/05/10,8918,9004,8892,8988,175506,137038
2011/05/11,9030,9040,8974,8984,141008,138308
2011/05/12,8950,9028,8874,8880,248628,153156
2011/05/13,8952,9036,8934,9022,178238,145222
2011/05/16,8976,8986,8916,8932,184224,152960
2011/05/17,8920,8940,8830,8924,230124,140228
2011/05/18,8950,9022,8948,8984,143316,137604
2011/05/19,9100,9108,9042,9056,114856,130618
2011/05/20,9088,9190,9064,9184,212194,150670
2011/05/23,9196,9214,9102,9128,184226,141110
2011/05/24,9162,9262,9120,9246,183630,161832
2011/05/25,9230,9238,9158,9184,188030,159314
2011/05/26,9240,9286,9234,9278,155388,148680
2011/05/27,9298,9304,9252,9290,128834,135822
2011/05/30,9286,9372,9262,9330,151460,137504
2011/05/31,9320,9344,9280,9294,130708,138008
2011/06/01,9302,9330,9250,9262,134692,141308
2011/06/02,9252,9294,9214,9292,138370,146238
2011/06/03,9350,9476,9328,9470,167714,156708
2011/06/07,9330,9374,9302,9348,155518,154968
2011/06/08,9350,9386,9262,9298,179450,162128
2011/06/09,9332,9364,9286,9286,150814,164904
2011/06/10,9260,9282,9172,9180,203446,173734
2011/06/13,9162,9190,9136,9160,133086,182842
2011/06/14,9170,9220,9160,9200,124126,184178
2011/06/15,9200,9246,9170,9214,152002,190096
2011/06/16,9190,9192,9082,9100,182402,194420
2011/06/17,9090,9106,9020,9046,150654,200724
2011/06/20,9030,9090,9016,9040,148784,204964
2011/06/21,9068,9108,9056,9100,109264,206074
2011/06/22,9110,9118,9048,9062,108218,205554
2011/06/23,9040,9040,8924,8996,167660,207886
2011/06/24,8920,8972,8912,8916,154132,212586
2011/06/27,8890,8890,8716,8720,220718,225322
2011/06/28,8768,8812,8710,8732,184182,236568
2011/06/29,8800,8832,8780,8822,126590,222820
2011/06/30,8830,8894,8820,8888,101882,212406
2011/07/01,8780,8790,8722,8788,147960,216664
2011/07/04,8806,8890,8800,8872,47010,225224
2011/07/05,8876,8914,8818,8842,181288,243156
2011/07/06,8848,8876,8790,8828,161690,254802
2011/07/07,8826,8860,8806,8842,137018,256426
2011/07/08,8904,8980,8904,8940,157116,240554
2011/07/11,8932,8984,8922,8932,103878,232676
2011/07/12,8916,8936,8804,8844,140460,235274
2011/07/13,8880,8956,8880,8954,118936,227652
2011/07/14,9030,9030,8946,8984,91868,214562
2011/07/15,8972,8988,8902,8976,88304,198606
2011/07/18,8962,9022,8932,8934,68800,179322
2011/07/19,8950,8968,8930,8968,37398,171670
2011/07/20,9136,9240,9062,9208,322478,247394
2011/07/21,9200,9276,9188,9252,299608,270228
2011/07/22,9240,9254,9214,9246,147978,273212
2011/07/25,9202,9214,9092,9100,202478,266904
2011/07/26,9100,9178,9100,9172,139676,277752
2011/07/27,9202,9256,9200,9222,179086,282370
2011/07/28,9200,9202,9122,9122,182542,275332
2011/07/29,9090,9174,9044,9058,254578,269536
2011/08/01,9092,9224,9092,9222,213032,273200
2011/08/02,9200,9288,9196,9228,306582,288464
2011/08/03,9292,9298,9230,9230,175950,289176
2011/08/04,9210,9222,9132,9142,180892,290826
2011/08/05,9000,9000,8770,8876,329370,263018
2011/08/08,8800,8900,8800,8834,239042,293294
2011/08/09,8610,8670,8464,8636,303186,287272
2011/08/10,8700,8754,8680,8718,210300,293612
2011/08/11,8670,8766,8662,8764,227052,319754
2011/08/12,8848,8868,8764,8774,140548,311604
2011/08/15,8848,8896,8834,8866,177018,318268
2011/08/16,8906,8914,8804,8814,259390,292902
2011/08/17,8850,8886,8834,8864,151994,300412
2011/08/18,8904,8908,8840,8856,133688,300390
2011/08/19,8800,8826,8758,8820,141966,306186
2011/08/22,8858,8888,8810,8820,122244,304840
2011/08/23,8860,8946,8860,8942,160852,311320
2011/08/24,8936,8962,8898,8914,142772,316366
2011/08/25,8896,8924,8862,8880,111818,321090
2011/08/26,8872,8886,8788,8800,222760,360404
2011/08/29,8904,8970,8894,8964,239944,377070
2011/08/30,8986,9020,8942,8968,185934,375942
2011/08/31,9000,9076,8982,9056,244026,382418
2011/09/01,9050,9094,9022,9044,172622,386546
2011/09/02,9010,9056,9004,9044,185510,392966
2011/09/05,9032,9120,8978,8996,247988,403232
2011/09/06,8980,8980,8860,8938,183004,393772
2011/09/07,8952,9042,8930,9038,157460,410406
2011/09/08,9028,9050,8960,9022,204476,407678
2011/09/09,9000,9088,8992,9078,183376,418684
2011/09/13,8980,9006,8910,8920,189858,407284
2011/09/14,8936,8958,8780,8820,185784,405780
2011/09/15,8866,8884,8816,8840,177380,411246
2011/09/16,8800,8844,8772,8822,148336,411572
2011/09/19,8780,8780,8652,8656,150434,401658
2011/09/20,8680,8750,8666,8724,132512,398116
2011/09/21,8688,8738,8640,8712,176556,402580
2011/09/22,8592,8606,8526,8544,146250,389588
2011/09/23,8416,8460,8146,8280,266738,363762
2011/09/26,8268,8298,7914,7914,232122,338900
2011/09/27,8102,8166,8058,8132,188768,339370
2011/09/28,8100,8100,7982,8030,175420,314132
2011/09/29,7700,7870,7674,7846,162836,276418
2011/09/30,7876,8078,7810,8070,108634,276236
2011/10/10,7800,7856,7760,7792,171250,303142
2011/10/11,7860,7914,7780,7798,136136,303566
2011/10/12,7952,8016,7898,7974,187972,287552
2011/10/13,7962,7996,7936,7988,117770,289418
2011/10/14,8030,8050,7988,8024,120330,279296
2011/10/17,8100,8108,8042,8072,134536,258686
2011/10/18,8000,8016,7866,7892,97154,255614
2011/10/19,7950,7984,7894,7924,98368,253294
2011/10/20,7750,7768,7636,7736,190124,247628
2011/10/21,7780,7858,7780,7858,116750,232840
2011/10/24,7880,8056,7790,7986,179548,225746
2011/10/25,7998,8060,7946,7994,176734,223058
2011/10/26,7920,7986,7904,7964,107648,213610
2011/10/27,7940,8088,7924,8084,167802,221122
2011/10/28,8150,8180,8040,8052,121470,218534
2011/10/31,8046,8056,7932,7950,97438,214980
2011/11/01,7968,8000,7910,7930,123014,215378
2011/11/02,7890,8020,7844,8010,119908,220248
2011/11/03,7962,7970,7894,7900,91222,217100
2011/11/04,8010,8080,8010,8052,133710,226960
2011/11/07,8058,8058,7972,7980,96542,227318
2011/11/08,7974,8006,7896,7974,120404,229580
2011/11/09,8044,8110,8006,8044,161360,235016
2011/11/10,7912,7986,7830,7956,218318,240610
2011/11/11,8030,8168,8000,8130,285030,249880
2011/11/14,8180,8298,8172,8240,326752,261400
2011/11/15,8220,8276,8164,8252,238990,251894
2011/11/16,8354,8354,8158,8170,209500,230892
2011/11/17,8224,8340,8190,8292,277910,244228
2011/11/18,8130,8230,8070,8216,215168,232882
2011/11/21,8162,8212,8126,8152,161888,214274
2011/11/22,8070,8134,7996,8022,235666,195886
2011/11/23,8070,8084,7924,7938,176812,197660
2011/11/24,7880,7900,7706,7792,266802,197808
2011/11/25,7720,7854,7704,7760,228476,201106
2011/11/28,7780,7860,7780,7814,155760,186784
2011/11/29,7836,7880,7780,7864,153026,186990
2011/11/30,7882,7890,7758,7768,133636,187868
2011/12/01,7990,8022,7910,7970,158514,188132
2011/12/02,7980,7980,7924,7958,89494,188086
2011/12/05,8018,8028,7970,8008,93056,190276
2011/12/06,7978,7988,7938,7972,88592,187666
2011/12/07,8000,8030,7952,8028,83060,189120
2011/12/08,8006,8010,7916,7980,127884,190592
2011/12/09,7968,8010,7930,7968,89622,190656
2011/12/12,7868,7922,7838,7860,124010,184750
2011/12/13,7830,7896,7820,7824,100994,191728
2011/12/14,7842,7846,7690,7792,147220,190266
2011/12/15,7700,7804,7696,7784,148232,179914
2011/12/16,7812,7850,7770,7838,109152,178062
2011/12/19,7860,7882,7790,7828,118534,180910
2011/12/20,7818,7826,7766,7790,105934,174022
2011/12/21,7844,7844,7810,7826,51536,170488
2011/12/22,7826,7894,7826,7882,96910,166374
2011/12/23,7910,7956,7900,7936,79670,166106
2011/12/26,7996,7996,7906,7926,60202,168196
2011/12/27,7922,7928,7872,7882,52766,168948
2011/12/28,7950,7994,7940,7986,62632,170166
2011/12/29,7950,7986,7940,7966,40116,169066
2011/12/30,7952,8016,7952,8002,49432,163986
2012/01/04,8100,8140,8072,8086,55714,149786
2012/01/05,8102,8148,8056,8096,46408,147470
2012/01/06,8010,8088,8010,8076,23944,142040
2012/01/09,8040,8096,8026,8080,17006,139186
2012/01/10,8126,8156,8100,8106,23294,133446
2012/01/11,8096,8140,8080,8124,18282,132946
2012/01/12,8066,8100,8066,8090,9596,131210
2012/01/13,8016,8052,7992,7996,15306,129616
2012/01/16,7936,7950,7830,7880,29908,122828
2012/01/17,7910,7948,7882,7948,14530,119850
2012/01/18,7946,7954,7884,7886,9596,120142
2012/01/19,7956,7994,7928,7984,66138,128958
2012/01/20,8004,8056,7998,8044,49542,126184
2012/01/30,8052,8072,8016,8026,52186,127908
2012/01/31,7950,7990,7950,7976,57572,132212
2012/02/01,7990,8052,7984,8010,63116,132134
2012/02/02,8018,8106,8018,8092,111332,137448
2012/02/03,8098,8120,8070,8084,79004,141440
2012/02/06,8144,8180,8130,8168,85146,148458
2012/02/07,8180,8196,8100,8134,96070,145926
2012/02/08,8150,8230,8134,8230,122210,150938
2012/02/09,8200,8268,8200,8246,150364,152666
2012/02/10,8232,8234,8176,8190,82294,153148
2012/02/13,8218,8290,8210,8270,136920,154436
2012/02/14,8302,8312,8250,8260,93920,154262
2012/02/15,8282,8312,8260,8262,109942,157152
2012/02/16,8260,8278,8172,8218,120152,155134
2012/02/17,8240,8296,8240,8286,85110,155406
2012/02/20,8350,8410,8326,8334,146592,179216
2012/02/21,8360,8370,8302,8366,131620,185058
2012/02/22,8394,8394,8350,8366,75796,191210
2012/02/23,8362,8366,8312,8364,80786,191958
2012/02/24,8364,8374,8312,8348,110988,197852
2012/02/27,8378,8414,8358,8388,94108,201538
2012/02/28,8408,8438,8398,8434,69506,194630
2012/02/29,8412,8420,8380,8408,64278,192112
2012/03/01,8360,8376,8296,8298,129632,187580
2012/03/02,8336,8360,8326,8350,66482,185604
2012/03/05,8376,8390,8324,8358,73882,186498
2012/03/06,8350,8350,8310,8322,62306,188050
2012/03/07,8280,8290,8252,8262,59848,185994
2012/03/08,8272,8346,8264,8340,107276,195886
2012/03/09,8370,8570,8366,8568,323004,235146
2012/03/12,8550,8582,8500,8530,268502,253894
2012/03/13,8520,8608,8510,8596,208692,268030
2012/03/14,8650,8688,8562,8582,282606,257900
2012/03/15,8610,8664,8572,8614,276508,256708
2012/03/16,8670,8694,8610,8624,178796,259004
2012/03/19,8654,8690,8636,8658,138356,256632
2012/03/20,8640,8644,8536,8542,183290,233878
2012/03/21,8512,8554,8500,8532,115306,235586
2012/03/22,8550,8594,8506,8508,167466,233092
2012/03/23,8524,8644,8522,8642,178606,233876
2012/03/26,8696,8770,8668,8766,238792,269254
2012/03/27,8760,8770,8708,8742,161820,250806
2012/03/28,8712,8774,8676,8716,233098,238762
2012/03/29,8710,8734,8620,8664,241496,227584
2012/03/30,8618,8636,8570,8574,135300,217416
2012/04/05,8810,8888,8766,8876,186252,226602
2012/04/06,8898,8982,8882,8968,221622,227696
2012/04/09,9030,9030,8944,8956,176162,225380
2012/04/10,8950,9034,8928,9026,192478,231284
2012/04/11,8952,8954,8864,8908,191622,219348
2012/04/12,8938,8948,8892,8932,174530,225364
2012/04/13,9000,9026,8964,8980,212410,236686
2012/04/16,8850,8890,8822,8856,191804,235224
2012/04/17,8850,8876,8842,8862,131816,234102
2012/04/18,8896,8916,8790,8854,284784,229546
2012/04/19,8820,8844,8806,8842,144524,234652
2012/04/20,8836,8850,8802,8820,166120,234470
2012/04/23,8900,8928,8874,8878,127652,232814
2012/04/24,8850,8858,8770,8786,186352,242864
2012/04/25,8852,8862,8752,8756,238194,248708
2012/04/26,8766,8788,8726,8774,270504,232532
2012/04/27,8798,8798,8760,8774,99450,219834
2012/05/02,8770,8778,8712,8730,127394,219562
2012/05/03,8702,8714,8630,8634,129226,218988
2012/05/04,8600,8652,8596,8650,104284,210462
2012/05/07,8572,8586,8510,8540,130218,207730
2012/05/08,8562,8614,8554,8582,111838,206418
2012/05/09,8548,8570,8512,8564,94146,203134
2012/05/10,8552,8662,8542,8650,236426,212072
2012/05/11,8620,8648,8432,8438,262726,201418
2012/05/14,8444,8444,8264,8286,240426,190326
2012/05/15,8240,8256,8170,8230,174364,194112
2012/05/16,8228,8270,8090,8118,200634,184150
2012/05/17,8170,8200,8080,8156,206160,173632
2012/05/18,8120,8124,7966,7974,300324,179762
2012/05/21,8028,8110,7996,8076,200188,162100
2012/05/22,8056,8118,8056,8090,165582,159030
2012/05/23,7998,8000,7890,7910,193914,163372
2012/05/24,7900,7928,7828,7926,221750,172068
2012/05/25,7922,7948,7856,7942,233862,170802
2012/05/28,7980,8040,7958,8022,161244,156068
2012/05/29,8004,8062,7986,8052,144484,151342
2012/05/30,8020,8036,7968,7982,125762,147656
2012/05/31,7922,7950,7896,7906,69458,146306
2012/06/01,7872,7898,7788,7800,114672,141962
2012/06/04,7798,7798,7536,7570,146594,137432
2012/06/05,7630,7700,7610,7652,83366,126474
2012/06/06,7652,7746,7642,7686,96470,121860
2012/06/07,7802,7858,7760,7782,181480,146418
2012/06/08,7832,7840,7702,7758,237008,147782
2012/06/11,7810,7934,7808,7928,248548,153918
2012/06/12,7830,7866,7816,7862,175768,154314
2012/06/13,7858,7882,7820,7824,173824,171758
2012/06/14,7768,7772,7624,7628,424010,203890
2012/06/15,7630,7694,7602,7658,412216,198700
2012/06/18,7746,7754,7676,7742,372586,209914
2012/06/19,7770,7848,7744,7814,327414,208372
2012/06/20,7900,8022,7874,8016,373030,225850
2012/06/21,7928,7980,7882,7946,361144,226848
2012/06/25,8030,8120,7992,8006,413134,250616
2012/06/26,8066,8066,7974,7998,343516,244102
2012/06/27,8008,8026,7950,8002,330608,256198
2012/06/28,8030,8042,7944,7952,238152,243766
2012/06/29,7930,8070,7920,8066,330336,256522
2012/07/02,8200,8224,8096,8096,242098,231750
2012/07/03,8120,8182,8102,8176,219858,234256
2012/07/04,8202,8246,8152,8190,259780,236776
2012/07/05,8180,8262,8166,8222,318602,236992
2012/07/06,8232,8306,8206,8212,343816,221358
2012/07/09,8200,8344,8174,8308,436240,239798
2012/07/10,8280,8298,8196,8202,237668,231468
2012/07/11,8230,8306,8070,8134,466146,229760
2012/07/12,8114,8114,7984,7998,295556,222726
2012/07/13,8010,8046,7966,8040,315616,220564
2012/07/16,8100,8280,8100,8252,321816,214886
2012/07/17,8284,8292,8120,8154,305624,218760
2012/07/18,8178,8186,8004,8038,323388,242366
2012/07/19,8090,8100,8008,8052,419540,252830
2012/07/20,8062,8130,8034,8082,306522,222872
2012/07/23,8000,8000,7876,7882,260188,216616
2012/07/24,7700,7748,7592,7706,269814,214478
2012/07/25,7604,7742,7604,7652,245320,208012
2012/07/26,7692,7718,7634,7694,190932,205306
2012/07/27,7650,7774,7650,7768,206634,205240
2012/07/30,7840,7924,7784,7852,285630,206044
2012/07/31,7830,7892,7802,7860,250418,204090
2012/08/01,7880,7920,7840,7854,230106,210718
2012/08/02,7810,7810,7696,7768,326368,221334
2012/08/03,7700,7780,7698,7750,194452,212040
2012/08/06,7700,7820,7696,7788,232664,211056
2012/08/07,7782,7844,7782,7826,193630,222944
2012/08/08,7802,7810,7754,7758,200732,227614
2012/08/09,7788,7860,7778,7854,236606,228182
2012/08/10,7880,7884,7714,7746,320382,240272
2012/08/13,7800,7824,7736,7738,254684,244342
2012/08/14,7720,7748,7588,7690,403238,250116
2012/08/15,7666,7730,7630,7708,298532,227194
2012/08/16,7728,7750,7680,7736,287284,237600
2012/08/17,7760,7858,7752,7814,413684,237920
2012/08/20,7846,7846,7796,7808,220434,237650
2012/08/21,7850,7866,7790,7838,247902,221722
2012/08/22,7922,8054,7886,8042,519052,255162
2012/08/23,8086,8150,8022,8084,312612,249824
2012/08/24,8054,8244,8036,8240,589326,295436
2012/08/27,8300,8338,8240,8284,383742,270406
2012/08/28,8210,8260,8164,8174,241806,261844
2012/08/29,8162,8218,8072,8140,320784,256632
2012/08/30,8182,8232,8132,8196,258272,261926
2012/08/31,8160,8170,8056,8064,257594,260250
2012/09/03,8088,8280,8072,8230,339806,262452
2012/09/04,8256,8352,8216,8244,319666,263410
2012/09/05,8206,8302,8140,8200,389608,272758
2012/09/06,8138,8138,8056,8074,262224,268508
2012/09/07,8074,8108,7972,7974,366050,296432
2012/09/10,7992,8032,7954,8010,236864,299710
2012/09/11,8002,8056,7896,7914,361204,277068
2012/09/12,7912,7948,7880,7936,247238,272144
2012/09/13,7960,8034,7940,7946,246730,270844
2012/09/14,8050,8098,8010,8046,256058,271782
2012/09/17,8044,8094,7898,7908,329116,274020
2012/09/18,7850,7866,7706,7744,287684,273866
2012/09/19,7800,7852,7774,7802,187498,263936
2012/09/20,7840,7852,7744,7760,224170,260054
2012/09/21,7720,7730,7606,7614,320744,286212
2012/09/24,7550,7550,7350,7350,390494,313402
2012/09/25,7352,7380,7202,7266,687014,308506
2012/09/26,7252,7318,7222,7230,388272,288740
2012/09/27,7140,7244,7128,7158,342602,276690
2012/09/28,7206,7244,7172,7186,220106,265906
2012/10/08,7020,7020,6838,6872,480794,305242
2012/10/09,6882,7046,6880,7014,560080,300764
2012/10/10,6974,7048,6962,7022,423594,290912
2012/10/11,6972,7038,6930,7000,477136,309490
2012/10/12,7044,7082,6884,6896,473582,330574
2012/10/15,6814,6858,6754,6842,415580,334620
2012/10/16,6876,6932,6862,6926,227924,322222
2012/10/17,6860,6936,6856,6884,260392,314776
2012/10/18,6920,6978,6906,6950,166870,308174
2012/10/19,7002,7012,6960,6962,156920,285768
2012/10/22,6916,6986,6912,6984,126648,284266
2012/10/23,7010,7040,6964,6972,142398,270934
2012/10/24,7002,7020,6986,7016,105588,257852
2012/10/25,7330,7350,7240,7242,295552,332852
2012/10/26,7230,7280,7100,7134,426548,330104
2012/10/29,7100,7158,7060,7064,319642,338130
2012/10/30,7060,7094,6980,7012,389154,363774
2012/10/31,7012,7060,6950,7046,601068,366636
2012/11/01,7024,7106,7024,7074,331110,353474
2012/11/02,7068,7092,6936,6962,577100,367382
2012/11/05,6880,6920,6764,6784,507862,396034
2012/11/06,6798,6888,6786,6838,412430,383406
2012/11/07,6836,6882,6762,6856,535064,397388
2012/11/08,6806,6868,6780,6788,437004,409436
2012/11/09,6766,6794,6702,6708,760706,444098
2012/11/12,6608,6630,6482,6554,735930,459872
2012/11/13,6620,6696,6612,6650,577820,459342
2012/11/14,6690,6758,6630,6748,639082,468896
2012/11/15,6758,6838,6736,6750,694378,468262
2012/11/16,6766,6784,6662,6670,595276,459992
2012/11/19,6714,6782,6710,6772,441270,455326
2012/11/20,6800,6816,6710,6756,698888,442694
2012/11/21,6798,6798,6734,6782,455950,430888
2012/11/22,6798,6798,6744,6770,398160,413374
2012/11/23,6748,6766,6656,6762,822426,427090
2012/11/26,6788,6836,6766,6816,582850,407806
2012/11/27,6828,6870,6794,6808,518110,389544
2012/11/28,6840,6860,6730,6740,724406,437422
2012/11/29,6766,6780,6702,6744,649044,428098
2012/11/30,6750,6760,6662,6756,802986,416564
2012/12/03,6748,6880,6746,6840,528054,413284
2012/12/04,6788,6800,6728,6796,645198,427004
2012/12/05,6800,6846,6770,6836,528584,441980
2012/12/06,6876,6886,6790,6810,544898,432766
2012/12/07,6820,6850,6784,6838,430682,423910
2012/12/10,6824,6900,6802,6860,522018,463040
2012/12/11,6872,6896,6788,6788,823078,517198
2012/12/12,6752,6774,6676,6678,799746,549440
2012/12/13,6688,6736,6664,6698,603440,547020
2012/12/14,6690,6798,6682,6788,532150,524096
2012/12/17,6810,6882,6796,6830,548296,537818
2012/12/18,6820,6864,6788,6812,532656,544682
2012/12/19,6766,6788,6728,6772,403098,524152
2012/12/20,6726,6756,6666,6738,607584,512770
2012/12/21,6740,6874,6706,6858,868566,528164
2012/12/24,6882,6946,6840,6842,757034,529710
2012/12/25,6854,6908,6810,6866,646886,535066
2012/12/26,6872,6930,6842,6870,523820,539964
2012/12/27,6860,7018,6848,7016,941560,599108
2012/12/28,7012,7026,6932,6964,749854,610112
2012/12/31,6980,7044,6916,6922,653958,554520
2013/01/04,6940,7038,6898,7028,626342,561414
2013/01/07,6966,7016,6940,6964,604152,596144
2013/01/08,6978,6988,6828,6844,718090,596782
2013/01/09,6860,6860,6800,6804,525870,615842
2013/01/10,6838,6874,6722,6726,642526,630364
2013/01/11,6732,6748,6634,6640,698016,639434
2013/01/14,6700,6730,6662,6698,500238,627448
2013/01/15,6752,6788,6718,6726,464414,583928
2013/01/16,6750,6800,6740,6776,399654,549960
2013/01/17,6800,6818,6700,6712,454242,564772
2013/01/18,6720,6750,6652,6746,537290,555258
2013/01/21,6736,6778,6726,6752,301050,555730
2013/01/22,6746,6820,6746,6818,293718,536838
2013/01/23,6838,6850,6798,6826,182746,520212
2013/01/24,6796,6808,6686,6720,239094,501884
2013/01/25,6748,6762,6716,6724,154504,487666
2013/01/28,6730,6742,6678,6724,144128,481644
2013/01/29,6732,6732,6682,6702,140060,478726
2013/01/30,6704,6756,6696,6756,130478,468388
2013/01/31,6798,6844,6766,6836,165620,451050
2013/02/01,6820,6868,6816,6864,155778,444536
2013/02/04,6880,6906,6852,6854,98886,429764
2013/02/05,6850,6856,6810,6830,107060,415584
2013/02/06,6814,6854,6800,6810,64962,411788
2013/02/07,6802,6812,6750,6772,66194,401096
2013/02/08,6770,6806,6732,6736,57320,387246
2013/02/18,7018,7082,7000,7056,350084,476966
2013/02/19,7068,7130,7064,7118,384710,514760
2013/02/20,7148,7170,7110,7124,318866,519912
2013/02/21,7084,7086,6964,7024,568116,494836
2013/02/22,7010,7104,6992,7066,580722,533476
2013/02/25,6950,6960,6768,6780,799048,519496
2013/02/26,6780,6828,6698,6702,734330,501916
2013/02/27,6728,6744,6676,6732,458156,500744
2013/02/28,6730,6756,6622,6624,948238,591986
2013/03/01,6602,6646,6582,6608,655196,548520
2013/03/04,6620,6666,6596,6644,515800,532636
2013/03/05,6688,6696,6572,6602,689472,634598
2013/03/06,6606,6664,6560,6612,664798,584930
2013/03/07,6600,6636,6566,6570,485582,599634
2013/03/08,6640,6642,6606,6622,350178,562902
2013/03/11,6626,6636,6576,6578,450108,582012
2013/03/12,6598,6602,6500,6510,570042,603258
2013/03/13,6510,6510,6336,6340,654390,612188
2013/03/14,6350,6358,6246,6264,670986,598912
2013/03/15,6280,6390,6252,6362,742690,588568
2013/03/18,6314,6346,6220,6276,542104,562516
2013/03/19,6302,6350,6302,6332,352622,562332
2013/03/20,6296,6360,6276,6344,328446,551520
2013/03/21,6380,6460,6374,6412,499458,556712
2013/03/22,6406,6448,6370,6386,434108,562458
2013/03/25,6444,6478,6402,6416,436712,546388
2013/03/26,6410,6414,6332,6360,512484,535228
2013/03/27,6388,6418,6346,6416,421224,523970
2013/03/28,6410,6420,6278,6294,593314,552746
2013/03/29,6208,6266,6102,6246,586028,524140
2013/04/01,6210,6246,6118,6120,444522,516510
2013/04/02,6120,6232,6112,6228,663122,511568
2013/04/03,6200,6300,6166,6216,851898,493870
2013/04/08,6170,6294,6168,6282,537224,532840
2013/04/09,6300,6358,6298,6326,423328,527816
2013/04/10,6358,6410,6312,6396,603664,538364
2013/04/11,6360,6392,6288,6292,590408,536302
2013/04/12,6294,6338,6268,6326,476378,542302
2013/04/15,6260,6276,6130,6168,548920,525328
2013/04/16,6100,6162,6034,6148,623680,545248
2013/04/17,6170,6210,6080,6112,496658,518346
2013/04/18,6092,6114,6026,6086,482780,519666
2013/04/19,6112,6158,6104,6120,458732,507836
2013/04/22,6088,6090,5958,5958,571482,540928
2013/04/23,5958,6046,5938,6020,605500,538456
2013/04/24,6008,6056,5924,5936,649808,532736
2013/04/25,5980,6042,5968,5980,576998,532196
2013/04/26,6022,6048,5950,5950,564616,538004
2013/05/02,5900,5900,5826,5834,370838,551932
2013/05/03,5844,5926,5844,5884,476546,540552
2013/05/06,5920,5970,5880,5948,529046,548598
2013/05/07,5916,5964,5896,5904,491882,552930
2013/05/08,5926,5996,5914,5986,582908,563548
2013/05/09,5970,6008,5944,5966,363968,565212
2013/05/10,5982,6146,5974,6120,904302,602718
2013/05/13,6118,6170,6102,6118,613534,589420
2013/05/14,6156,6176,6096,6110,496924,576502
2013/05/15,6120,6120,5934,5954,716102,538212
2013/05/16,5968,6090,5942,6042,715242,524218
2013/05/17,6066,6098,6048,6078,457586,536030
2013/05/20,6092,6094,6016,6046,569074,539908
2013/05/21,6040,6070,6000,6048,462942,521574
2013/05/22,6060,6136,6056,6104,557486,522598
2013/05/23,6124,6130,6034,6048,435272,512390
2013/05/24,6070,6180,6062,6118,688968,531928
2013/05/27,6098,6138,6070,6132,342284,537344
2013/05/28,6146,6196,6130,6164,538896,563390
2013/05/29,6170,6254,6162,6200,536738,557468
2013/05/30,6154,6192,6114,6144,494066,535202
2013/05/31,6144,6182,6130,6140,323952,537932
2013/06/03,6160,6208,6158,6192,316442,528810
2013/06/04,6196,6202,6090,6102,420472,528122
2013/06/05,6112,6124,6064,6090,335878,508200
2013/06/06,6072,6186,6072,6166,509870,474346
2013/06/07,6190,6382,6152,6358,1177478,477692
2013/06/13,6318,6348,6250,6276,470396,438102
2013/06/14,6270,6270,6186,6210,370464,409782
2013/06/17,6222,6276,6210,6256,477216,475986
2013/06/18,6276,6342,6270,6272,450990,473508
2013/06/19,6252,6268,6210,6238,417978,508786
2013/06/20,6240,6274,6184,6198,460298,481684
2013/06/21,6096,6100,5982,5998,781474,509556
2013/06/24,5956,6016,5902,5918,562994,515724
2013/06/25,5948,5966,5880,5924,655698,519990
2013/06/26,5910,5960,5818,5878,649500,524200
2013/06/27,5846,5864,5806,5828,405884,523034
2013/06/28,5818,5878,5790,5844,391178,540030
2013/07/01,5820,5932,5814,5910,450376,523836
2013/07/02,5900,5930,5862,5898,348176,512142
2013/07/03,5904,5918,5878,5888,313970,525074
2013/07/04,5908,5962,5902,5928,448638,536514
2013/07/05,5928,5934,5870,5890,304182,540742
2013/07/08,5930,5960,5834,5850,487148,550564
2013/07/09,5858,5892,5852,5872,287772,546422
2013/07/10,5900,5926,5824,5882,405236,559192
2013/07/11,5894,5982,5888,5932,480354,555930
2013/07/12,5906,5916,5806,5818,583298,610958
2013/07/15,5780,5780,5638,5640,787282,662098
2013/07/16,5660,5678,5610,5636,501280,656236
2013/07/17,5600,5662,5590,5616,647856,684310
2013/07/18,5600,5664,5568,5642,563072,648204
2013/07/19,5650,5676,5582,5596,437980,675550
2013/07/22,5600,5636,5572,5616,426550,669482
2013/07/23,5610,5642,5588,5634,479042,666018
2013/07/24,5580,5594,5540,5568,410580,678474
2013/07/25,5502,5536,5502,5516,365652,687336
2013/07/26,5460,5488,5360,5368,506426,677678
2013/07/29,5376,5408,5354,5356,303176,678360
2013/07/30,5316,5366,5306,5350,435450,684034
2013/07/31,5364,5468,5346,5424,672746,674928
2013/08/01,5418,5442,5394,5412,317060,669130
2013/08/02,5430,5514,5424,5506,590064,695010
2013/08/05,5486,5486,5434,5446,336382,700006
2013/08/06,5464,5468,5418,5422,273202,696012
2013/08/07,5400,5406,5326,5328,410118,682410
2013/08/08,5322,5366,5316,5330,320742,678072
2013/08/09,5340,5414,5340,5358,514098,690340
2013/08/12,5354,5432,5346,5414,501566,741066
2013/08/13,5470,5596,5462,5570,791636,695242
2013/08/14,5570,5626,5494,5510,730174,706954
2013/08/15,5532,5580,5522,5542,781256,708922
2013/08/16,5610,5678,5586,5610,517682,636392
2013/08/19,5650,5674,5612,5634,358864,626080
2013/08/20,5680,5684,5522,5540,535970,618842
2013/08/21,5540,5570,5512,5536,286308,613304
2013/08/22,5520,5564,5490,5524,349752,618032
2013/08/23,5534,5552,5502,5550,360392,628240
2013/08/26,5650,5754,5650,5754,221738,592066
2013/08/27,5854,5862,5778,5826,623748,622652
2013/08/28,5800,5842,5700,5724,513300,580002
2013/08/29,5760,5764,5564,5594,766712,581894
2013/08/30,5598,5598,5532,5554,546672,616134
2013/09/02,5586,5650,5574,5650,408810,600854
2013/09/03,5678,5696,5562,5624,513616,611482
2013/09/04,5578,5604,5550,5584,414388,627660
2013/09/05,5568,5620,5556,5570,363864,626152
2013/09/06,5590,5660,5568,5652,511894,637606
2013/09/09,5650,5680,5632,5640,303300,650958
2013/09/10,5578,5578,5454,5494,701638,691694
2013/09/11,5508,5528,5488,5524,338610,694926
2013/09/12,5500,5540,5474,5498,417396,686622
2013/09/13,5550,5580,5446,5470,528066,674482
2013/09/16,5416,5452,5382,5392,370454,667380
2013/09/17,5402,5414,5354,5412,412372,665016
2013/09/18,5400,5452,5378,5392,402222,670530
2013/09/23,5348,5378,5310,5364,244514,686192
2013/09/24,5380,5434,5370,5410,314586,680882
2013/09/25,5398,5446,5380,5400,301976,688010
2013/09/26,5390,5426,5364,5404,214026,675726
2013/09/27,5400,5418,5364,5378,320470,625776
2013/09/30,5386,5418,5370,5384,230740,615826
2013/10/08,5400,5556,5380,5500,444452,644802
2013/10/09,5516,5564,5506,5528,321544,662992
2013/10/10,5560,5632,5530,5610,511818,646564
2013/10/11,5630,5664,5592,5620,324218,641746
2013/10/14,5610,5700,5600,5680,330052,630022
2013/10/15,5674,5682,5640,5674,222032,612726
2013/10/16,5684,5712,5650,5662,226716,605670
2013/10/17,5708,5790,5708,5746,341188,582538
2013/10/18,5736,5780,5702,5778,228002,577996
2013/10/21,5850,5938,5808,5906,395288,540750
2013/10/22,5938,5938,5852,5862,236982,501374
2013/10/23,5908,5952,5872,5920,332824,478246
2013/10/24,5954,5958,5866,5894,255388,465998
2013/10/25,5882,5884,5832,5858,242794,440484
2013/10/28,5850,5892,5834,5848,167226,432080
2013/10/29,5838,5882,5820,5878,173484,411016
2013/10/30,5912,6088,5912,6088,385468,456616
2013/10/31,6060,6096,6038,6060,238852,432988
2013/11/01,6090,6182,6074,6178,307214,428418
2013/11/04,6180,6180,6070,6100,245524,378914
2013/11/05,6284,6322,6232,6290,754750,452006
2013/11/06,6264,6300,6252,6270,566750,457938
2013/11/07,6252,6306,6234,6260,753576,463676
2013/11/08,6256,6274,6192,6228,669258,468992
2013/11/11,6228,6300,6174,6184,775084,434110
2013/11/12,6194,6228,6142,6226,767368,433548
2013/11/13,6282,6326,6260,6314,951168,468000
2013/11/14,6310,6344,6282,6332,624410,476902
2013/11/15,6302,6342,6270,6280,839862,474292
2013/11/18,6250,6282,6236,6242,517320,458850
2013/11/19,6230,6264,6206,6216,744268,454440
2013/11/20,6208,6270,6192,6268,605918,488236
2013/11/21,6260,6406,6260,6370,1278012,558174
2013/11/22,6430,6488,6424,6440,917988,563754
2013/11/25,6430,6494,6400,6450,832040,585900
2013/11/26,6410,6436,6288,6294,1184336,501218
2013/11/27,6294,6330,6268,6314,811020,488528
2013/11/28,6288,6358,6284,6318,787198,495704
2013/11/29,6332,6370,6312,6366,756338,498186
2013/12/02,6360,6370,6290,6304,833512,493510
2013/12/03,6298,6308,6224,6226,872490,497726
2013/12/04,6206,6268,6202,6252,547510,494046
2013/12/05,6280,6296,6158,6160,895292,526058
2013/12/06,6182,6196,6122,6182,791358,488902
2013/12/09,6194,6274,6192,6244,1019802,476478
2013/12/10,6220,6256,6190,6242,888952,466082
2013/12/11,6220,6260,6200,6260,644756,473970
2013/12/12,6250,6278,6192,6206,772540,465868
2013/12/13,6180,6180,6038,6058,964248,490806
2013/12/16,6070,6092,6032,6036,610974,486502
2013/12/17,6070,6118,6062,6076,714330,475240
2013/12/18,6038,6088,5984,6088,886816,502580
2013/12/19,6060,6078,6010,6028,572124,486408
2013/12/20,6050,6094,6040,6046,756028,466184
2013/12/23,6060,6080,5974,6056,926502,474708
2013/12/24,6046,6056,6000,6010,663666,471746
2013/12/25,6010,6022,5916,5926,755054,448926
2013/12/26,5922,5958,5916,5942,505814,461812
2013/12/27,5930,6066,5928,6050,860784,462640
2013/12/30,6050,6116,6026,6066,860460,459008
2013/12/31,6030,6072,6016,6038,523028,441864
2014/01/02,6080,6150,6068,6148,629522,447612
2014/01/03,6110,6118,6036,6068,529516,431040
2014/01/06,6054,6062,5958,5976,611684,435642
2014/01/07,5992,5992,5902,5936,530696,421006
2014/01/08,5920,5930,5776,5786,899106,438476
2014/01/09,5800,5866,5768,5812,686098,419726
2014/01/10,5832,5884,5824,5850,611098,425054
2014/01/13,5862,5874,5788,5828,623502,424624
2014/01/14,5806,5854,5794,5848,443412,416032
2014/01/15,5830,5854,5770,5780,472000,438026
2014/01/16,5818,5866,5818,5836,433222,430386
2014/01/17,5830,5846,5798,5824,332438,421018
2014/01/20,5806,5936,5764,5922,750760,433540
2014/01/21,5910,5936,5876,5888,387396,414140
2014/01/22,5880,5920,5858,5866,394544,385100
2014/01/23,5854,5874,5816,5846,531724,405696
2014/01/24,5860,5884,5830,5842,316818,386054
2014/01/27,5840,5846,5752,5774,355894,380416
2014/01/28,5744,5750,5660,5660,330686,384116
2014/01/29,5694,5726,5662,5672,245736,355280
2014/01/30,5662,5704,5630,5672,209596,343572
2014/02/07,5780,5860,5780,5804,272372,326446
2014/02/10,5790,5892,5790,5876,338430,383540
2014/02/11,5886,5886,5828,5838,285780,383022
2014/02/12,5868,5888,5848,5886,236692,400780
2014/02/13,5906,5972,5892,5932,446058,419446
2014/02/14,5976,6020,5962,6018,327622,421224
2014/02/17,5976,6020,5950,6010,318374,394246
2014/02/18,6028,6066,5996,6000,495242,387498
2014/02/19,6120,6168,6074,6078,518876,409616
2014/02/20,6092,6102,6024,6100,429242,402336
2014/02/21,6140,6140,6052,6074,372234,396594
2014/02/24,6120,6170,6074,6164,565260,406608
2014/02/25,6120,6140,6096,6112,285066,387422
2014/02/26,6096,6130,6040,6126,326510,396444
2014/02/27,6300,6310,6256,6266,577728,449036
2014/02/28,6240,6240,6156,6212,427112,436168
2014/03/03,6268,6322,6260,6298,505736,448264
2014/03/04,6276,6316,6238,6244,484566,443546
2014/03/05,6322,6380,6290,6372,569874,446584
2014/03/06,6340,6358,6290,6356,508352,449670
2014/03/07,6410,6448,6390,6444,454166,455246
2014/03/10,6406,6420,6314,6418,674140,470064
2014/03/11,6344,6546,6322,6518,1082688,553772
2014/03/12,6448,6482,6382,6438,797856,516832
2014/03/13,6392,6444,6360,6410,548060,505954
2014/03/14,6368,6392,6252,6274,592886,494580
2014/03/17,6248,6268,6204,6222,507034,484594
2014/03/18,6194,6270,6186,6204,587994,498854
2014/03/19,6230,6286,6226,6276,595298,489152
2014/03/20,6248,6248,6132,6146,589600,456586
2014/03/21,6122,6204,6112,6140,576008,464444
2014/03/24,6140,6186,6120,6160,382008,470646
2014/03/25,6122,6176,6072,6126,573290,459950
2014/03/26,6138,6230,6136,6196,495586,461042
2014/03/27,6172,6256,6140,6224,575408,472610
2014/03/28,6184,6222,6162,6182,486642,478282
2014/03/31,6162,6216,6148,6170,481756,470426
2014/04/01,6180,6210,6124,6194,550946,487686
2014/04/02,6266,6370,6252,6294,627970,490656
2014/04/03,6230,6246,6178,6182,450296,481324
2014/04/04,6246,6268,6218,6260,341150,473668
2014/04/08,6200,6244,6188,6230,277144,470918
2014/04/09,6260,6280,6156,6176,598674,480888
2014/04/10,6250,6270,6144,6144,531234,495906
2014/04/11,6146,6160,6046,6080,664280,495038
2014/04/14,6088,6136,6082,6112,416928,466824
2014/04/15,6108,6130,6058,6086,462390,466132
2014/04/16,6124,6214,6114,6212,541596,455240
2014/04/17,6250,6286,6218,6238,378724,439014
2014/04/18,6192,6208,6164,6190,322750,420502
2014/04/21,6192,6246,6124,6126,393312,420308
2014/04/22,6138,6204,6114,6190,348408,429672
2014/04/23,6156,6182,6120,6148,325942,429268
2014/04/24,6138,6160,6116,6140,264026,426298
2014/04/25,6160,6210,6148,6158,369186,423738
2014/04/28,6186,6240,6176,6192,389682,420182
2014/04/29,6150,6176,6124,6170,421708,428870
2014/04/30,6166,6170,6118,6130,315216,434904
2014/05/05,6070,6074,6006,6006,396906,449602
2014/05/06,5986,6006,5966,5988,314340,438000
2014/05/07,5972,6024,5972,6002,307938,418630
2014/05/08,6008,6012,5952,5968,283684,412720
2014/05/09,5996,5998,5958,5988,207232,399284
2014/05/12,5996,6002,5954,5962,265834,413818
2014/05/13,5952,6036,5932,6030,590290,475120
2014/05/14,6030,6052,5994,6022,368846,421170
2014/05/15,6026,6068,6010,6052,367312,430914
2014/05/16,6022,6034,5966,6002,288144,407648
2014/05/19,5974,5974,5940,5952,243510,406358
2014/05/20,5922,5948,5898,5900,296460,404892
2014/05/21,5874,5904,5854,5878,306720,432612
2014/05/22,5918,5950,5902,5922,274058,431682
2014/05/23,5928,5980,5916,5952,266346,430492
2014/05/26,5916,5932,5886,5898,208388,439294
2014/05/27,5900,5934,5880,5890,306560,435624
2014/05/28,5870,5976,5870,5960,325534,434168
2014/05/29,5928,5952,5910,5912,209180,415706
2014/05/30,5896,5900,5862,5882,235256,411320
2014/06/03,5828,5838,5782,5820,165284,419612
2014/06/04,5800,5838,5794,5814,157658,416664
2014/06/05,5876,5908,5844,5844,261946,420994
2014/06/06,5826,5850,5804,5836,157556,417148
2014/06/09,5844,5872,5832,5858,118450,408578
2014/06/10,5858,5884,5830,5834,176416,390818
2014/06/11,5830,5848,5770,5780,249138,360230
2014/06/12,5750,5776,5734,5758,170110,354694
2014/06/13,5788,5826,5780,5816,213400,336680
2014/06/16,5858,5892,5800,5802,200734,311088
2014/06/17,5896,5898,5832,5880,294034,377278
2014/06/18,5878,5940,5858,5900,365554,416150
2014/06/19,5930,5942,5894,5900,254450,405048
2014/06/20,5910,5954,5898,5938,221134,406206
2014/06/23,5938,6058,5936,6034,427804,413576
2014/06/24,6032,6068,6008,6028,375416,403646
2014/06/25,6064,6118,6032,6056,619422,426054
2014/06/26,6052,6076,6034,6058,254678,446732
2014/06/27,6040,6048,5988,5994,332588,428846
2014/06/30,5968,5970,5926,5930,219662,427054
2014/07/01,5796,5844,5732,5786,410288,442266
2014/07/02,5810,5840,5792,5820,221272,450340
2014/07/03,5800,5820,5784,5788,231956,484598
2014/07/04,5792,5814,5782,5792,203766,487766
2014/07/07,5780,5830,5766,5804,496900,457252
2014/07/08,5812,5848,5788,5808,474912,466242
2014/07/09,5788,5800,5762,5786,497622,440082
2014/07/10,5786,5994,5732,5858,1112206,461880
2014/07/11,5858,5862,5794,5806,486764,424594
2014/07/14,5776,5780,5676,5712,589750,420984
2014/07/15,5676,5718,5666,5684,449586,434764
2014/07/16,5682,5742,5674,5710,469054,451580
2014/07/17,5720,5728,5702,5720,269058,450348
2014/07/18,5710,5714,5676,5694,388586,490272
2014/07/21,5712,5736,5656,5670,581670,530660
2014/07/22,5668,5676,5592,5644,564984,533390
2014/07/23,5644,5644,5558,5594,687958,560372
2014/07/24,5586,5668,5572,5646,454604,484648
2014/07/25,5690,5690,5634,5650,438800,481858
2014/07/28,5616,5662,5572,5628,645854,525612
2014/07/29,5610,5670,5610,5652,395002,526434
2014/07/30,5630,5662,5618,5654,591772,505688
2014/07/31,5660,5678,5636,5656,459968,526438
2014/08/01,5640,5660,5636,5656,295872,506970
2014/08/04,5656,5666,5610,5634,353896,508868
2014/08/05,5638,5656,5614,5628,323646,536606
2014/08/06,5608,5624,5600,5606,206854,545446
2014/08/07,5610,5646,5606,5626,280002,545460
2014/08/08,5632,5648,5612,5626,203530,547160
2014/08/11,5608,5642,5592,5612,344956,537166
2014/08/12,5570,5590,5544,5570,419232,535044
2014/08/13,5578,5582,5556,5564,263474,527076
2014/08/14,5566,5574,5412,5440,686360,528860
2014/08/15,5448,5466,5376,5382,730258,603074
2014/08/18,5372,5378,5284,5298,722948,620438
2014/08/19,5296,5314,5288,5306,299832,577694
2014/08/20,5286,5286,5236,5252,542058,602712
2014/08/21,5236,5302,5230,5262,816092,615294
2014/08/22,5250,5276,5240,5254,303492,617776
2014/08/25,5212,5216,5104,5174,1021220,613296
2014/08/26,5208,5228,5160,5166,489172,629200
2014/08/27,5178,5260,5116,5222,1259478,626626
2014/08/28,5186,5212,5168,5198,493170,621438
2014/08/29,5194,5216,5170,5196,384972,604182
2014/09/01,5148,5166,5124,5156,559378,580052
2014/09/02,5160,5196,5140,5182,435856,605748
2014/09/03,5188,5238,5172,5188,474940,585742
2014/09/04,5202,5222,5180,5194,431824,601178
2014/09/05,5250,5268,5204,5230,459236,621712
2014/09/09,5230,5250,5184,5188,172444,604102
2014/09/10,5192,5196,5090,5130,731582,613004
2014/09/11,5142,5178,5128,5160,505750,626302
2014/09/12,5182,5202,5152,5198,564972,666402
2014/09/15,5210,5260,5182,5240,522472,669756
2014/09/16,5216,5298,5188,5226,733594,668376
2014/09/17,5228,5248,5212,5238,438936,689882
2014/09/18,5258,5288,5250,5278,654990,709142
2014/09/19,5252,5262,5182,5196,557042,658036
2014/09/22,5172,5198,5062,5076,751222,533222
2014/09/23,5084,5138,5036,5116,1180588,522302
2014/09/24,5126,5162,5124,5140,531248,550504
2014/09/25,5170,5268,5164,5250,891632,564002
2014/09/26,5270,5278,5154,5218,1219522,622920
2014/09/29,5170,5188,5148,5166,486696,571194
2014/09/30,5188,5250,5176,5240,558414,592796
2014/10/08,5234,5270,5214,5238,211470,578068
2014/10/09,5242,5284,5218,5276,475438,601562
2014/10/10,5260,5264,5194,5230,809672,626804
2014/10/13,5222,5228,5184,5218,888604,653384
2014/10/14,5200,5276,5184,5264,671528,658488
2014/10/15,5258,5324,5222,5244,1282604,630058
2014/10/16,5220,5232,5180,5188,650980,598040
2014/10/17,5170,5236,5158,5190,999212,562374
2014/10/20,5200,5208,5128,5138,514696,554534
2014/10/21,5142,5160,5108,5118,533512,543736
2014/10/22,5124,5144,5110,5140,556062,511712
2014/10/23,5158,5196,5150,5170,600892,504342
2014/10/24,5170,5206,5168,5178,449324,465016
2014/10/27,5172,5180,5120,5140,289706,430748
2014/10/28,5130,5152,5114,5150,277966,421522
2014/10/29,5178,5298,5166,5294,944372,456898
2014/10/30,5316,5402,5296,5362,1218258,470318
2014/10/31,5342,5402,5324,5396,704750,452780
2014/11/03,5374,5430,5366,5394,779432,416770
2014/11/04,5410,5422,5314,5338,629582,365366
2014/11/05,5316,5316,5176,5178,730156,290814
2014/11/06,5180,5240,5164,5220,517010,266752
2014/11/07,5176,5280,5176,5258,416944,246826
2014/11/10,5300,5368,5280,5366,764366,283248
2014/11/11,5388,5426,5324,5342,838286,303394
2014/11/12,5380,5450,5380,5420,941992,296988
2014/11/13,5410,5442,5348,5374,985602,314742
2014/11/14,5352,5388,5330,5332,1043538,336318
2014/11/17,5320,5384,5314,5340,889232,344340
2014/11/18,5346,5366,5286,5334,732726,346736
2014/11/19,5366,5378,5318,5344,856430,353274
2014/11/20,5340,5352,5276,5286,800408,391262
2014/11/21,5296,5314,5280,5306,708290,381202
2014/11/24,5356,5368,5306,5306,1043598,400916
2014/11/25,5298,5336,5286,5318,751214,387818
2014/11/26,5338,5350,5302,5306,649236,378394
2014/11/27,5330,5338,5278,5334,694232,357404
2014/11/28,5308,5320,5196,5200,1089450,472464
2014/12/01,5208,5218,5042,5042,919968,458946
2014/12/02,5060,5160,5030,5062,1436244,468622
2014/12/03,5050,5116,4980,5044,1746002,533298
2014/12/04,5062,5084,5022,5038,1157050,559908
2014/12/05,5020,5050,5002,5044,1126866,556656
2014/12/08,5046,5066,5034,5038,892934,546196
2014/12/09,5022,5030,4986,5010,1046450,525330
2014/12/10,5002,5058,5002,5044,1087636,560520
2014/12/11,5048,5078,4990,4998,1109528,567164
2014/12/12,5030,5054,5002,5010,841794,531804
2014/12/15,5004,5050,4992,5028,797124,503922
2014/12/16,5022,5038,4948,4952,831622,577812
2014/12/17,4928,4976,4920,4940,698988,557568
2014/12/18,4940,4970,4892,4926,801738,550182
2014/12/19,4950,4974,4898,4912,606440,552678
2014/12/22,4924,4958,4912,4950,581946,540952
2014/12/23,4950,4950,4916,4924,385620,550616
2014/12/24,4938,4966,4918,4930,587818,561390
2014/12/25,4922,4946,4920,4934,246104,546662
2014/12/26,4938,4956,4926,4932,263076,548274
2014/12/29,4952,5100,4944,5062,873286,553036
2014/12/30,5066,5130,5046,5082,580278,541736
2014/12/31,5068,5098,5052,5078,382500,525976
2015/01/05,5048,5052,4982,5006,240460,532642
2015/01/06,5000,5050,4984,5038,393316,525292
2015/01/07,5040,5066,5004,5026,342328,519712
2015/01/08,5070,5088,5038,5062,473784,529996
2015/01/09,5086,5098,5040,5052,433036,526510
2015/01/12,5050,5076,5044,5060,227010,532212
2015/01/13,5058,5058,4972,4982,299966,537682
2015/01/14,4986,5008,4924,4938,358504,535308
2015/01/15,4926,4974,4900,4956,428382,547210
2015/01/16,4956,4998,4920,4942,379078,540918
2015/01/19,4936,4982,4760,4896,718154,474688
2015/01/20,4880,4912,4864,4888,295924,476784
2015/01/21,4888,4928,4870,4894,382368,493330
2015/01/22,4870,4908,4864,4876,285746,489316
2015/01/23,4890,4892,4854,4870,329186,481754
2015/01/26,4852,4874,4836,4836,247708,463804
2015/01/27,4840,4868,4822,4826,327400,471282
2015/01/28,4834,4850,4780,4810,315388,465740
2015/01/29,4814,4818,4736,4756,332030,481950
2015/01/30,4722,4746,4610,4652,617164,499368
2015/02/02,4680,4708,4628,4694,336800,477366
2015/02/03,4718,4750,4696,4736,293516,472290
2015/02/04,4740,4818,4736,4750,343794,450958
2015/02/05,4778,4826,4736,4802,479924,442668
2015/02/06,4888,4952,4846,4896,812316,421582
2015/02/09,4930,4934,4884,4916,397022,413604
2015/02/10,4892,4942,4886,4940,273506,411748
2015/02/11,4912,4942,4898,4936,259104,401270
2015/02/12,4918,4924,4882,4886,323994,368938
2015/02/13,4902,4988,4890,4986,327188,372408
2015/02/16,4990,5030,4972,5000,204542,346924
2015/02/17,5002,5016,4990,4996,82618,333412
2015/02/25,4976,4978,4816,4942,125970,319178
2015/02/26,4952,4974,4936,4962,116924,321936
2015/02/27,4974,5104,4966,5100,351048,363518
2015/03/02,5100,5174,5100,5164,447282,372620
2015/03/03,5164,5220,5070,5106,529290,345050
2015/03/04,5124,5170,5100,5142,241488,339784
2015/03/05,5098,5114,5020,5056,234122,312268
2015/03/06,5020,5040,4968,4970,151198,301170
2015/03/09,4972,5016,4944,5014,138526,288376
2015/03/10,4804,4808,4732,4742,441202,333666
2015/03/11,4744,4752,4706,4742,396420,369372
2015/03/12,4754,4776,4732,4748,316596,372660
2015/03/13,4742,4756,4706,4724,322900,379322
2015/03/16,4724,4734,4536,4650,505634,351798
2015/03/17,4660,4680,4646,4662,344602,404802
2015/03/18,4602,4626,4578,4616,637820,515052
2015/03/19,4652,4774,4652,4738,803982,512322
2015/03/20,4730,4756,4678,4688,593376,557522
2015/03/23,4650,4744,4642,4730,714462,608354
2015/03/24,4730,4788,4708,4730,702168,621754
2015/03/25,4740,4752,4714,4716,450566,628748
2015/03/26,4752,4766,4698,4752,610362,627142
2015/03/27,4750,4762,4674,4688,514884,623764
2015/03/30,4700,4706,4642,4664,469874,607624
2015/03/31,4680,4686,4632,4644,429164,590226
2015/04/01,4626,4696,4620,4650,398886,604216
2015/04/02,4650,4688,4612,4670,572444,630800
2015/04/03,4652,4680,4646,4678,306492,606770
2015/04/07,4706,4778,4702,4746,294052,606364
2015/04/08,4726,4730,4692,4714,303586,617796
2015/04/09,4696,4702,4648,4656,365568,602082
2015/04/10,4630,4672,4620,4626,386470,599762
2015/04/13,4644,4688,4636,4676,430286,625806
2015/04/14,4670,4686,4632,4642,360574,637088
2015/04/15,4666,4734,4662,4720,747760,681610
2015/04/16,4704,4802,4690,4762,886354,694486
2015/04/17,4742,4774,4734,4742,406422,701910
2015/04/20,4752,4848,4748,4846,897266,758058
2015/04/21,4824,4926,4812,4918,1010870,749012
2015/04/22,4912,4934,4854,4896,822094,737320
2015/04/23,4902,4926,4872,4880,956542,717204
2015/04/24,4898,4930,4860,4868,940678,697520
2015/04/27,4870,4924,4834,4908,840964,763944
2015/04/28,4886,4932,4858,4868,901886,753280
2015/04/29,4870,4892,4830,4852,632060,758168
2015/04/30,4860,4904,4836,4878,670580,804306
2015/05/04,4870,4990,4854,4980,737616,836140
2015/05/05,4990,5092,4984,5050,1182844,753296
2015/05/06,5070,5206,5056,5162,1360948,797958
2015/05/07,5154,5168,5072,5108,948898,799034
2015/05/08,5098,5098,5002,5008,860076,778976
2015/05/11,5032,5100,5018,5094,709774,789116
2015/05/12,5106,5130,5064,5092,876902,822224
2015/05/13,5122,5172,5110,5116,985976,780984
2015/05/14,5114,5124,5056,5112,729058,801338
2015/05/15,5124,5164,5102,5138,941750,789500
2015/05/18,5110,5110,5062,5100,590556,768470
2015/05/19,5096,5100,5008,5026,559642,751674
2015/05/20,5000,5006,4860,4908,851050,682944
2015/05/21,4910,4952,4894,4918,517618,691232
2015/05/22,4936,4966,4912,4938,450228,675114
2015/05/25,4898,4934,4876,4918,461842,695274
2015/05/26,4930,5090,4918,5058,886790,710228
2015/05/27,5054,5120,5040,5084,972186,735998
2015/05/28,5060,5184,5048,5148,1282304,743794
2015/05/29,5138,5162,5100,5116,885376,708296
2015/06/01,5130,5254,5116,5184,1497370,637132
2015/06/02,5238,5250,5186,5232,933004,580186
2015/06/03,5202,5248,5122,5138,828870,508354
2015/06/04,5152,5168,5064,5126,654472,460112
2015/06/05,5340,5390,5272,5372,886642,597904
2015/06/08,5372,5412,5324,5352,977406,627314
2015/06/09,5334,5354,5200,5258,988742,619106
2015/06/10,5286,5310,5216,5252,895620,632414
2015/06/11,5268,5286,5214,5256,823288,604006
2015/06/12,5244,5268,5130,5132,1029444,527678
2015/06/15,5162,5190,5106,5132,601830,512466
2015/06/16,5128,5210,5106,5204,740552,526614
2015/06/17,5198,5222,5138,5190,825138,524112
2015/06/18,5192,5216,5078,5086,849680,482692
2015/06/19,5076,5124,5044,5114,664172,466680
2015/06/23,5146,5162,5070,5088,379238,466652
2015/06/24,5070,5150,5048,5140,741480,507284
2015/06/25,5166,5210,5140,5152,812734,507012
2015/06/26,5168,5204,5084,5122,929346,477794
2015/06/29,5170,5204,5074,5106,854502,456746
2015/06/30,5120,5120,4960,5014,836276,420242
2015/07/01,5010,5204,4996,5134,736912,442772
2015/07/02,5152,5154,5058,5114,618268,432784
2015/07/03,5104,5164,5102,5120,624284,442812
2015/07/06,5118,5120,4930,4990,786004,403906
2015/07/07,4986,5030,4920,4944,698172,392934
2015/07/08,4916,4920,4774,4774,483190,333474
2015/07/09,4700,4894,4522,4792,1170240,331066
2015/07/10,4842,4912,4818,4912,567476,350840
2015/07/13,4882,4950,4810,4872,616966,330292
2015/07/14,4870,5004,4842,4934,891122,354198
2015/07/15,4930,4980,4892,4912,705966,365492
2015/07/16,4892,4916,4816,4862,580390,372902
2015/07/17,4882,4910,4804,4852,543928,374198
2015/07/20,4820,4896,4806,4890,641268,398932
2015/07/21,4890,4966,4874,4966,898206,453456
2015/07/22,4970,4988,4912,4952,740424,441486
2015/07/23,4920,4928,4862,4878,637620,423566
2015/07/24,4876,4900,4842,4860,514482,406748
2015/07/27,4850,4874,4736,4756,678800,375462
2015/07/28,4722,4780,4688,4746,578156,374698
2015/07/29,4756,4814,4752,4774,516132,371238
2015/07/30,4750,4784,4734,4748,508902,393058
2015/07/31,4790,4798,4742,4752,515086,416690
2015/08/03,4736,4762,4632,4644,672702,428388
2015/08/04,4606,4666,4596,4642,714354,444142
2015/08/05,4660,4676,4624,4644,485372,454366
2015/08/06,4640,4642,4546,4560,610416,475906
2015/08/07,4580,4594,4486,4572,757804,483646
2015/08/10,4560,4624,4532,4566,694122,502952
2015/08/11,4560,4698,4552,4642,1183014,529114
2015/08/12,4620,4678,4596,4674,795250,521056
2015/08/13,4670,4724,4502,4628,985244,529826
2015/08/14,4614,4664,4582,4586,866288,562398
2015/08/17,4574,4618,4574,4608,598988,586724
2015/08/18,4622,4632,4548,4566,580102,597042
2015/08/19,4578,4578,4498,4544,735616,551634
2015/08/20,4544,4552,4448,4448,793706,604074
2015/08/21,4476,4484,4424,4438,883826,624054
2015/08/24,4424,4434,4276,4276,934054,583428
2015/08/25,4180,4222,4088,4122,1408046,523832
2015/08/26,4216,4256,4116,4138,950776,543450
2015/08/27,4134,4196,4078,4188,994968,553006
2015/08/28,4216,4296,4200,4296,1047530,477164
2015/08/31,4310,4320,4230,4272,1030108,493826
2015/09/01,4240,4360,4232,4312,870702,469654
2015/09/02,4300,4314,4234,4252,582466,454030
2015/09/07,4232,4258,4202,4222,359654,488574
2015/09/08,4252,4294,4242,4292,496550,493120
2015/09/09,4310,4378,4310,4326,741706,486022
2015/09/10,4336,4354,4280,4340,890356,538298
2015/09/11,4356,4398,4332,4336,798444,527146
2015/09/14,4308,4342,4266,4336,889304,538360
2015/09/15,4358,4410,4290,4292,1373330,544420
2015/09/16,4294,4316,4244,4310,1458508,570078
2015/09/17,4318,4328,4270,4276,1018844,589646
2015/09/18,4252,4300,4252,4264,880926,580334
2015/09/21,4240,4298,4210,4294,872304,581734
2015/09/22,4300,4332,4272,4282,1160582,685334
2015/09/23,4260,4332,4258,4298,1186754,783616
2015/09/24,4332,4398,4324,4398,1245250,818474
2015/09/25,4382,4528,4380,4484,1984072,837784
2015/09/28,4548,4556,4486,4502,948428,751528
2015/09/29,4528,4532,4384,4418,1420076,583630
2015/09/30,4458,4496,4432,4480,918976,543336
2015/10/08,4478,4550,4468,4482,583200,585832
2015/10/09,4488,4532,4442,4518,1087702,666800
2015/10/12,4510,4636,4484,4600,1422066,723662
2015/10/13,4598,4674,4536,4666,1559070,751800
2015/10/14,4660,4680,4620,4636,1229798,714660
2015/10/15,4668,4684,4616,4656,1126364,715630
2015/10/16,4636,4648,4586,4622,1283180,701264
2015/10/19,4610,4620,4556,4562,1051120,685574
2015/10/20,4540,4556,4476,4516,1237804,694056
2015/10/21,4526,4574,4524,4540,1261196,726566
2015/10/22,4548,4622,4544,4618,1121430,760310
2015/10/23,4620,4630,4526,4548,1301728,681686
2015/10/26,4560,4560,4438,4448,1503636,674514
2015/10/27,4438,4460,4388,4450,1224086,731936
2015/10/28,4454,4460,4388,4418,1331238,729550
2015/10/29,4430,4476,4418,4420,1125376,737350
2015/10/30,4440,4448,4388,4394,1036268,760112
2015/11/02,4394,4446,4356,4428,1073508,735462
2015/11/03,4398,4406,4330,4332,993318,716548
2015/11/04,4328,4384,4326,4376,1004684,766520
2015/11/05,4386,4406,4338,4350,1061026,766076
2015/11/06,4344,4350,4224,4256,1957222,790440
2015/11/09,4264,4286,4238,4258,983558,755558
2015/11/10,4274,4286,4208,4248,844934,777216
2015/11/11,4244,4246,4142,4168,1401736,671190
2015/11/12,4166,4208,4162,4188,689648,653700
2015/11/13,4178,4202,4154,4172,682026,622152
2015/11/16,4130,4166,4130,4140,523224,594412
2015/11/17,4150,4182,4122,4166,540782,582284
2015/11/18,4162,4174,4112,4146,676284,560458
2015/11/19,4164,4174,4064,4094,912046,540602
2015/11/20,4088,4108,3984,4098,1696830,575308
2015/11/23,4100,4164,4072,4098,1441102,536360
2015/11/24,4100,4240,4092,4214,816200,521144
2015/11/25,4196,4216,4174,4198,541506,502554
2015/11/26,4190,4306,4172,4272,539548,435488
2015/11/27,4560,4646,4532,4644,939378,508494
2015/11/30,4620,4636,4540,4598,757534,483694
2015/12/01,4592,4696,4588,4638,1093126,502530
2015/12/02,4636,4718,4614,4664,831100,525782
2015/12/03,4660,4704,4602,4636,1105406,528666
2015/12/04,4648,4680,4624,4656,991818,581794
2015/12/07,4660,4800,4644,4788,1051296,629892
2015/12/08,4798,4810,4652,4690,1012468,597852
2015/12/09,4672,4718,4620,4640,895522,560852
2015/12/10,4642,4696,4624,4658,907606,575446
2015/12/11,4650,4732,4646,4730,983412,594868
2015/12/14,4732,4786,4702,4708,1121998,619230
2015/12/15,4672,4758,4656,4674,1197876,631128
2015/12/16,4668,4686,4626,4656,1076884,579356
2015/12/17,4646,4676,4554,4560,1204136,643092
2015/12/18,4562,4580,4506,4570,1173688,635322
2015/12/21,4580,4696,4548,4696,1192204,591504
2015/12/22,4686,4726,4670,4714,979918,595598
2015/12/23,4722,4740,4674,4730,1074594,614996
2015/12/24,4740,4780,4686,4692,1291436,615056
2015/12/25,4696,4736,4676,4734,760378,620782
2015/12/28,4738,4748,4648,4650,790392,580234
2015/12/29,4632,4828,4618,4814,1374896,655492
2015/12/30,4796,4868,4792,4864,2192238,778876
2015/12/31,4848,4878,4822,4870,1495872,795220
2016/01/04,4850,4930,4764,4804,1175296,748910
2016/01/05,4790,4840,4782,4836,1356374,786734
2016/01/06,4830,4842,4722,4724,1517222,740934
2016/01/07,4732,4768,4682,4732,1648008,736548
2016/01/08,4730,4778,4698,4728,1410710,732964
2016/01/11,4740,4750,4662,4694,1483374,719508
2016/01/12,4680,4702,4612,4624,1350496,700412
2016/01/13,4634,4674,4626,4630,1116442,710230
2016/01/14,4660,4684,4620,4640,1229900,699668
2016/01/15,4626,4676,4612,4654,1053500,684832
2016/01/18,4646,4724,4630,4696,1368502,718278
2016/01/19,4690,4730,4676,4710,1077016,736082
2016/01/20,4718,4740,4630,4632,1108754,689278
2016/01/21,4632,4650,4540,4560,1642328,684372
2016/01/22,4562,4642,4558,4632,1303448,629200
2016/01/25,4650,4684,4642,4658,866604,596468
2016/01/26,4648,4696,4638,4692,1030528,583490
2016/01/27,4700,4750,4686,4750,1084532,580270
2016/01/28,4748,4772,4734,4742,943498,630188
2016/01/29,4740,4776,4690,4704,1061744,587038
2016/02/01,4702,4726,4692,4720,715954,583682
2016/02/02,4714,4780,4702,4778,706536,622820
2016/02/03,4780,4784,4738,4768,700608,590030
2016/02/04,4770,4814,4764,4792,554480,580256
2016/02/05,4790,4848,4774,4834,488836,576908
