2009/05/25,6575,6630,6435,6490,107764,12278
2009/05/26,6485,6540,6445,6460,38290,10562
2009/05/27,6500,6535,6460,6485,34002,10346
2009/06/01,6555,6595,6520,6570,26178,10352
2009/06/02,6590,6590,6545,6555,13496,9388
2009/06/03,6565,6595,6550,6580,14680,9452
2009/06/04,6545,6570,6530,6555,8532,8780
2009/06/05,6590,6695,6575,6655,19864,10196
2009/06/08,6650,6970,6620,6970,107348,34972
2009/06/09,7020,7160,6910,7040,354866,47952
2009/06/10,7120,7130,6955,6990,212152,38412
2009/06/11,7025,7050,6930,6930,104918,38284
2009/06/12,6955,6970,6790,6820,142654,39346
2009/06/15,6800,6910,6755,6855,109950,41324
2009/06/16,6805,6890,6800,6850,63206,38970
2009/06/17,6830,6990,6800,6940,203342,48112
2009/06/18,6965,7085,6910,6945,220516,51930
2009/06/19,6970,7015,6890,6915,112430,49088
2009/06/22,6850,6930,6815,6815,97436,48676
2009/06/23,6755,6810,6715,6770,87904,44500
2009/06/24,6795,6795,6715,6770,48840,42586
2009/06/25,6770,6865,6750,6830,70950,44944
2009/06/26,6880,6920,6825,6885,55012,41706
2009/06/29,6865,6865,6770,6775,37896,41510
2009/06/30,6820,6915,6800,6885,69850,45808
2009/07/01,6855,6905,6820,6855,46090,44132
2009/07/02,6830,6895,6815,6830,45880,41624
2009/07/03,6800,6880,6770,6855,59916,40392
2009/07/06,6850,6955,6840,6870,87866,40502
2009/07/07,6890,6930,6880,6925,39946,41646
2009/07/08,6890,6905,6845,6870,27928,35718
2009/07/09,6840,6870,6815,6865,27212,36460
2009/07/10,6880,6985,6865,6880,86988,38422
2009/07/13,6905,6910,6840,6845,40486,36908
2009/07/14,6870,6880,6840,6860,22902,38462
2009/07/15,6870,6950,6850,6930,58720,46424
2009/07/16,6955,7000,6890,6930,55580,47160
2009/07/17,6945,7030,6930,7000,105350,60986
2009/07/20,7030,7075,6990,7005,73896,62364
2009/07/21,7010,7010,6860,6905,55648,55678
2009/07/22,6905,6945,6865,6875,38210,51046
2009/07/23,6900,6915,6845,6895,31614,50734
2009/07/24,6900,6935,6880,6905,27964,49408
2009/07/27,6910,7045,6910,7035,53234,53648
2009/07/28,7015,7140,6995,7065,34138,50916
2009/07/29,7060,7150,6965,7015,25068,46386
2009/07/30,6985,7280,6980,7280,44102,48698
2009/07/31,7360,7525,7320,7455,15290,46782
2009/08/03,7745,7865,7550,7740,427592,149544
2009/08/04,7755,7815,7390,7520,460706,141192
2009/08/05,7600,7670,7460,7520,314518,134704
2009/08/06,7550,7785,7505,7735,624918,169892
2009/08/07,7705,7825,7540,7570,598962,153686
2009/08/10,7575,7740,7555,7675,519024,167390
2009/08/11,7645,8025,7635,7930,878176,194664
2009/08/12,7930,8035,7765,7785,601154,177876
2009/08/13,7900,7990,7815,7875,443842,179408
2009/08/14,7920,7950,7635,7670,604792,158968
2009/08/17,7505,7540,7345,7345,202266,141426
2009/08/18,7345,7410,7255,7330,366852,129010
2009/08/19,7420,7425,7015,7155,328990,112660
2009/08/20,7290,7315,7130,7260,296564,109044
2009/08/21,7200,7380,7170,7255,321852,109010
2009/08/24,7440,7510,7240,7380,254770,113056
2009/08/25,7310,7360,7185,7230,232694,110466
2009/08/26,7170,7295,7160,7230,147828,113356
2009/08/27,7220,7305,7180,7235,190010,113494
2009/08/28,7300,7325,7240,7265,150384,112328
2009/08/31,7295,7295,7100,7120,165344,112304
2009/09/01,7125,7140,6980,7035,176330,110054
2009/09/02,7000,7000,6820,6925,212986,96288
2009/09/03,6945,7045,6865,7015,178940,91568
2009/09/04,6985,7065,6955,7015,141990,89208
2009/09/07,7010,7050,6945,6955,143148,91216
2009/09/08,6935,6950,6825,6895,154176,94684
2009/09/09,6950,7015,6915,6970,131388,96464
2009/09/10,6950,6985,6905,6930,81348,95110
2009/09/11,6950,6980,6910,6915,73170,92230
2009/09/14,6690,6795,6605,6715,151142,84724
2009/09/15,6750,6775,6715,6770,62972,79336
2009/09/16,6805,6850,6760,6780,62208,80266
2009/09/17,6820,6830,6745,6760,60082,79342
2009/09/18,6750,6775,6685,6695,49482,78740
2009/09/21,6680,6745,6660,6720,43394,77022
2009/09/22,6710,6715,6675,6690,36446,72224
2009/09/23,6720,6720,6595,6620,54998,71934
2009/09/24,6600,6610,6500,6520,61052,67394
2009/09/25,6480,6480,6415,6440,46150,60262
2009/09/28,6430,6445,6160,6290,79236,54404
2009/09/29,6330,6335,6240,6280,37304,51666
2009/09/30,6305,6400,6245,6395,32726,44568
2009/10/09,6450,6545,6390,6395,17570,41510
2009/10/12,6440,6610,6400,6550,28444,37964
2009/10/13,6745,6790,6645,6700,103962,66358
2009/10/14,6745,6770,6695,6705,109566,75302
2009/10/15,6730,6855,6725,6755,231692,82708
2009/10/16,6825,6830,6705,6745,97120,85106
2009/10/19,6730,6890,6725,6825,147458,86458
2009/10/20,6855,6945,6840,6870,136752,84882
2009/10/21,6840,6840,6710,6740,110814,85476
2009/10/22,6840,6900,6720,6780,119970,88700
2009/10/23,6810,6860,6800,6845,109312,94028
2009/10/26,6820,6940,6770,6915,144134,104492
2009/10/27,6860,6905,6840,6870,93006,96256
2009/10/28,6865,6940,6810,6845,114228,94042
2009/10/29,6760,6795,6705,6715,97706,89810
2009/10/30,6795,6830,6750,6765,76580,93382
2009/11/02,6690,6760,6660,6740,68760,93302
2009/11/03,6740,6780,6715,6725,51182,91804
2009/11/04,6760,6780,6705,6730,48630,92748
2009/11/05,6735,6735,6665,6690,60116,94090
2009/11/06,6700,6740,6675,6735,56316,90690
2009/11/09,6730,6765,6715,6755,64086,91814
2009/11/10,6795,6980,6760,6960,392892,122474
2009/11/11,6995,7040,6955,6995,349692,123548
2009/11/12,7020,7100,6990,7050,315944,123434
2009/11/13,6980,7080,6950,7040,250136,118616
2009/11/16,7090,7185,7055,7055,246598,114830
2009/11/17,7100,7140,7040,7065,207586,118414
2009/11/18,7100,7220,7090,7150,343496,130378
2009/11/19,7150,7185,7080,7090,153382,126146
2009/11/20,7090,7110,7020,7075,144532,124736
2009/11/23,7100,7200,7100,7175,198134,117950
2009/11/24,7120,7260,7050,7085,333542,102362
2009/11/25,7105,7150,7075,7125,134576,97996
2009/11/26,7190,7190,7035,7095,139330,85660
2009/11/27,7080,7080,6750,6820,154908,63860
2009/11/30,6885,6975,6850,6905,99570,55152
2009/12/01,6930,6950,6840,6935,50172,48082
2009/12/02,7245,7310,7215,7290,133620,69196
2009/12/03,7270,7350,7260,7345,144332,76442
2009/12/04,7320,7425,7320,7375,180712,84194
2009/12/07,7380,7445,7300,7360,157300,83180
2009/12/08,7360,7705,7310,7655,588740,127966
2009/12/09,7620,7715,7550,7570,753862,127516
2009/12/10,7535,7680,7410,7515,680590,129570
2009/12/11,7565,7585,7475,7510,336572,122596
2009/12/14,7485,7695,7470,7655,681278,162900
2009/12/15,7700,7700,7550,7575,360278,138618
2009/12/16,7610,7675,7580,7635,305084,142076
2009/12/17,7700,7790,7585,7610,457842,140706
2009/12/18,7585,7675,7515,7530,274322,132474
2009/12/21,7555,7645,7475,7520,377512,130990
2009/12/22,7500,7555,7455,7465,195630,119008
2009/12/23,7505,7600,7430,7530,391526,122630
2009/12/24,7595,7625,7535,7595,263344,129744
2009/12/25,7630,7675,7575,7600,213452,126044
2009/12/28,7620,7695,7610,7645,202706,126580
2009/12/29,7645,7695,7600,7605,124294,118428
2009/12/30,7600,7745,7590,7675,281238,126496
2009/12/31,7700,7725,7645,7665,118246,117874
2010/01/04,7720,7730,7630,7635,147506,109464
2010/01/05,7685,7815,7655,7700,227562,105996
2010/01/06,7690,7750,7645,7655,102842,102902
2010/01/07,7695,7725,7340,7560,121086,86578
2010/01/08,7600,7600,7415,7470,59946,69534
2010/01/11,7520,7580,7500,7525,30624,65984
2010/01/12,7510,7510,7445,7450,18846,61642
2010/01/13,7350,7355,7270,7325,26374,48344
2010/01/14,7345,7395,7340,7390,10198,45270
2010/01/15,7360,7430,7355,7370,6664,42188
2010/01/18,7690,7810,7680,7795,49064,52104
2010/01/19,7800,7845,7750,7775,54326,50460
2010/01/20,7820,7835,7725,7740,58454,48568
2010/01/21,7700,7770,7690,7770,43328,45436
2010/01/22,7680,7815,7660,7750,113656,48822
2010/01/25,7730,7770,7705,7715,48942,54482
2010/01/26,7735,7740,7600,7605,56266,56576
2010/01/27,7630,7645,7530,7560,49618,56500
2010/01/28,7540,7545,7400,7420,58568,49922
2010/01/29,7380,7410,7320,7350,52396,49402
2010/02/01,7350,7385,7275,7290,31670,47578
2010/02/02,7350,7385,7255,7310,34876,46218
2010/02/03,7360,7495,7315,7470,61714,49450
2010/02/04,7400,7470,7385,7445,56098,45698
2010/02/05,7320,7390,7310,7380,39624,46040
2010/02/08,7345,7470,7340,7440,45848,49088
2010/02/09,7440,7490,7400,7465,33772,48698
2010/02/10,7485,7525,7455,7495,34464,46346
2010/02/11,7505,7560,7490,7535,26682,44028
2010/02/12,7550,7615,7530,7610,19096,43030
2010/02/22,7800,7800,7655,7710,36694,43028
2010/02/23,7660,7715,7660,7700,28258,46526
2010/02/24,7670,7690,7660,7680,24284,46152
2010/02/25,7750,7750,7600,7615,28074,46554
2010/02/26,7605,7630,7550,7580,20262,46816
2010/03/01,7610,7665,7535,7580,27448,49934
2010/03/02,7555,7610,7525,7530,33588,52702
2010/03/03,7575,7580,7510,7560,28846,56698
2010/03/04,7575,7600,7450,7470,35904,55862
2010/03/05,7480,7490,7410,7445,26134,57344
2010/03/08,7455,7540,7440,7525,51846,57748
2010/03/09,7500,7535,7490,7515,25456,57256
2010/03/10,7500,7580,7475,7500,37128,57920
2010/03/11,7510,7570,7430,7455,59106,58854
2010/03/12,7460,7495,7440,7480,25188,56572
2010/03/15,7455,7490,7355,7380,45812,57746
2010/03/16,7350,7405,7330,7395,30708,56754
2010/03/17,7440,7510,7405,7495,41986,52868
2010/03/18,7495,7530,7465,7490,26220,51134
2010/03/19,7485,7595,7480,7590,50060,53302
2010/03/22,7560,7585,7540,7585,34244,46666
2010/03/23,7600,7620,7560,7570,26778,45406
2010/03/24,7570,7585,7530,7545,17916,43828
2010/03/25,7520,7550,7510,7525,10960,41570
2010/03/26,7515,7580,7515,7570,16484,35034
2010/03/29,7590,7590,7545,7555,10972,31276
2010/03/30,7580,7580,7470,7475,11682,27310
2010/03/31,7880,7890,7790,7790,32172,31436
2010/04/01,7810,7840,7790,7800,15112,33808
2010/04/02,7840,7850,7760,7780,30228,37812
2010/04/06,7830,7870,7800,7835,46056,45612
2010/04/07,7850,7935,7835,7905,79974,60782
2010/04/08,7900,7945,7860,7880,45648,61776
2010/04/09,7900,7960,7900,7955,71104,76516
2010/04/12,7990,8025,7940,7965,70412,78724
2010/04/13,7970,7995,7915,7930,48752,79836
2010/04/14,7950,7995,7920,7965,63816,87250
2010/04/15,7990,8090,7965,8065,177738,111876
2010/04/16,8080,8085,7995,8005,92202,106068
2010/04/19,7920,7975,7905,7935,81360,105556
2010/04/20,7970,7990,7950,7970,50828,104814
2010/04/21,7990,7990,7900,7915,59624,101272
2010/04/22,7900,7900,7840,7855,50066,94346
2010/04/23,7865,7905,7855,7885,34030,94896
2010/04/26,7910,7930,7875,7890,29838,95848
2010/04/27,7860,7870,7750,7770,62302,88040
2010/04/28,7700,7740,7660,7730,35632,85406
2010/04/29,7740,7770,7710,7715,31208,86316
2010/04/30,7765,7770,7715,7745,17748,83300
2010/05/04,7745,7745,7690,7730,20728,86404
2010/05/05,7650,7715,7630,7715,29756,86940
2010/05/06,7695,7720,7675,7680,20938,84930
2010/05/07,7650,7775,7605,7720,139966,89928
2010/05/10,7775,7785,7650,7725,74418,84928
2010/05/11,7720,7750,7640,7640,69376,84322
2010/05/12,7630,7680,7535,7540,103552,86008
2010/05/13,7560,7565,7510,7555,74668,81300
2010/05/14,7510,7565,7460,7470,64032,85806
2010/05/17,7405,7420,7135,7175,96652,80576
2010/05/18,7190,7305,7100,7285,81974,67954
2010/05/19,7200,7355,7155,7295,68410,68630
2010/05/20,7340,7395,7315,7375,52546,67614
2010/05/21,7310,7415,7255,7355,84074,64422
2010/05/24,7385,7490,7365,7485,67834,65656
2010/05/25,7450,7505,7395,7415,102062,76768
2010/05/26,7460,7475,7380,7440,69776,75344
2010/05/27,7465,7520,7420,7520,55806,70782
2010/05/28,7560,7590,7500,7520,51394,66832
2010/05/31,7510,7510,7455,7465,34362,68528
2010/06/01,7460,7465,7270,7275,81312,72214
2010/06/02,7300,7320,7155,7240,84124,68362
2010/06/03,7300,7315,7255,7290,49112,65602
2010/06/04,7290,7295,7220,7280,41540,67310
2010/06/07,7120,7120,6900,6935,148920,79118
2010/06/08,6970,7135,6970,7115,104268,67310
2010/06/09,7135,7175,7065,7165,87868,66876
2010/06/10,7175,7215,7105,7155,64910,61016
2010/06/11,7200,7225,7145,7160,36116,58700
2010/06/17,7240,7255,7155,7180,34572,58116
2010/06/18,7190,7205,7105,7110,57868,61340
2010/06/21,7180,7395,7150,7305,84634,53250
2010/06/22,7260,7265,7210,7235,46550,51990
2010/06/23,7200,7240,7150,7190,44028,48674
2010/06/24,7170,7270,7170,7205,53862,48106
2010/06/25,7210,7220,7150,7165,32540,48104
2010/06/28,7210,7220,7140,7145,46806,47790
2010/06/29,7110,7150,7015,7065,43290,51530
2010/06/30,7000,7065,7000,7050,34938,51218
2010/07/01,7040,7060,6980,6980,31396,52630
2010/07/02,6950,7045,6950,7040,34726,50350
2010/07/05,7040,7050,7015,7030,30740,48308
2010/07/06,7000,7000,6930,6980,36998,49050
2010/07/07,6960,6975,6920,6925,21428,50482
2010/07/08,7005,7020,6880,6915,39764,50692
2010/07/09,6920,6965,6915,6945,25212,48018
2010/07/12,6950,7000,6930,6935,29194,46324
2010/07/13,6930,6945,6900,6905,19200,45470
2010/07/14,6960,6960,6910,6920,14004,44656
2010/07/15,6905,6910,6830,6845,28246,48378
2010/07/16,6850,6875,6810,6835,16856,47756
2010/07/19,6820,6865,6790,6860,18576,46410
2010/07/20,6870,6965,6855,6965,40430,43470
2010/07/21,6970,6985,6935,6955,17026,40264
2010/07/22,6930,7000,6930,6990,21762,38474
2010/07/23,7050,7145,7030,7125,36876,32602
2010/07/26,7130,7170,7115,7160,19698,29994
2010/07/27,7160,7165,7095,7110,13586,27832
2010/07/28,7060,7180,7060,7170,15980,23616
2010/07/29,7195,7195,7125,7175,10566,22840
2010/07/30,7190,7200,7160,7195,8348,19114
2010/08/02,7195,7300,7195,7295,9162,15768
2010/08/03,7335,7345,7225,7230,6198,12406
2010/08/04,7420,7435,7330,7425,34002,22204
2010/08/05,7440,7460,7335,7350,9790,23506
2010/08/06,7360,7410,7340,7410,13002,23422
2010/08/09,7385,7520,7385,7510,31750,23298
2010/08/10,7500,7530,7450,7470,19520,24064
2010/08/11,7450,7490,7435,7445,24362,27946
2010/08/12,7405,7405,7330,7365,20244,27246
2010/08/13,7360,7450,7350,7445,16088,27282
2010/08/16,7440,7555,7375,7535,45548,34638
2010/08/17,7540,7550,7490,7525,30826,33740
2010/08/18,7540,7580,7470,7485,35890,35916
2010/08/19,7500,7570,7480,7560,37000,40718
2010/08/20,7530,7550,7410,7425,33302,37306
2010/08/23,7440,7445,7355,7375,24172,36790
2010/08/24,7350,7405,7295,7365,29678,35750
2010/08/25,7360,7515,7355,7505,57172,41232
2010/08/26,7540,7540,7470,7520,44892,40754
2010/08/27,7520,7525,7470,7515,27088,41292
2010/08/30,7570,7600,7525,7530,44864,44018
2010/08/31,7490,7490,7400,7410,31132,41210
2010/09/01,7410,7495,7410,7475,23206,39288
2010/09/02,7510,7545,7475,7530,33786,38632
2010/09/03,7550,7555,7450,7485,24870,38196
2010/09/06,7490,7620,7490,7600,52348,45458
2010/09/07,7590,7705,7560,7645,121026,54780
2010/09/08,7655,7730,7650,7665,74808,54918
2010/09/09,7700,7720,7450,7565,66330,50212
2010/09/10,7540,7660,7540,7645,43268,51244
2010/09/13,7700,7770,7675,7715,114390,57990
2010/09/14,7720,7745,7665,7675,45100,55762
2010/09/15,7680,7750,7680,7690,69196,55528
2010/09/16,7685,7800,7685,7790,127452,71680
2010/09/17,7790,7845,7755,7765,119924,68772
2010/09/20,7805,7855,7790,7810,54552,64086
2010/09/21,7840,7880,7785,7835,56758,65100
2010/09/27,7980,8015,7920,8000,50790,69546
2010/09/28,7960,8040,7950,7970,38446,67754
2010/09/29,7980,8000,7820,7930,50714,65252
2010/09/30,7940,7945,7870,7920,35778,57902
2010/10/08,7920,8000,7920,7945,44920,57148
2010/10/11,7995,8190,7995,8130,112334,59926
2010/10/12,8080,8095,7965,7990,53510,56484
2010/10/13,8030,8110,8005,8035,53786,52430
2010/10/14,8090,8145,8020,8065,50264,52890
2010/10/15,8055,8055,7930,7950,45200,53714
2010/10/18,7850,7880,7700,7785,46204,51182
2010/10/19,7850,7880,7740,7825,9110,49586
2010/10/20,7690,7785,7650,7770,36406,48056
2010/10/21,7820,7850,7770,7785,29784,49568
2010/10/22,7765,7890,7745,7850,45070,50054
2010/10/25,7910,7975,7855,7940,45092,51276
2010/10/26,7950,8080,7895,8040,97418,54986
2010/10/27,8065,8135,7910,7955,94386,51936
2010/10/28,7980,8085,7970,8015,47506,51796
2010/10/29,7980,8060,7920,7970,47708,48538
2010/11/01,8000,8080,7985,8040,35098,49972
2010/11/02,8065,8090,8005,8050,26342,46816
2010/11/03,8060,8135,8055,8065,20860,44692
2010/11/04,8120,8270,8085,8265,39820,45384
2010/11/05,8305,8600,8305,8580,33080,42350
2010/11/08,8515,8875,8395,8610,60234,39826
2010/11/09,8575,9050,8510,9050,72866,42180
2010/11/10,8900,9280,8900,9000,55748,36330
2010/11/11,9650,9650,9100,9100,202448,56820
2010/11/12,8910,8990,8825,8825,22844,54330
2010/11/15,8415,8900,8410,8580,222978,44846
2010/11/16,8670,8895,8525,8580,238524,45640
2010/11/17,8300,8475,8300,8320,147338,36096
2010/11/18,8500,8770,8310,8620,202022,32326
2010/11/19,8765,8780,8505,8660,39134,31330
2010/11/22,8580,8820,8560,8730,156172,38560
2010/11/23,8735,8820,8390,8445,230750,40388
2010/11/24,8500,8545,8400,8505,108908,36490
2010/11/25,8580,8600,8455,8460,84770,38682
2010/11/26,8500,8500,8155,8240,144322,40382
2010/11/29,8200,8315,8185,8260,75768,39904
2010/11/30,8290,8300,7970,8095,132826,43646
2010/12/01,8020,8140,7990,8095,121516,47142
2010/12/02,8190,8275,8145,8190,119300,50662
2010/12/03,8200,8260,8135,8155,106428,58092
2010/12/06,8215,8285,8160,8170,94964,59998
2010/12/07,8150,8150,7900,8060,193272,63232
2010/12/08,7950,8130,7945,8005,194344,63622
2010/12/09,8090,8165,8055,8120,162888,66808
2010/12/10,8115,8120,8055,8095,89918,64820
2010/12/13,8065,8450,8060,8305,233252,71882
2010/12/14,8320,8390,8235,8350,76892,81140
2010/12/15,8320,8385,8210,8230,137740,76638
2010/12/16,8230,8355,8230,8270,113354,73532
2010/12/17,8280,8355,8270,8305,98792,75306
2010/12/20,8350,8440,8210,8305,138098,71760
2010/12/21,8360,8370,8295,8350,69064,70306
2010/12/22,8360,8400,8265,8275,67290,67230
2010/12/23,8295,8360,8290,8355,62120,71890
2010/12/24,8395,8495,8335,8490,144248,81686
2010/12/27,8445,8560,8380,8530,171276,86430
2010/12/28,8525,8580,8455,8490,90364,80906
2010/12/29,8515,8585,8420,8495,130282,82570
2010/12/30,8480,8535,8410,8515,101710,80834
2010/12/31,8470,8485,8375,8375,88864,74054
2011/01/04,8420,8530,8420,8515,100120,80676
2011/01/05,8440,8475,8405,8420,54866,78098
2011/01/06,8490,8565,8470,8525,101524,86562
2011/01/07,8440,8460,8005,8150,111126,66414
2011/01/10,8210,8240,8110,8120,71472,65398
2011/01/11,8150,8180,8080,8145,71430,65294
2011/01/12,8185,8240,8125,8175,85388,67548
2011/01/13,8250,8255,8170,8175,61980,68714
2011/01/14,8130,8195,8110,8170,44708,67086
2011/01/17,8195,8205,8050,8060,64060,66944
2011/01/18,8060,8175,8020,8145,81402,66294
2011/01/19,8165,8255,8145,8240,71170,70002
2011/01/20,8200,8295,8125,8145,80836,64176
2011/01/21,8055,8150,8055,8110,48132,61760
2011/01/24,8115,8300,8115,8195,87132,65376
2011/01/25,8160,8170,8050,8055,68330,61678
2011/01/26,7990,8165,7980,8145,90370,56614
2011/01/27,8180,8215,8105,8155,64190,53948
2011/01/28,8110,8220,8100,8215,53470,52654
2011/01/31,8300,8320,8220,8265,66562,57402
2011/02/01,8305,8340,8270,8310,30922,57504
2011/02/09,8310,8355,8220,8305,10126,57700
2011/02/10,8310,8580,8305,8525,145406,86568
2011/02/11,8550,8555,8440,8450,95832,95920
2011/02/14,8490,8510,8365,8485,34674,103048
2011/02/15,8470,8550,8415,8440,108228,103788
2011/02/16,8400,8450,8360,8440,63848,96470
2011/02/17,8470,8515,8390,8410,74206,93282
2011/02/18,8455,8525,8375,8385,107822,92036
2011/02/21,8400,8650,8390,8585,277556,123196
2011/02/22,8670,8680,8325,8470,205222,107822
2011/02/23,8420,8590,8310,8410,266490,110458
2011/02/24,8490,8595,8370,8590,332998,139274
2011/02/25,8600,8715,8435,8630,697560,182342
2011/02/28,8675,8695,8545,8630,498098,205120
2011/03/01,8600,8660,8460,8480,434054,213370
2011/03/02,8535,8535,8390,8395,309462,214844
2011/03/03,8400,8480,8270,8280,379730,210852
2011/03/04,8300,8325,8075,8190,354598,185608
2011/03/07,8225,8275,8155,8240,225326,198758
2011/03/08,8180,8270,8120,8155,283038,165614
2011/03/09,8190,8230,8160,8170,126782,160938
2011/03/10,8135,8170,8050,8085,137726,137630
2011/03/11,8060,8110,8030,8080,79988,127634
2011/03/14,8085,8170,8030,8120,120056,106246
2011/03/15,8145,8145,8055,8085,86536,103328
2011/03/16,8060,8080,7880,7985,122982,99284
2011/03/17,7950,7990,7910,7965,67342,95374
2011/03/18,8050,8050,7990,8015,51500,90854
2011/03/21,8050,8060,8005,8025,34046,84068
2011/03/22,8030,8090,7990,8085,43884,81578
2011/03/23,8100,8150,8085,8145,39438,75308
2011/03/24,8140,8175,8100,8120,21570,72628
2011/03/25,8130,8145,8100,8115,14514,71358
2011/03/28,8130,8135,8005,8020,15662,67458
2011/03/29,8000,8035,7960,7975,14854,63100
2011/03/30,7990,8005,7905,7930,16344,61456
2011/03/31,7935,7940,7890,7895,7882,59548
2011/04/01,7945,7945,7805,7825,16022,55260
2011/04/06,7820,7875,7810,7870,7038,52668
2011/04/07,7880,7925,7865,7915,6764,49924
2011/04/08,7930,8000,7915,7995,10748,46916
2011/04/11,8025,8055,7980,7995,7670,45514
2011/04/12,7930,7985,7925,7960,6674,45464
2011/04/13,7940,8035,7910,8025,5858,43712
2011/04/14,8050,8050,7925,7930,2572,42972
2011/04/15,7955,7980,7835,7835,3802,41592
2011/04/18,7840,7920,7835,7895,3106,40398
2011/04/19,7850,7890,7800,7805,4834,38736
2011/04/20,8260,8310,8250,8305,23486,42842
2011/04/21,8350,8430,8340,8425,45502,43022
2011/04/22,8450,8470,8390,8445,67268,41202
2011/04/25,8470,8515,8410,8430,75106,43818
2011/04/26,8380,8465,8370,8425,51148,43104
2011/04/27,8445,8495,8420,8430,72102,48928
2011/04/28,8470,8645,8460,8645,169430,80242
2011/04/29,8605,8665,8580,8635,158934,82642
2011/05/03,8645,8680,8590,8615,98704,86584
2011/05/04,8590,8620,8515,8565,89568,83028
2011/05/05,8545,8580,8450,8545,122726,84488
2011/05/06,8400,8420,8250,8310,168754,84418
2011/05/09,8350,8390,8315,8360,70016,85056
2011/05/10,8375,8380,8280,8305,94532,84338
2011/05/11,8325,8360,8175,8180,214072,99986
2011/05/12,8105,8200,7935,8000,260158,89968
2011/05/13,8055,8185,8030,8150,116752,74784
2011/05/16,8110,8140,8070,8070,63134,74962
2011/05/17,8065,8080,7950,8050,103708,77982
2011/05/18,8080,8115,8050,8065,50958,74096
2011/05/19,8120,8150,8005,8010,64944,76934
2011/05/20,8000,8040,7950,8035,61872,75152
2011/05/23,8040,8060,7900,7910,76288,82386
2011/05/24,7910,7975,7900,7960,55812,76982
2011/05/25,7960,7985,7915,7975,57186,74528
2011/05/26,8030,8150,8015,8115,72758,64954
2011/05/27,8100,8145,8080,8145,42296,60504
2011/05/30,8145,8165,8105,8105,32778,57852
2011/05/31,8135,8270,8125,8255,134026,63714
2011/06/01,8280,8290,8205,8225,48986,56732
2011/06/02,8180,8205,8060,8105,79022,57936
2011/06/03,8125,8170,8110,8170,65914,53440
2011/06/07,8110,8235,8105,8155,87534,51902
2011/06/08,8160,8190,8100,8150,66738,50456
2011/06/09,8170,8185,8095,8110,41666,51128
2011/06/10,8110,8135,8000,8035,66344,56516
2011/06/13,8005,8045,7990,8005,45342,59532
2011/06/14,7965,8055,7965,8045,50934,58692
2011/06/15,8075,8075,8040,8060,34436,58558
2011/06/16,8000,8045,8000,8015,30886,55098
2011/06/17,8020,8080,8005,8035,47076,57708
2011/06/20,8015,8035,7910,7925,64822,62170
2011/06/21,7955,7970,7880,7960,48912,61198
2011/06/22,7950,7995,7935,7950,39948,58340
2011/06/23,7930,7955,7865,7905,44040,61772
2011/06/24,7885,7920,7855,7915,38094,58224
2011/06/27,7935,7935,7865,7880,36072,60386
2011/06/28,7920,7920,7865,7875,26942,62726
2011/06/29,7910,7920,7870,7895,29288,60968
2011/06/30,7920,7975,7900,7970,31318,56800
2011/07/01,7960,8010,7945,8000,29204,53370
2011/07/04,8030,8255,8015,8145,22582,48816
2011/07/05,8150,8150,8100,8130,28460,47432
2011/07/06,8150,8170,8125,8150,16918,47062
2011/07/07,8140,8160,8100,8115,18550,46732
2011/07/08,8145,8150,8070,8095,28020,44608
2011/07/11,8065,8095,8040,8050,23454,42652
2011/07/12,8050,8050,8005,8030,19902,39780
2011/07/13,8050,8110,8045,8100,32802,43408
2011/07/14,8090,8120,8040,8060,17322,42466
2011/07/15,8040,8055,8005,8035,16642,38554
2011/07/18,8050,8085,8020,8025,16514,36456
2011/07/19,8030,8045,7995,8035,8106,33998
2011/07/20,8045,8070,8025,8035,8032,32996
2011/07/21,8040,8055,8005,8050,6928,32526
2011/07/22,8070,8080,8045,8065,9958,32842
2011/07/25,8410,8430,8325,8345,35554,33452
2011/07/26,8320,8450,8320,8445,43758,40510
2011/07/27,8445,8480,8420,8445,39390,44392
2011/07/28,8405,8470,8380,8420,39058,42466
2011/07/29,8425,8575,8420,8525,142556,67256
2011/08/01,8550,8575,8490,8525,77054,65166
2011/08/02,8505,8530,8395,8425,60120,56582
2011/08/03,8415,8465,8365,8440,63038,57558
2011/08/04,8445,8510,8370,8390,110240,55560
2011/08/05,8250,8265,8035,8070,132086,46604
2011/08/08,7985,8125,7955,8000,83756,47926
2011/08/09,7655,7805,7640,7760,101642,51476
2011/08/10,7850,7915,7820,7875,61694,49446
2011/08/11,7855,7940,7820,7930,49908,48076
2011/08/12,7990,8045,7920,7925,42068,49974
2011/08/15,7995,8025,7935,7935,34832,50236
2011/08/16,7985,8005,7810,7880,53442,50652
2011/08/17,7895,7955,7865,7940,44866,48964
2011/08/18,7950,7960,7880,7885,40478,49784
2011/08/19,7700,7825,7680,7820,51878,51054
2011/08/22,7820,7875,7795,7795,27464,53184
2011/08/23,7855,7900,7840,7895,29098,49422
2011/08/24,7910,7920,7870,7885,21388,47614
2011/08/25,7895,7930,7860,7885,24664,48942
2011/08/26,7900,7915,7875,7900,24064,46906
2011/08/29,7910,7920,7885,7910,14364,48112
2011/08/30,7935,7975,7920,7950,27650,47744
2011/08/31,7975,7980,7930,7945,14590,49148
2011/09/01,7940,7950,7860,7860,19198,48276
2011/09/02,7865,7880,7845,7855,14004,47744
2011/09/05,7810,7870,7810,7810,13800,47756
2011/09/06,7785,7835,7765,7830,19566,48702
2011/09/07,7860,7885,7830,7885,16972,47670
2011/09/08,7910,7925,7840,7850,16978,47948
2011/09/09,7850,7865,7825,7855,13890,48032
2011/09/13,7845,7850,7800,7835,12802,48984
2011/09/14,7850,7860,7755,7780,15160,51056
2011/09/15,7795,7810,7770,7770,11094,50746
2011/09/16,7790,7795,7730,7760,19760,52460
2011/09/19,7730,7730,7415,7460,61782,64090
2011/09/20,7470,7525,7465,7500,33600,62064
2011/09/21,7500,7540,7375,7510,50494,60508
2011/09/22,7410,7415,7200,7255,50720,65464
2011/09/23,7075,7250,7050,7175,90776,62768
2011/09/26,7160,7250,6815,6945,81522,59524
2011/09/27,7100,7190,7060,7150,60878,55906
2011/09/28,7185,7185,6955,7055,60510,53746
2011/09/29,6850,6945,6780,6910,39738,50296
2011/09/30,6920,6945,6850,6930,44414,46920
2011/10/10,6950,6965,6825,6835,36174,49274
2011/10/11,6950,6950,6795,6805,62330,58036
2011/10/12,6810,6845,6715,6825,76144,62254
2011/10/13,6810,6825,6755,6775,49916,59676
2011/10/14,6770,6845,6750,6840,39682,54512
2011/10/17,6860,6895,6825,6830,42496,50694
2011/10/18,6810,6815,6650,6670,47308,53830
2011/10/19,6700,6730,6555,6590,52696,56124
2011/10/20,6500,6500,6310,6310,78532,55390
2011/10/21,6350,6380,6280,6315,67040,49990
2011/10/24,6395,6650,6320,6590,90970,45092
2011/10/25,6660,6785,6510,6675,172286,42114
2011/10/26,6630,6750,6515,6610,125366,45242
2011/10/27,6600,6690,6580,6670,70002,42146
2011/10/28,6785,6880,6705,6715,60152,37342
2011/10/31,6730,6730,6610,6635,46808,34772
2011/11/01,6650,6700,6595,6630,45120,34794
2011/11/02,6550,6650,6490,6645,53688,37098
2011/11/03,6630,6635,6550,6565,34214,36930
2011/11/04,6610,6700,6605,6695,38180,36896
2011/11/07,6690,6690,6600,6625,26086,33712
2011/11/08,6650,6675,6615,6640,17078,34914
2011/11/09,6680,6695,6585,6605,21220,33014
2011/11/10,6530,6535,6310,6310,40462,29384
2011/11/11,6635,6830,6635,6735,57864,31496
2011/11/14,6815,6980,6765,6905,77146,33476
2011/11/15,6855,6895,6825,6885,29484,33692
2011/11/16,6935,6945,6770,6780,39714,33712
2011/11/17,6820,6910,6780,6860,46278,33158
2011/11/18,6710,6825,6690,6805,55346,30892
2011/11/21,6775,6815,6745,6755,24494,33610
2011/11/22,6735,6785,6720,6745,33402,35934
2011/11/23,6750,6755,6585,6600,87838,45046
2011/11/24,6580,6650,6495,6605,70808,45110
2011/11/25,6575,6620,6540,6595,57746,46552
2011/11/28,6645,6720,6640,6705,48462,43722
2011/11/29,6710,6740,6670,6730,28006,43544
2011/11/30,6740,6750,6635,6675,31874,44702
2011/12/01,6885,7000,6780,6835,80636,49288
2011/12/02,6810,6940,6810,6930,179002,61510
2011/12/05,6965,6970,6890,6920,77428,51600
2011/12/06,6910,6920,6865,6895,43442,49788
2011/12/07,6920,6950,6900,6945,41110,49780
2011/12/08,6920,6985,6890,6950,69724,49706
2011/12/09,6900,6950,6875,6880,45828,44782
2011/12/12,6910,6920,6780,6790,49688,45530
2011/12/13,6755,6825,6735,6795,38656,44094
2011/12/14,6800,6830,6785,6800,25750,44148
2011/12/15,6700,6785,6660,6730,50628,43112
2011/12/16,6730,6830,6730,6830,32182,43126
2011/12/19,6810,6820,6750,6800,24106,43816
2011/12/20,6810,6820,6785,6815,22168,44092
2011/12/21,6850,6880,6840,6870,33068,45514
2011/12/22,6870,6875,6835,6860,24938,45202
2011/12/23,6855,6900,6855,6900,26016,44436
2011/12/26,6900,6905,6825,6830,24726,42914
2011/12/27,6820,6875,6815,6850,20612,42926
2011/12/28,6860,6885,6845,6870,20408,43234
2011/12/29,6815,6860,6810,6830,18106,40854
2011/12/30,6840,6915,6840,6910,30160,39426
2012/01/04,6980,6980,6905,6910,34212,43152
2012/01/05,6900,6965,6900,6950,36696,48692
2012/01/06,6920,6955,6920,6940,21422,47246
2012/01/09,6940,7035,6930,6960,72538,55152
2012/01/10,6960,6980,6935,6970,37574,54534
2012/01/11,6970,6975,6930,6950,23584,53742
2012/01/12,6930,6980,6930,6955,25792,55988
2012/01/13,6930,6955,6920,6925,27772,51978
2012/01/16,6900,6925,6850,6850,32120,46000
2012/01/17,6865,7005,6850,6985,62452,55486
2012/01/18,6990,7030,6980,6990,67076,63056
2012/01/19,7000,7050,6935,6965,55076,58430
2012/01/20,6985,7075,6960,7050,45744,59278
2012/01/30,7050,7125,7040,7045,81626,77058
2012/01/31,7045,7070,7010,7045,58218,88806
2012/02/01,7025,7075,7015,7025,67476,88530
2012/02/02,7045,7065,7010,7045,41276,91004
2012/02/03,7040,7200,7030,7180,231202,146546
2012/02/06,7220,7240,7145,7175,162082,153766
2012/02/07,7175,7190,7070,7095,141342,148148
2012/02/08,7130,7175,7090,7170,114034,147908
2012/02/09,7150,7160,7055,7065,114174,141220
2012/02/10,7070,7085,7025,7050,79754,137934
2012/02/13,7035,7115,7030,7090,110028,150818
2012/02/14,7095,7105,7020,7025,75066,152572
2012/02/15,7040,7050,6950,6955,150122,158944
2012/02/16,7000,7000,6855,6875,139810,162832
2012/02/17,6905,6925,6870,6885,70062,162838
2012/02/20,6940,6945,6820,6845,108012,175190
2012/02/21,6845,6930,6830,6920,101536,165078
2012/02/22,6940,6970,6915,6945,96324,168412
2012/02/23,6900,6950,6885,6905,86600,166812
2012/02/24,6920,6940,6870,6885,92114,172346
2012/02/27,6905,6970,6900,6935,111852,158020
2012/02/28,6935,6985,6925,6980,97904,159384
2012/02/29,6965,6980,6945,6965,60994,155700
2012/03/01,6935,7070,6930,7005,174702,151940
2012/03/02,7050,7085,7020,7075,105992,153402
2012/03/05,7060,7105,7015,7040,80804,152346
2012/03/06,7050,7070,7005,7015,85020,152792
2012/03/07,6945,6975,6920,6935,71856,137942
2012/03/08,6950,6980,6935,6945,47162,136714
2012/03/09,6955,7020,6950,7015,84476,144528
2012/03/12,7020,7040,6995,7010,48106,142670
2012/03/13,7010,7045,7010,7040,47494,140202
2012/03/14,7050,7060,6960,6970,67920,130846
2012/03/15,6960,6975,6885,6920,67628,127204
2012/03/16,6935,6945,6830,6865,71822,115700
2012/03/19,6880,6895,6785,6810,39924,104892
2012/03/20,6830,6860,6815,6830,26648,96120
2012/03/21,6805,6850,6800,6845,12504,91180
2012/03/22,6870,6870,6810,6825,9722,88272
2012/03/23,6810,6840,6800,6805,9840,85386
2012/03/26,6825,6830,6790,6800,12568,79910
2012/03/27,6805,6825,6770,6775,9848,75736
2012/03/28,7065,7075,6970,6990,112272,108634
2012/03/29,6980,7005,6930,6955,95490,101384
2012/03/30,6960,6975,6905,6920,45490,101512
2012/04/05,6885,7025,6860,7025,72866,88428
2012/04/06,7045,7055,6985,7050,72646,92600
2012/04/09,7040,7075,6990,7005,77484,90912
2012/04/10,7005,7065,7000,7035,81170,94000
2012/04/11,6995,7030,6970,7005,64010,97834
2012/04/12,7020,7085,7020,7070,75652,103446
2012/04/13,7100,7100,7020,7020,70254,110622
2012/04/16,6990,7025,6970,7020,49600,108908
2012/04/17,7045,7045,6970,6975,52048,118850
2012/04/18,7000,7045,6990,7030,74598,115918
2012/04/19,7015,7035,6990,7030,44778,117722
2012/04/20,7025,7065,7020,7035,87372,120826
2012/04/23,7045,7050,6985,6985,55260,119962
2012/04/24,6995,7010,6950,6975,53462,116762
2012/04/25,6985,6990,6960,6965,28346,117194
2012/04/26,6970,7015,6965,7010,36184,112918
2012/04/27,7045,7045,6990,6995,30568,120662
2012/05/02,7015,7030,7010,7020,21582,123126
2012/05/03,7005,7015,6940,6960,52318,128810
2012/05/04,6945,6970,6920,6960,34566,129340
2012/05/07,6900,6930,6855,6905,74992,133386
2012/05/08,6915,6920,6865,6870,27948,133570
2012/05/09,6850,6880,6840,6855,32342,129776
2012/05/10,6855,6885,6845,6875,25516,128966
2012/05/11,6865,6880,6755,6755,51268,128134
2012/05/14,6780,6785,6685,6695,57474,119546
2012/05/15,6670,6740,6645,6735,50612,111004
2012/05/16,6710,6720,6670,6670,31640,109856
2012/05/17,6695,6730,6685,6730,33618,106670
2012/05/18,6690,6705,6580,6625,57476,112626
2012/05/21,6650,6695,6615,6670,45078,110204
2012/05/22,6690,6710,6630,6660,34712,108870
2012/05/23,6610,6625,6540,6590,45268,109440
2012/05/24,6575,6610,6550,6605,35056,104412
2012/05/25,6605,6605,6550,6590,31570,105786
2012/05/28,6595,6640,6565,6630,42258,102946
2012/05/29,6610,6685,6600,6680,40054,100890
2012/05/30,6650,6685,6645,6675,29746,97988
2012/05/31,6625,6655,6595,6635,31840,96682
2012/06/01,6620,6645,6600,6605,33110,96598
2012/06/04,6520,6535,6360,6360,125940,101662
2012/06/05,6410,6480,6400,6415,44826,92400
2012/06/06,6410,6465,6360,6405,42198,93050
2012/06/07,6450,6465,6390,6415,44070,94262
2012/06/08,6390,6425,6330,6370,49118,93722
2012/06/11,6445,6540,6430,6465,57786,90258
2012/06/12,6400,6435,6385,6425,45900,86532
2012/06/13,6430,6485,6415,6480,29936,81098
2012/06/14,6465,6550,6450,6515,56120,74576
2012/06/15,6550,6565,6515,6560,40526,71402
2012/06/18,6590,6615,6560,6575,37162,71364
2012/06/19,6570,6590,6525,6525,27786,70328
2012/06/20,6545,6560,6500,6550,35438,73122
2012/06/21,6500,6505,6425,6430,38474,74836
2012/06/25,6410,6475,6345,6435,26606,73944
2012/06/26,6445,6470,6385,6390,25710,73082
2012/06/27,6405,6410,6250,6310,79864,80086
2012/06/28,6355,6355,6300,6335,38344,71292
2012/06/29,6300,6390,6250,6380,57730,67220
2012/07/02,6480,6480,6400,6430,39242,64536
2012/07/03,6430,6565,6415,6520,62254,61106
2012/07/04,6570,6575,6490,6515,37302,59842
2012/07/05,6515,6585,6505,6580,33880,53598
2012/07/06,6560,6580,6535,6570,17922,51548
2012/07/09,6550,6560,6515,6520,15348,47874
2012/07/10,6525,6540,6460,6460,10114,46384
2012/07/11,6450,6460,6390,6420,8648,44304
2012/07/12,6460,6465,6420,6440,9178,43552
2012/07/13,6440,6505,6405,6490,12054,41760
2012/07/16,6600,6685,6590,6670,57564,57900
2012/07/17,6700,6705,6590,6605,45044,56254
2012/07/18,6580,6675,6580,6665,74508,64814
2012/07/19,6695,6785,6680,6690,130844,80686
2012/07/20,6705,6720,6590,6630,71716,69572
2012/07/23,6585,6595,6400,6440,120614,52030
2012/07/24,6400,6495,6375,6450,57924,51436
2012/07/25,6420,6485,6410,6420,38182,52406
2012/07/26,6435,6505,6415,6450,55496,53460
2012/07/27,6475,6495,6425,6490,41850,53930
2012/07/30,6495,6530,6430,6455,43868,53668
2012/07/31,6470,6475,6355,6470,97526,60300
2012/08/01,6435,6495,6430,6465,41232,54356
2012/08/02,6465,6470,6420,6450,33396,55332
2012/08/03,6415,6465,6400,6465,25970,53580
2012/08/06,6500,6550,6490,6515,38228,54054
2012/08/07,6510,6525,6475,6515,26702,54266
2012/08/08,6520,6535,6480,6485,19786,54758
2012/08/09,6500,6540,6490,6535,23810,56430
2012/08/10,6530,6570,6485,6490,34102,58272
2012/08/13,6495,6510,6460,6465,25040,57004
2012/08/14,6465,6495,6410,6480,40928,56246
2012/08/15,6470,6510,6450,6490,24904,54204
2012/08/16,6505,6545,6490,6510,26104,52922
2012/08/17,6540,6550,6510,6525,19358,53470
2012/08/20,6540,6545,6505,6505,12938,52504
2012/08/21,6515,6520,6475,6500,26608,53440
2012/08/22,6520,6525,6480,6500,23958,52512
2012/08/23,6520,6635,6505,6630,98956,75520
2012/08/24,6600,6650,6565,6615,111566,87010
2012/08/27,6650,6650,6575,6590,61734,87986
2012/08/28,6570,6590,6520,6535,49254,74740
2012/08/29,6540,6570,6460,6545,74182,59720
2012/08/30,6545,6575,6500,6555,34672,62860
2012/08/31,6535,6565,6510,6540,29188,61792
2012/09/03,6550,6610,6525,6580,45366,73660
2012/09/04,6585,6595,6560,6575,26074,72066
2012/09/05,6560,6605,6520,6525,44082,72956
2012/09/06,6520,6560,6480,6530,49116,71658
2012/09/07,6520,6580,6460,6530,48340,65946
2012/09/10,6595,6620,6555,6595,54452,74198
2012/09/11,6585,6635,6580,6620,44974,76180
2012/09/12,6635,6640,6610,6625,32036,78172
2012/09/13,6630,6670,6610,6625,69856,86560
2012/09/14,6700,6810,6670,6785,172392,108492
2012/09/17,6785,6850,6735,6755,114202,90244
2012/09/18,6725,6785,6715,6740,53444,80780
2012/09/19,6745,6770,6735,6765,33126,81236
2012/09/20,6700,6755,6680,6680,36898,70756
2012/09/21,6705,6715,6670,6690,23842,66636
2012/09/24,6660,6685,6635,6655,34472,56208
2012/09/25,6660,6670,6625,6640,13686,53816
2012/09/26,6620,6640,6570,6580,25594,49600
2012/09/27,6575,6580,6510,6545,34436,45948
2012/09/28,6585,6590,6535,6545,16650,44694
2012/10/08,6500,6530,6465,6490,24818,45664
2012/10/09,6515,6580,6505,6555,32612,46652
2012/10/10,6555,6605,6545,6580,33274,51278
2012/10/11,6560,6580,6540,6560,25360,51948
2012/10/12,6575,6620,6540,6565,37546,52114
2012/10/15,6540,6545,6500,6515,28510,51200
2012/10/16,6530,6570,6515,6560,24540,50630
2012/10/17,6555,6575,6470,6470,46612,61694
2012/10/18,6470,6505,6430,6490,77448,63836
2012/10/19,6490,6505,6470,6470,29562,59000
2012/10/22,6450,6520,6450,6515,30864,55012
2012/10/23,6500,6520,6470,6475,22992,56438
2012/10/24,6455,6510,6455,6505,38326,56604
2012/10/25,6520,6520,6480,6490,20796,56452
2012/10/26,6485,6500,6375,6420,75664,72762
2012/10/29,6420,6420,6295,6360,84092,73852
2012/10/30,6355,6415,6340,6395,43480,63106
2012/10/31,6400,6415,6375,6410,25104,55886
2012/11/01,6400,6445,6390,6430,23418,49378
2012/11/02,6430,6435,6380,6415,13772,46996
2012/11/05,6395,6410,6365,6405,11884,44306
2012/11/06,6410,6475,6400,6465,16356,39582
2012/11/07,6480,6500,6450,6480,8034,37930
2012/11/08,6440,6475,6440,6465,4626,36278
2012/11/09,6465,6475,6455,6465,4386,34836
2012/11/12,6455,6480,6425,6450,5468,32444
2012/11/13,6465,6480,6430,6470,20272,40056
2012/11/14,6465,6495,6440,6490,26490,39598
2012/11/15,6490,6495,6470,6475,16152,39226
2012/11/16,6465,6475,6380,6415,44862,47530
2012/11/19,6440,6465,6430,6450,21388,43778
2012/11/20,6480,6485,6440,6445,16144,44942
2012/11/21,6440,6440,6400,6430,33268,51990
2012/11/22,6435,6450,6420,6445,14974,50236
2012/11/23,6425,6480,6425,6475,20790,44136
2012/11/26,6485,6500,6460,6475,21198,43456
2012/11/27,6475,6490,6455,6455,12946,44530
2012/11/28,6450,6465,6435,6435,11366,42202
2012/11/29,6440,6470,6435,6455,9642,40972
2012/11/30,6470,6495,6460,6495,17686,41622
2012/12/03,6510,6575,6490,6530,86188,56188
2012/12/04,6520,6520,6475,6500,25450,53992
2012/12/05,6495,6555,6495,6545,32930,62164
2012/12/06,6540,6580,6530,6535,41444,67680
2012/12/07,6525,6545,6515,6540,20556,66330
2012/12/10,6540,6590,6535,6575,55416,77080
2012/12/11,6565,6575,6530,6535,22436,71300
2012/12/12,6530,6555,6525,6550,17168,68918
2012/12/13,6565,6565,6520,6525,16100,66118
2012/12/14,6515,6560,6515,6560,20624,66692
2012/12/17,6565,6615,6550,6590,63870,80514
2012/12/18,6590,6605,6560,6570,31426,79158
2012/12/19,6575,6665,6565,6615,113726,97290
2012/12/20,6625,6625,6580,6585,42180,87610
2012/12/21,6570,6605,6550,6555,40344,78966
2012/12/24,6555,6580,6555,6570,16186,78176
2012/12/25,6575,6620,6565,6590,37564,77948
2012/12/26,6600,6610,6590,6600,22656,77742
2012/12/27,6615,6630,6600,6605,28712,78290
2012/12/28,6595,6615,6595,6605,15814,74648
2012/12/31,6600,6645,6590,6620,30120,76382
2013/01/04,6630,6740,6630,6690,76066,90342
2013/01/07,6695,6755,6695,6705,78732,103424
2013/01/08,6715,6720,6680,6685,34692,103484
2013/01/09,6685,6730,6655,6700,59306,105942
2013/01/10,6710,6745,6675,6705,41620,105648
2013/01/11,6715,6725,6640,6645,38106,96632
2013/01/14,6655,6690,6615,6670,36394,94532
2013/01/15,6670,6685,6630,6635,26042,89436
2013/01/16,6630,6640,6595,6620,34716,83662
2013/01/17,6630,6640,6605,6620,16168,82020
2013/01/18,6635,6690,6630,6680,45142,84762
2013/01/21,6680,6700,6660,6670,22932,85958
2013/01/22,6675,6685,6655,6675,15478,85570
2013/01/23,6685,6690,6655,6680,18292,85730
2013/01/24,6670,6735,6655,6665,75046,89028
2013/01/25,6680,6710,6665,6690,30608,91430
2013/01/28,6690,6715,6680,6710,34608,96064
2013/01/29,6725,6725,6690,6710,28602,95810
2013/01/30,6720,6770,6715,6745,69766,110688
2013/01/31,6755,6760,6725,6735,28626,109398
2013/02/01,6730,6740,6705,6725,27564,106276
2013/02/04,6730,6805,6730,6755,85180,116364
2013/02/05,6750,6755,6725,6730,29580,112122
2013/02/06,6745,6745,6680,6685,38728,100622
2013/02/07,6685,6690,6650,6655,26196,89844
2013/02/08,6650,6665,6620,6640,18656,82158
2013/02/18,6645,6680,6640,6650,18184,77582
2013/02/19,6645,6680,6635,6650,15456,78264
2013/02/20,6660,6685,6640,6665,15890,80520
2013/02/21,6635,6640,6595,6600,30828,69818
2013/02/22,6600,6620,6595,6605,10466,66872
2013/02/25,6620,6620,6565,6575,10382,63190
2013/02/26,6560,6580,6550,6550,8524,60316
2013/02/27,6560,6565,6530,6540,9394,56042
2013/02/28,6550,6575,6545,6570,6070,54544
2013/03/01,6555,6565,6535,6545,4780,53064
2013/03/04,6545,6545,6510,6520,8030,49784
2013/03/05,6520,6545,6520,6545,3552,48142
2013/03/06,6545,6550,6535,6540,3080,46596
2013/03/07,6535,6535,6510,6515,4404,44474
2013/03/08,6535,6540,6515,6515,1842,43986
2013/03/11,6530,6530,6495,6505,3450,43542
2013/03/12,6500,6510,6445,6445,3232,42638
2013/03/13,6475,6475,6430,6430,2004,41688
2013/03/14,6420,6435,6385,6430,4746,39272
2013/03/15,6430,6465,6430,6455,3750,38384
2013/03/18,6435,6445,6410,6440,1854,37662
2013/03/19,6445,6480,6440,6470,2772,36884
2013/03/20,6450,6485,6450,6470,4070,34596
2013/03/21,6485,6485,6470,6470,2112,33486
2013/03/22,6660,6680,6635,6635,15892,38346
2013/03/25,6650,6685,6630,6635,12982,40016
2013/03/26,6640,6640,6595,6620,18162,40208
2013/03/27,6630,6640,6605,6610,8524,41312
2013/03/28,6615,6620,6570,6575,12692,41248
2013/03/29,6560,6610,6550,6605,13920,37964
2013/04/01,6590,6600,6550,6560,10472,40240
2013/04/02,6565,6575,6515,6570,12168,40022
2013/04/03,6560,6600,6560,6590,8956,37524
2013/04/08,6560,6650,6560,6645,17304,39410
2013/04/09,6645,6680,6605,6650,21248,41516
2013/04/10,6660,6700,6645,6665,23994,44496
2013/04/11,6670,6690,6635,6640,17212,45200
2013/04/12,6635,6645,6605,6630,18044,45412
2013/04/15,6595,6600,6515,6525,34968,44374
2013/04/16,6490,6545,6435,6485,31490,50018
2013/04/17,6500,6530,6450,6490,21346,47798
2013/04/18,6420,6500,6410,6490,28308,49154
2013/04/19,6510,6535,6480,6525,19170,46220
2013/04/22,6535,6535,6485,6490,8182,46460
2013/04/23,6495,6500,6455,6475,13042,47000
2013/04/24,6480,6530,6470,6515,10870,46282
2013/04/25,6530,6555,6520,6540,12222,42618
2013/04/26,6555,6580,6515,6515,11230,41238
2013/05/02,6480,6515,6460,6500,11576,43444
2013/05/03,6515,6555,6515,6540,13370,40212
2013/05/06,6590,6615,6565,6595,14256,38736
2013/05/07,6630,6630,6580,6610,12874,39124
2013/05/08,6610,6630,6595,6630,9100,40348
2013/05/09,6635,6635,6595,6595,7620,38950
2013/05/10,6600,6650,6575,6645,11334,38682
2013/05/13,6645,6650,6620,6645,10712,39326
2013/05/14,6635,6650,6615,6630,5238,38332
2013/05/15,6620,6640,6535,6540,13794,37212
2013/05/16,6545,6555,6520,6530,13124,37744
2013/05/17,6540,6590,6530,6575,9170,36472
2013/05/20,6575,6625,6565,6595,7750,36500
2013/05/21,6600,6610,6555,6600,7018,37006
2013/05/22,6585,6635,6585,6625,13146,34812
2013/05/23,6620,6625,6560,6560,11228,34262
2013/05/24,6570,6590,6565,6585,6558,34856
2013/05/27,6570,6575,6550,6555,6580,34434
2013/05/28,6555,6565,6535,6550,7190,34076
2013/05/29,6555,6590,6550,6555,8170,32826
2013/05/30,6535,6590,6530,6585,7876,34608
2013/05/31,6590,6600,6580,6595,4872,33958
2013/06/03,6590,6610,6570,6610,7768,34216
2013/06/04,6610,6630,6600,6605,9924,33178
2013/06/05,6615,6650,6615,6635,10520,33886
2013/06/06,6650,6650,6615,6625,7734,33010
2013/06/07,6625,6645,6615,6640,7656,32448
2013/06/13,6635,6650,6610,6620,6568,31516
2013/06/14,6630,6675,6625,6675,10594,32674
2013/06/17,6695,6695,6660,6680,10724,35700
2013/06/18,6680,6680,6630,6645,6492,33472
2013/06/19,6655,6695,6655,6685,7008,34022
2013/06/20,6670,6675,6630,6645,10802,32150
2013/06/21,6620,6620,6530,6545,18780,28370
2013/06/24,6535,6555,6480,6485,19138,31496
2013/06/25,6495,6555,6490,6550,8988,29706
2013/06/26,6565,6565,6510,6530,7362,28060
2013/06/27,6535,6560,6535,6550,2324,27264
2013/06/28,6550,6565,6525,6535,3490,26756
2013/07/01,6520,6585,6495,6580,10864,24082
2013/07/02,6580,6590,6570,6580,3182,23114
2013/07/03,6590,6660,6590,6610,6910,23288
2013/07/04,6625,6625,6610,6610,1304,22712
2013/07/05,6610,6630,6610,6630,1660,22226
2013/07/08,6630,6640,6590,6590,4264,20658
2013/07/09,6595,6605,6545,6570,5394,20236
2013/07/10,6570,6650,6560,6625,6100,18206
2013/07/11,6635,6680,6610,6660,8442,15660
2013/07/12,6650,6685,6640,6655,3646,16308
2013/07/15,6635,6685,6635,6685,2336,15434
2013/07/16,6690,6695,6665,6685,2450,14646
2013/07/17,6695,6745,6685,6735,4732,14728
2013/07/18,6810,6840,6800,6825,4186,18140
2013/07/19,6850,6875,6800,6805,7492,17698
2013/07/22,6815,6845,6810,6835,5990,18566
2013/07/23,6830,6845,6820,6830,3012,18390
2013/07/24,6835,6845,6805,6830,3476,18744
2013/07/25,6815,6835,6795,6815,2718,19376
2013/07/26,6835,6860,6710,6725,10820,18214
2013/07/29,6735,6735,6650,6650,10490,18074
2013/07/30,6660,6670,6630,6645,6108,19226
2013/07/31,6635,6685,6635,6680,4278,19466
2013/08/01,6695,6775,6695,6765,9662,18634
2013/08/02,6785,6790,6760,6780,5354,18256
2013/08/05,6770,6815,6745,6810,6436,20186
2013/08/06,6800,6805,6765,6785,4724,20700
2013/08/07,6760,6795,6750,6780,4700,21702
2013/08/08,6780,6825,6775,6815,7308,24174
2013/08/09,6815,6825,6780,6805,6988,26044
2013/08/12,6820,6820,6780,6805,3934,26794
2013/08/13,6815,6850,6795,6845,16114,34546
2013/08/14,6855,6860,6755,6755,18262,34746
2013/08/15,6755,6775,6710,6715,17308,33742
2013/08/16,6725,6770,6710,6720,10966,34046
2013/08/19,6720,6755,6710,6715,6142,33960
2013/08/20,6710,6710,6500,6680,20358,30936
2013/08/21,6695,6695,6660,6675,4524,29150
2013/08/22,6660,6680,6650,6655,6374,29404
2013/08/23,6670,6675,6630,6660,6498,27964
2013/08/26,6675,6730,6670,6700,12200,27476
2013/08/27,6705,6710,6680,6700,7802,26274
2013/08/28,6725,6820,6660,6675,68892,24150
2013/08/29,6700,6700,6640,6665,11804,23084
2013/08/30,6650,6690,6615,6640,7456,23784
2013/09/02,6640,6670,6635,6655,4562,24918
2013/09/03,6660,6675,6635,6660,3478,24802
2013/09/04,6660,6665,6630,6650,2940,25318
2013/09/05,6650,6690,6640,6680,5104,25084
2013/09/06,6685,6695,6655,6670,5224,25710
2013/09/09,6680,6690,6660,6660,4342,26862
2013/09/10,6640,6665,6630,6635,5626,27176
2013/09/11,6620,6675,6615,6670,4888,26850
2013/09/12,6665,6665,6640,6645,1896,26694
2013/09/13,6650,6675,6635,6635,5436,25638
2013/09/16,6625,6645,6595,6615,4750,26552
2013/09/17,6610,6630,6605,6615,5920,24910
2013/09/18,6610,6615,6580,6580,4012,24320
2013/09/23,6590,6595,6550,6585,5278,24872
2013/09/24,6580,6595,6550,6555,4268,25654
2013/09/25,6555,6555,6530,6545,3086,25800
2013/09/26,6535,6550,6490,6520,10326,28316
2013/09/27,6515,6535,6510,6520,3632,27822
2013/09/30,6505,6540,6500,6520,4346,25752
2013/10/08,6530,6540,6525,6530,2844,25842
2013/10/09,6535,6545,6530,6535,2572,26174
2013/10/10,6525,6555,6520,6550,3068,25492
2013/10/11,6565,6580,6535,6535,7890,22812
2013/10/14,6535,6560,6530,6560,3424,23560
2013/10/15,6570,6575,6510,6515,3956,23678
2013/10/16,6505,6545,6490,6535,2940,23774
2013/10/17,6545,6560,6515,6515,3530,24276
2013/10/18,6520,6530,6505,6515,3030,25716
2013/10/21,6520,6540,6500,6500,7518,29468
2013/10/22,6495,6510,6410,6425,13546,33064
2013/10/23,6410,6435,6410,6430,3210,32208
2013/10/24,6400,6425,6390,6420,3278,32136
2013/10/25,6425,6470,6375,6405,7948,31104
2013/10/28,6405,6415,6390,6405,1796,30806
2013/10/29,6410,6425,6390,6420,3722,30024
2013/10/30,6410,6425,6395,6395,6792,32306
2013/10/31,6385,6395,6340,6365,6114,32170
2013/11/01,6370,6395,6355,6355,5966,33234
2013/11/04,6355,6375,6340,6370,5130,33166
2013/11/05,6365,6375,6350,6355,3698,33356
2013/11/06,6350,6350,6320,6325,3704,33840
2013/11/07,6330,6335,6315,6335,3246,33982
2013/11/08,6330,6390,6325,6355,9876,31774
2013/11/11,6355,6370,6355,6365,2250,32056
2013/11/12,6365,6370,6350,6350,2660,31674
2013/11/13,6345,6350,6325,6350,2812,30864
2013/11/14,6345,6360,6295,6300,4992,29966
2013/11/15,6305,6350,6300,6325,5218,27944
2013/11/18,6335,6345,6315,6315,3516,27544
2013/11/19,6310,6330,6305,6325,1558,27262
2013/11/20,6335,6355,6320,6355,4478,27406
2013/11/21,6345,6355,6330,6350,2764,27488
2013/11/22,6355,6375,6340,6375,6386,25330
2013/11/25,6360,6390,6355,6370,3130,24464
2013/11/26,6380,6385,6355,6365,2924,23470
2013/11/27,6360,6365,6335,6335,2042,23038
2013/11/28,6335,6340,6320,6325,1794,22688
2013/11/29,6330,6340,6310,6315,2154,21818
2013/12/02,6315,6330,6315,6320,1288,21328
2013/12/03,6330,6330,6310,6320,1048,21158
2013/12/04,6325,6340,6325,6330,2006,20258
2013/12/05,6335,6335,6315,6315,1196,19480
2013/12/06,6515,6530,6510,6525,3598,23384
2013/12/09,6525,6540,6510,6515,3490,23730
2013/12/10,6520,6520,6450,6460,5902,24402
2013/12/11,6460,6475,6435,6445,8112,24636
2013/12/12,6445,6470,6430,6460,7806,23640
2013/12/13,6460,6460,6405,6430,8694,24856
2013/12/16,6430,6450,6425,6435,3484,25082
2013/12/17,6440,6455,6430,6445,3454,25766
2013/12/18,6445,6455,6425,6430,4724,26728
2013/12/19,6430,6435,6340,6340,24280,34566
2013/12/20,6325,6520,6250,6445,61018,33668
2013/12/23,6450,6455,6415,6425,12032,31838
2013/12/24,6420,6420,6395,6415,5508,31020
2013/12/25,6425,6445,6400,6430,4762,31216
2013/12/26,6425,6450,6425,6450,5120,31850
2013/12/27,6455,6460,6430,6455,4772,30890
2013/12/30,6445,6470,6440,6450,3930,30602
2013/12/31,6435,6445,6415,6420,4648,29936
2014/01/02,6410,6425,6355,6380,11698,29960
2014/01/03,6380,6400,6350,6380,6326,29932
2014/01/06,6375,6400,6355,6385,6242,29474
2014/01/07,6390,6390,6325,6330,7848,30634
2014/01/08,6320,6355,6315,6335,4594,30078
2014/01/09,6325,6535,6300,6385,13742,31740
2014/01/10,6380,6390,6350,6380,5660,31832
2014/01/13,6380,6385,6365,6375,2602,31290
2014/01/14,6375,6415,6365,6415,5798,31926
2014/01/15,6420,6420,6385,6395,6034,30944
2014/01/16,6405,6415,6350,6355,5000,31666
2014/01/17,6350,6365,6325,6335,8058,31454
2014/01/20,6340,6385,6335,6375,5542,30302
2014/01/21,6375,6380,6355,6360,3600,30800
2014/01/22,6360,6365,6305,6325,6868,31360
2014/01/23,6330,6350,6325,6345,3220,31398
2014/01/24,6340,6380,6340,6345,3982,30482
2014/01/27,6350,6350,6330,6340,1330,30368
2014/01/28,6335,6345,6320,6325,2560,30096
2014/01/29,6330,6355,6325,6350,2138,29322
2014/01/30,6340,6350,6220,6220,11808,33052
2014/02/07,6230,6250,6165,6230,25836,39546
2014/02/10,6240,6270,6205,6260,13592,39048
2014/02/11,6265,6265,6225,6225,4176,39758
2014/02/12,6225,6260,6225,6255,4684,38908
2014/02/13,6255,6260,6220,6230,5392,40574
2014/02/14,6240,6245,6215,6215,4008,41124
2014/02/17,6215,6255,6210,6250,7826,40300
2014/02/18,6255,6255,6230,6230,4816,40484
2014/02/19,6245,6255,6225,6235,2914,40948
2014/02/20,6235,6245,6220,6220,5330,42336
2014/02/21,6220,6230,6180,6210,12930,44538
2014/02/24,6215,6215,6155,6175,8800,45310
2014/02/25,6180,6195,6170,6185,4742,45568
2014/02/26,6180,6185,6160,6165,4240,45176
2014/02/27,6165,6190,6135,6180,7686,45212
2014/02/28,6175,6180,6145,6145,3910,46002
2014/03/03,6140,6160,6105,6125,6628,46680
2014/03/04,6120,6130,6065,6070,10348,48114
2014/03/05,6085,6085,6020,6055,13462,48498
2014/03/06,6045,6050,5995,6015,8236,48708
2014/03/07,6015,6030,5915,5930,14268,49424
2014/03/10,5900,5915,5810,5845,20384,45642
2014/03/11,5895,5975,5840,5895,14656,43616
2014/03/12,5875,5935,5835,5930,8562,41212
2014/03/13,5925,5945,5900,5920,3208,40682
2014/03/14,5920,5940,5870,5885,6350,40462
2014/03/17,5890,5900,5845,5880,3760,39798
2014/03/18,5885,5910,5870,5880,5162,37840
2014/03/19,5890,5895,5725,5790,25386,39238
2014/03/20,5830,5845,5810,5825,8110,36718
2014/03/21,5830,5865,5815,5850,4672,34730
2014/03/24,5855,5980,5855,5955,13936,29242
2014/03/25,5940,6025,5925,5990,8910,26002
2014/03/26,6000,6080,5985,6065,8790,22572
2014/03/27,6075,6075,6035,6045,3364,21628
2014/03/28,6035,6055,6000,6015,4408,18986
2014/03/31,6135,6140,6110,6115,6326,22416
2014/04/01,6115,6170,6100,6165,6780,22432
2014/04/02,6150,6195,6105,6110,7034,23912
2014/04/03,6105,6130,6080,6110,6208,24582
2014/04/04,6125,6165,6115,6140,6524,25782
2014/04/08,6120,6190,6120,6185,7002,26878
2014/04/09,6170,6240,6170,6225,15834,28228
2014/04/10,6225,6235,6185,6200,9458,28320
2014/04/11,6200,6290,6200,6255,15812,29640
2014/04/14,6265,6275,6235,6265,7286,29970
2014/04/15,6265,6310,6260,6280,9210,31190
2014/04/16,6270,6290,6230,6255,10152,30078
2014/04/17,6265,6285,6250,6255,7112,30562
2014/04/18,6250,6255,6140,6155,17680,30128
2014/04/21,6150,6165,6115,6135,9550,30378
2014/04/22,6125,6165,6110,6140,9304,30256
2014/04/23,6130,6150,6115,6140,5802,30314
2014/04/24,6130,6175,6130,6165,5378,29302
2014/04/25,6165,6175,6145,6145,3906,28636
2014/04/28,6140,6145,6070,6090,12576,31768
2014/04/29,6080,6110,6055,6075,11570,32596
2014/04/30,6070,6110,6065,6100,7658,30694
2014/05/05,6085,6245,6070,6120,12170,30234
2014/05/06,6120,6135,6070,6090,7118,31698
2014/05/07,6080,6110,6070,6095,6304,31814
2014/05/08,6095,6115,6055,6065,5436,33274
2014/05/09,6050,6080,6015,6065,8068,32304
2014/05/12,6075,6090,6060,6080,5496,32832
2014/05/13,6060,6110,6060,6095,6114,31884
2014/05/14,6105,6160,6100,6125,7422,31128
2014/05/15,6135,6135,6100,6105,4034,30212
2014/05/16,6100,6100,6070,6080,3912,29830
2014/05/19,6080,6125,6050,6060,9334,30832
2014/05/20,6060,6075,6040,6040,5660,32366
2014/05/21,6030,6085,6030,6070,7486,30932
2014/05/22,6080,6110,6075,6110,6882,31288
2014/05/23,6110,6150,6105,6120,7856,30388
2014/05/26,6125,6125,6075,6075,10016,28504
2014/05/27,6070,6140,6055,6110,10926,27838
2014/05/28,6120,6165,6090,6160,16606,27498
2014/05/29,6150,6165,6125,6135,12744,28552
2014/05/30,6135,6140,6100,6125,9138,27708
2014/06/03,6115,6125,6080,6080,6854,26388
2014/06/04,6075,6115,6075,6085,4046,25706
2014/06/05,6070,6105,6050,6090,8958,25416
2014/06/06,6100,6100,6030,6040,8160,28910
2014/06/09,6040,6040,5985,5995,19550,34780
2014/06/10,6005,6030,5985,6025,7738,33466
2014/06/11,6030,6035,6000,6000,9658,35442
2014/06/12,5990,6020,5985,6010,5996,36024
2014/06/13,6015,6155,6005,6090,25354,29826
2014/06/16,6100,6135,6085,6100,14344,28170
2014/06/17,6100,6130,6050,6065,18798,30210
2014/06/18,6070,6085,6035,6055,6602,30256
2014/06/19,6055,6075,6040,6060,5880,29706
2014/06/20,6065,6110,6055,6095,7340,28698
2014/06/23,6110,6140,6085,6100,12536,26162
2014/06/24,6100,6150,6080,6085,17576,28060
2014/06/25,6100,6120,6070,6115,8384,27614
2014/06/26,6120,6130,6100,6120,7918,29370
2014/06/27,6130,6130,6090,6100,6838,28636
2014/06/30,6095,6105,6080,6090,5226,27928
2014/07/01,6100,6110,6075,6080,5110,26162
2014/07/02,6075,6080,6045,6070,6772,24546
2014/07/03,6070,6080,6050,6055,3070,24902
2014/07/04,6045,6070,6035,6055,2764,25546
2014/07/07,6055,6090,6050,6070,6662,23730
2014/07/08,6075,6080,6055,6080,2982,23438
2014/07/09,6080,6085,6050,6050,4482,23144
2014/07/10,6045,6075,6040,6050,4694,22714
2014/07/11,6050,6075,6045,6070,2388,22164
2014/07/14,6070,6100,6060,6090,3760,21758
2014/07/15,6100,6105,6050,6050,5012,22072
2014/07/16,6050,6060,6030,6035,7580,22638
2014/07/17,6045,6045,6000,6000,6960,24326
2014/07/18,6015,6030,5970,6005,4416,23720
2014/07/21,5985,6030,5985,6025,2080,23268
2014/07/22,6025,6060,6015,6050,3962,21416
2014/07/23,6050,6050,6000,6005,2742,21828
2014/07/24,6010,6030,6000,6020,1166,21534
2014/07/25,6015,6040,6000,6040,3332,20748
2014/07/28,6050,6055,6020,6045,1792,19734
2014/07/29,6045,6085,6035,6065,5940,17298
2014/07/30,6065,6080,6050,6075,2848,17198
2014/07/31,6060,6080,6055,6065,1012,16572
2014/08/01,6055,6075,6055,6065,768,16182
2014/08/04,6070,6075,6060,6075,1986,14842
2014/08/05,6080,6100,6060,6090,3770,12272
2014/08/06,6035,6035,5995,6005,3094,18712
2014/08/07,6000,6015,5970,5980,2450,19184
2014/08/08,5990,5995,5940,5965,3374,19944
2014/08/11,5970,5980,5955,5965,1594,20360
2014/08/12,5965,5970,5945,5950,2672,21122
2014/08/13,5930,5960,5925,5950,1566,21444
2014/08/14,5955,5955,5890,5895,9516,22344
2014/08/15,5900,5930,5880,5910,2266,22594
2014/08/18,5910,5920,5900,5910,2292,22826
2014/08/19,5900,5930,5900,5925,1668,22376
2014/08/20,5925,5935,5900,5905,1594,22652
2014/08/21,5920,5950,5910,5935,2078,22244
2014/08/22,5935,5940,5905,5930,972,22276
2014/08/25,5925,5940,5905,5930,1360,22014
2014/08/26,5925,5935,5925,5930,636,22136
2014/08/27,5935,5950,5930,5940,614,22070
2014/08/28,5940,5940,5925,5925,1238,22348
2014/08/29,5915,5975,5900,5960,6358,21776
2014/09/01,5975,5990,5955,5980,4926,20570
2014/09/02,5990,6045,5975,6040,8976,19424
2014/09/03,6030,6100,6025,6050,8938,20382
2014/09/04,6055,6075,6040,6045,5364,20034
2014/09/05,6015,6040,5990,6025,4734,20390
2014/09/09,6035,6035,5990,6010,3070,20812
2014/09/10,6000,6030,5940,5950,8534,21314
2014/09/11,5935,5960,5930,5935,4230,21322
2014/09/12,5935,5940,5905,5940,5496,22006
2014/09/15,5935,5975,5920,5950,7184,22714
2014/09/16,5955,5960,5845,5875,17194,26414
2014/09/17,5890,5895,5875,5885,3934,26648
2014/09/18,5890,5890,5845,5875,8474,28126
2014/09/19,5865,5880,5820,5830,7644,29820
2014/09/22,5815,5820,5660,5725,11574,30154
2014/09/23,5725,5780,5720,5770,6656,28860
2014/09/24,5765,5820,5710,5770,5850,29086
2014/09/25,5775,5790,5725,5785,4046,28658
2014/09/26,5775,5835,5770,5835,5776,26970
2014/09/29,5845,5870,5800,5850,5568,24744
2014/09/30,5850,5850,5775,5775,2612,23834
2014/10/08,5740,5765,5685,5705,11536,27738
2014/10/09,5730,5750,5710,5725,6394,28080
2014/10/10,5690,5700,5600,5640,19814,32800
2014/10/13,5645,5720,5605,5685,8206,30898
2014/10/14,5680,5735,5680,5725,8578,28976
2014/10/15,5695,5720,5665,5695,6658,29648
2014/10/16,5670,5690,5640,5665,6518,29988
2014/10/17,5690,5795,5685,5780,22078,26638
2014/10/20,5770,5830,5680,5740,22584,33386
2014/10/21,5760,5760,5590,5605,35986,49566
2014/10/22,5625,5630,5505,5540,36382,66602
2014/10/23,5510,5705,5350,5695,292966,111576
2014/10/24,5695,5695,5630,5695,117378,84662
2014/10/27,5700,5800,5695,5735,93954,51052
2014/10/28,5725,5760,5705,5740,28800,43274
2014/10/29,5750,5795,5735,5795,21842,33196
2014/10/30,5805,5850,5740,5770,20478,29060
2014/10/31,5785,5785,5685,5735,17416,27796
2014/11/03,5765,5765,5705,5725,8418,27908
2014/11/04,5695,5745,5655,5730,10584,27076
2014/11/05,5710,5735,5660,5720,15338,26994
2014/11/06,5545,5570,5540,5560,2650,29536
2014/11/07,5545,5580,5525,5575,1588,30116
2014/11/10,5580,5615,5535,5610,4604,29202
2014/11/11,5595,5605,5570,5580,2354,30048
2014/11/12,5570,5600,5570,5590,1716,30178
2014/11/13,5575,5620,5575,5615,4412,30768
2014/11/14,5575,5635,5575,5610,5744,31518
2014/11/17,5635,5640,5610,5615,4330,32028
2014/11/18,5620,5620,5550,5580,5034,32524
2014/11/19,5565,5630,5565,5585,4922,32298
2014/11/20,5595,5605,5570,5580,3284,33206
2014/11/21,5585,5590,5535,5555,5812,35268
2014/11/24,5575,5605,5555,5590,6388,34836
2014/11/25,5575,5590,5540,5565,7800,36944
2014/11/26,5560,5580,5555,5575,3232,36554
2014/11/27,5560,5590,5560,5580,4878,36240
2014/11/28,5535,5565,5505,5545,10546,36810
2014/12/01,5500,5500,5390,5410,22536,42148
2014/12/02,5485,5620,5480,5520,17350,38160
2014/12/03,5485,5535,5480,5495,7618,37934
2014/12/04,5490,5530,5480,5530,4164,37512
2014/12/05,5525,5555,5510,5550,3776,36542
2014/12/08,5540,5550,5500,5500,5020,36722
2014/12/09,5475,5475,5385,5430,17772,38420
2014/12/10,5450,5495,5430,5445,5426,37198
2014/12/11,5415,5445,5405,5445,4652,38252
2014/12/12,5405,5460,5405,5445,3434,38036
2014/12/15,5470,5480,5420,5470,6178,37560
2014/12/16,5450,5465,5420,5465,3826,37618
2014/12/17,5445,5475,5425,5450,8458,37330
2014/12/18,5460,5480,5440,5455,5282,37406
2014/12/19,5435,5455,5270,5335,30894,45348
2014/12/22,5340,5400,5335,5360,13022,45122
2014/12/23,5320,5375,5290,5315,11256,45472
2014/12/24,5335,5365,5320,5345,7084,44836
2014/12/25,5350,5365,5305,5315,6402,46040
2014/12/26,5315,5350,5310,5335,5692,46004
2014/12/29,5330,5395,5330,5395,5460,44410
2014/12/30,5415,5565,5395,5485,21968,37494
2014/12/31,5500,5500,5410,5445,7690,35622
2015/01/05,5445,5445,5370,5385,6052,35990
2015/01/06,5350,5405,5345,5400,5172,35902
2015/01/07,5380,5395,5330,5335,7238,36110
2015/01/08,5350,5375,5310,5320,5770,37626
2015/01/09,5305,5325,5160,5185,23146,43228
2015/01/12,5170,5200,5125,5135,9862,45420
2015/01/13,5110,5120,5030,5070,17830,47594
2015/01/14,5090,5120,5025,5050,21798,50306
2015/01/15,5100,5110,5030,5035,20474,53924
2015/01/16,4995,5070,4915,5020,30766,52160
2015/01/19,5065,5090,5005,5020,10288,50848
2015/01/20,5005,5045,4955,4955,12426,52148
2015/01/21,4935,5010,4925,4955,16664,51558
2015/01/22,4980,5005,4970,4980,8730,51892
2015/01/23,4975,5020,4955,5010,11166,51026
2015/01/26,4990,5000,4930,4940,13804,53488
2015/01/27,4920,4955,4915,4940,5614,53806
2015/01/28,4940,4965,4935,4945,7354,52686
2015/01/29,4935,4975,4925,4970,6760,52056
2015/01/30,4980,4980,4925,4940,5788,50840
2015/02/02,4975,5065,4970,5000,12886,46522
2015/02/03,5020,5145,5000,5140,18808,43188
2015/02/04,5170,5245,5110,5125,18022,40384
2015/02/05,5080,5135,5075,5110,6084,40094
2015/02/06,5155,5185,5120,5175,10166,36712
2015/02/09,5190,5195,5145,5150,2650,37044
2015/02/10,5150,5170,5115,5130,3440,36738
2015/02/11,5105,5170,5100,5165,2996,36160
2015/02/12,5165,5175,5140,5175,2566,35706
2015/02/13,5205,5250,5185,5235,8694,33588
2015/02/16,5225,5280,5215,5245,3970,32898
2015/02/17,5240,5255,5195,5230,4170,32110
2015/02/25,5150,5195,5125,5155,2236,31778
2015/02/26,5185,5215,5165,5205,5306,32194
2015/02/27,5195,5205,5150,5200,5926,30866
2015/03/02,5220,5345,5210,5330,11314,29806
2015/03/03,5345,5370,5295,5360,8628,28950
2015/03/04,5360,5385,5315,5360,6162,28576
2015/03/05,5350,5370,5280,5345,12736,29728
2015/03/06,5345,5350,5315,5325,5588,30346
2015/03/09,5280,5320,5250,5300,9418,30890
2015/03/10,5300,5335,5265,5285,5014,31488
2015/03/11,5270,5305,5190,5205,10514,31176
2015/03/12,5205,5250,5200,5235,6012,30770
2015/03/13,5215,5265,5215,5250,4660,29822
2015/03/16,5220,5265,5200,5260,6618,29066
2015/03/17,5260,5310,5255,5310,6936,27018
2015/03/18,5305,5350,5295,5335,10208,24474
2015/03/19,5360,5380,5345,5375,9282,21616
2015/03/20,5375,5520,5375,5465,15324,21162
2015/03/23,5500,5630,5475,5605,14776,21964
2015/03/24,5645,5645,5555,5580,9126,21358
2015/03/25,5570,5580,5525,5555,4532,21024
2015/03/26,5590,5675,5580,5645,12828,20654
2015/03/27,5625,5645,5525,5560,10152,17968
2015/03/30,5585,5680,5550,5675,8310,21284
2015/03/31,5685,5790,5670,5755,18664,24056
2015/04/01,5740,5775,5700,5760,14058,23816
2015/04/02,5840,5840,5775,5810,9674,24392
2015/04/03,5805,5805,5605,5715,22372,24864
2015/04/07,5765,5885,5735,5855,17274,24766
2015/04/08,5895,5905,5800,5800,18794,27100
2015/04/09,5775,5790,5680,5700,20420,27888
2015/04/10,5700,5710,5635,5700,18426,28364
2015/04/13,5710,5745,5615,5635,16766,29366
2015/04/14,5650,5655,5520,5560,25376,30892
2015/04/15,5580,5600,5535,5565,10360,32292
2015/04/16,5615,5730,5600,5670,22724,28226
2015/04/17,5650,5685,5600,5625,15268,30738
2015/04/20,5650,5680,5600,5620,12856,33680
2015/04/21,5620,5625,5560,5605,17246,34602
2015/04/22,5590,5640,5580,5605,15530,35218
2015/04/23,5625,5630,5530,5570,17252,36708
2015/04/24,5605,5685,5605,5655,19962,35432
2015/04/27,5680,5790,5670,5770,24238,35666
2015/04/28,5780,5810,5750,5795,15204,33468
2015/04/29,5815,5845,5715,5765,26724,31906
2015/04/30,5840,5840,5770,5825,12696,31524
2015/05/04,5905,5905,5830,5875,17856,32408
2015/05/05,5865,5895,5830,5840,13840,32878
2015/05/06,5900,5935,5875,5885,22532,30996
2015/05/07,5850,5865,5780,5830,13052,29546
2015/05/08,5800,5815,5735,5740,12766,28098
2015/05/11,5770,5795,5745,5770,9060,28996
2015/05/12,5770,5845,5750,5840,15504,29110
2015/05/13,5870,5905,5820,5860,13210,29062
2015/05/14,5825,5830,5760,5810,12008,29676
2015/05/15,5810,5870,5790,5860,9700,29138
2015/05/18,5835,5910,5835,5900,13320,30630
2015/05/19,5885,5920,5800,5825,20148,30032
2015/05/20,5750,5790,5685,5730,34764,33554
2015/05/21,5735,5815,5715,5790,20310,32272
2015/05/22,5820,5850,5770,5795,16260,30742
2015/05/25,5775,5780,5720,5725,14748,30862
2015/05/26,5760,5770,5655,5670,22128,32728
2015/05/27,5665,5685,5635,5655,16446,33538
2015/05/28,5670,5680,5600,5625,14344,35522
2015/05/29,5645,5665,5625,5655,9320,33888
2015/06/01,5690,5720,5670,5690,9242,32826
2015/06/02,5690,5735,5670,5720,6258,31886
2015/06/03,5730,5755,5680,5680,7412,32450
2015/06/04,5655,5695,5645,5690,7304,32374
2015/06/05,5670,5685,5565,5585,10558,35220
2015/06/08,5590,5595,5550,5555,10878,37936
2015/06/09,5540,5595,5535,5580,6172,37166
2015/06/10,5605,5610,5575,5595,9178,36808
2015/06/11,5590,5620,5585,5595,7762,36844
2015/06/12,5595,5595,5540,5550,10516,37328
2015/06/15,5555,5565,5485,5515,14898,40344
2015/06/16,5530,5580,5510,5515,13078,38072
2015/06/17,5530,5530,5465,5480,11642,40070
2015/06/18,5475,5525,5455,5515,6562,39162
2015/06/19,5520,5525,5490,5505,5342,39496
2015/06/23,5490,5535,5490,5530,7312,38728
2015/06/24,5540,5540,5515,5525,3936,37974
2015/06/25,5505,5525,5500,5515,3922,38624
2015/06/26,5520,5520,5495,5515,9462,38610
2015/06/29,5510,5545,5510,5510,8900,36252
2015/06/30,5490,5560,5480,5560,14908,34354
2015/07/01,5580,5645,5575,5645,19204,29838
2015/07/02,5625,5660,5605,5640,8680,28700
2015/07/03,5630,5640,5610,5635,8898,28590
2015/07/06,5600,5620,5425,5475,20520,28966
2015/07/07,5455,5465,5305,5305,17822,33342
2015/07/08,5150,5215,5060,5060,15340,32288
2015/07/09,5160,5325,5135,5305,18056,30008
2015/07/10,5320,5400,5260,5305,14396,30480
2015/07/13,5290,5320,5270,5275,4896,30426
2015/07/14,5315,5340,5290,5305,4278,29802
2015/07/15,5335,5360,5285,5300,3402,29894
2015/07/16,5280,5350,5245,5340,8838,28012
2015/07/17,5330,5340,5275,5320,3838,27314
2015/07/20,5335,5335,5300,5300,1954,26650
2015/07/21,5295,5320,5190,5310,8610,25906
2015/07/22,5315,5330,5285,5310,4632,25446
2015/07/23,5315,5325,5290,5305,3894,25238
2015/07/24,5265,5300,5260,5260,4510,24166
2015/07/27,5255,5275,5115,5180,18658,25836
2015/07/28,5145,5260,5130,5220,5872,25438
2015/07/29,5225,5400,5225,5275,6336,24496
2015/07/30,5290,5335,5260,5260,3490,23710
2015/07/31,5220,5310,5220,5300,2776,23182
2015/08/03,5250,5330,5230,5265,7500,22980
2015/08/04,5150,5315,5150,5285,6604,21616
2015/08/05,5290,5320,5260,5290,3030,21306
2015/08/06,5275,5325,5275,5315,3982,20334
2015/08/07,5300,5330,5280,5330,4296,18824
2015/08/10,5310,5330,5290,5300,3346,18246
2015/08/11,5325,5420,5325,5380,10824,15382
2015/08/12,5350,5385,5330,5380,2774,14066
2015/08/13,5215,5245,5140,5240,5976,16840
2015/08/14,5220,5265,5210,5250,6262,16702
2015/08/17,5260,5260,5170,5170,5506,16718
2015/08/18,5150,5195,5150,5160,4558,16988
2015/08/19,5165,5200,5140,5170,4150,16918
2015/08/20,5090,5155,5085,5145,3408,17320
2015/08/21,5140,5165,5100,5105,4088,16932
2015/08/24,5070,5080,4930,4990,13702,20002
2015/08/25,4980,5050,4945,4985,8156,20096
2015/08/26,5035,5035,4990,4995,4328,20664
2015/08/27,5000,5095,4990,5090,8780,21356
2015/08/28,5230,5230,5115,5115,16092,20300
2015/08/31,5130,5130,5065,5075,5992,19804
2015/09/01,5125,5125,5060,5090,5460,19792
2015/09/02,5060,5070,5025,5045,3590,19462
2015/09/07,5015,5090,5000,5030,5892,20654
2015/09/08,5025,5055,5005,5045,5402,20556
2015/09/09,5055,5105,5035,5040,6606,20870
2015/09/10,5025,5050,5020,5040,5558,20406
2015/09/11,5050,5070,5030,5040,4690,20602
2015/09/14,5030,5055,5025,5030,2718,20486
2015/09/15,5030,5040,4945,4965,10706,22622
2015/09/16,4980,4995,4950,4980,8790,22250
2015/09/17,5025,5025,4955,4960,4964,22978
2015/09/18,4960,4980,4940,4965,5878,22592
2015/09/21,4910,4945,4890,4930,11046,23992
2015/09/22,4940,4950,4900,4905,6526,24686
2015/09/23,4900,4920,4865,4910,6684,24742
2015/09/24,4935,4935,4900,4925,4608,23698
2015/09/25,4930,4935,4895,4895,3482,23336
2015/09/28,4890,4930,4875,4925,7206,22558
2015/09/29,4905,4920,4885,4890,4226,21908
2015/09/30,4895,4910,4875,4895,2282,21542
2015/10/08,4955,4955,4875,4905,6224,20868
2015/10/09,4945,5030,4910,4990,10684,20860
2015/10/12,4975,5000,4960,4980,5804,22072
2015/10/13,4935,4960,4935,4945,3696,21256
2015/10/14,4935,4945,4910,4920,4706,21360
2015/10/15,4915,4945,4915,4930,4572,21704
2015/10/16,4915,4930,4905,4910,2876,21528
2015/10/19,4920,4920,4890,4900,5358,20044
2015/10/20,4840,4865,4830,4860,1572,23864
2015/10/21,4855,4855,4795,4805,4806,25676
2015/10/22,4815,4815,4795,4810,2884,26564
2015/10/23,4800,4805,4770,4795,3422,27146
2015/10/26,4780,4820,4775,4780,5064,28114
2015/10/27,4755,4780,4755,4770,4292,29112
2015/10/28,4765,4780,4705,4725,7346,31764
2015/10/29,4745,4775,4700,4720,5070,33778
2015/10/30,4710,4715,4655,4675,6632,36528
2015/11/02,4660,4700,4635,4640,7014,39480
2015/11/03,4640,4640,4580,4590,9800,41958
2015/11/04,4620,4625,4550,4565,11462,46196
2015/11/05,4540,4595,4540,4565,10392,45404
2015/11/06,4545,4615,4545,4605,7904,44728
2015/11/09,4610,4620,4560,4570,8484,46052
2015/11/10,4555,4595,4545,4590,5900,44342
2015/11/11,4590,4620,4575,4610,8228,43560
2015/11/12,4600,4650,4595,4620,7438,42562
2015/11/13,4610,4615,4550,4565,6880,43894
2015/11/16,4550,4585,4510,4550,10972,44328
2015/11/17,4570,4600,4540,4600,10440,43458
2015/11/18,4580,4600,4520,4555,12506,45906
2015/11/19,4550,4560,4470,4480,14340,48550
2015/11/20,4495,4545,4435,4450,25172,47686
2015/11/23,4435,4485,4405,4445,19548,48662
2015/11/24,4465,4615,4450,4615,25118,43660
2015/11/25,4635,4690,4565,4595,18938,42624
2015/11/26,4595,4690,4580,4620,21396,44044
2015/11/27,4605,4630,4510,4555,21954,44848
2015/11/30,4570,4570,4510,4520,9136,45718
2015/12/01,4520,4575,4490,4530,14546,46156
2015/12/02,4545,4605,4540,4565,15794,46366
2015/12/03,4525,4550,4500,4550,13858,46916
2015/12/04,4580,4580,4505,4510,12454,47730
2015/12/07,4490,4530,4470,4530,10756,49696
2015/12/08,4480,4505,4450,4480,16578,51108
2015/12/09,4480,4540,4480,4530,9478,49702
2015/12/10,4535,4560,4510,4550,11454,48280
2015/12/11,4550,4590,4530,4585,10088,47402
2015/12/14,4555,4580,4550,4575,7558,48006
2015/12/15,4595,4595,4545,4565,7176,48046
2015/12/16,4550,4585,4550,4575,5468,47740
2015/12/17,4570,4605,4560,4580,9544,47860
2015/12/18,4585,4635,4575,4625,7976,49448
2015/12/21,4625,4745,4620,4740,20606,50948
2015/12/22,4740,4800,4725,4795,18532,50970
2015/12/23,4780,4815,4700,4765,21184,48920
2015/12/24,4780,4895,4765,4885,38914,48662
2015/12/25,4880,4885,4825,4845,19284,48420
2015/12/28,4870,4870,4760,4760,23892,50070
2015/12/29,4750,4880,4720,4870,27466,47870
2015/12/30,4890,4920,4835,4850,17308,47840
2015/12/31,4840,4875,4815,4850,16202,47470
2016/01/04,4850,4870,4810,4820,10108,46908
2016/01/05,4820,4845,4775,4810,20086,48822
2016/01/06,4800,4820,4760,4785,15482,47992
2016/01/07,4775,4775,4675,4695,29602,43390
2016/01/08,4685,4725,4655,4660,17748,44418
2016/01/11,4660,4665,4585,4595,23592,50930
2016/01/12,4580,4615,4570,4590,14594,50144
2016/01/13,4590,4635,4585,4625,13924,49104
2016/01/14,4615,4655,4595,4650,11578,48238
2016/01/15,4655,4690,4610,4615,11572,47866
2016/01/18,4590,4665,4590,4655,19020,51116
2016/01/19,4655,4750,4645,4740,23374,52038
2016/01/20,4725,4755,4685,4715,17050,53732
2016/01/21,4710,4740,4655,4700,15698,58352
2016/01/22,4750,4780,4730,4775,15912,57516
2016/01/25,4830,4845,4790,4830,16754,61550
2016/01/26,4805,4820,4755,4785,21428,60738
2016/01/27,4805,4830,4790,4815,10692,60606
2016/01/28,4820,4830,4785,4815,15484,61876
2016/01/29,4825,4880,4795,4865,20324,62572
2016/02/01,4855,4890,4855,4860,10216,64488
2016/02/02,4845,4890,4825,4870,11238,65082
2016/02/03,4855,4910,4850,4880,8122,65296
2016/02/04,4905,4960,4890,4935,16304,63464
2016/02/05,4925,4960,4900,4915,6346,62788
